system_id,record_type,relative_path,exists,size_bytes,sha256,checksum_status
G12_7T6B,viz_structure,data/viz/G12_7T6B/structure.pdb,yes,1402920,,pending_binary_or_large_file
G12_7T6B,viz_trajectory,data/viz/G12_7T6B/traj.xtc,yes,164395204,,pending_binary_or_large_file
G12_7T6B,api_index,data/api/v1/systems/G12_7T6B/index.json,yes,1410,00313f3058b1278226c3c1f248af26a7d38f457198b77093ad12941b72f08806,computed
G12_7T6B,api_pockets,data/api/v1/systems/G12_7T6B/pockets.json,yes,5889,07b6fa0ad30eb373bb454bbe0187facaf3924d80d59e295a251bea73b83308c4,computed
G12_7T6B,api_pockets_gpcrdb,data/api/v1/systems/G12_7T6B/pockets_gpcrdb.json,yes,9581,92d2d765c212035596f2620868560f3d732590d71df8fd74bbc99ec38bf0ed84,computed
G12_7T6B,api_gateways,data/api/v1/systems/G12_7T6B/gateways.json,yes,8188,84c5b1b29804e46383ae918b7c0c5116264b44405522f41061d8f5f8afaeac67,computed
G12_7T6B,api_gprotein,data/api/v1/systems/G12_7T6B/gprotein_metrics.json,yes,185573,96a0f6382a27574856c7ee46459a82c3575037d9fe39f2121ee4d9a395f233f8,computed
G12_7T6B,api_pocketgrid,data/api/v1/systems/G12_7T6B/pocketgrid.npz,yes,7199230,,pending_binary_or_large_file
G12_7T6B,chain_roles,data/chain_roles/G12_7T6B_chain_roles.json,yes,383,fbb8a78867bac83a77f89877c22e994ae738861fcdafa0215cb909ee54bb33ef,computed
G12_7T6B,contacts,data/contacts/G12_7T6B_contacts.parquet,yes,49347,,pending_binary_or_large_file
G12_8IKL,viz_structure,data/viz/G12_8IKL/structure.pdb,yes,1135458,,pending_binary_or_large_file
G12_8IKL,viz_trajectory,data/viz/G12_8IKL/traj.xtc,yes,133306780,,pending_binary_or_large_file
G12_8IKL,api_index,data/api/v1/systems/G12_8IKL/index.json,yes,1350,df7284020818512ba128625c69ec426a86ce36a73ea4ff08db8bd1a8d9caa182,computed
G12_8IKL,api_pockets,data/api/v1/systems/G12_8IKL/pockets.json,yes,6688,0b1d0a118d54d8e070d4d70143088c77725252088a6bea3b3fc62e41f81b1e31,computed
G12_8IKL,api_pockets_gpcrdb,data/api/v1/systems/G12_8IKL/pockets_gpcrdb.json,yes,10628,60b057485e3c9e1d241cdcc48bbb0a609f5f1532340a68e1db24c999dd827ec2,computed
G12_8IKL,api_gateways,data/api/v1/systems/G12_8IKL/gateways.json,yes,8161,3dae5f0f7ce937211d374a37d0768486812a5d531ae510afc7ad1779f1c5ac0e,computed
G12_8IKL,api_gprotein,data/api/v1/systems/G12_8IKL/gprotein_metrics.json,yes,110945,8467c094875409d44cd363a9b35534ac82a75772838a5f41e7ebf8833ad5d477,computed
G12_8IKL,api_pocketgrid,data/api/v1/systems/G12_8IKL/pocketgrid.npz,yes,5981982,,pending_binary_or_large_file
G12_8IKL,chain_roles,data/chain_roles/G12_8IKL_chain_roles.json,yes,382,883c3cb60004cd39513b55af3f0df55b554b5fbd9526e5fdc29afe5494918499,computed
G12_8IKL,contacts,data/contacts/G12_8IKL_contacts.parquet,yes,39977,,pending_binary_or_large_file
G12_8KGG,viz_structure,data/viz/G12_8KGG/structure.pdb,yes,1177497,,pending_binary_or_large_file
G12_8KGG,viz_trajectory,data/viz/G12_8KGG/traj.xtc,yes,138139912,,pending_binary_or_large_file
G12_8KGG,api_index,data/api/v1/systems/G12_8KGG/index.json,yes,1472,c932f17be0082803d7ffafc3de13abf6a86143c25dd1d893ddc1b6be1a12a83f,computed
G12_8KGG,api_pockets,data/api/v1/systems/G12_8KGG/pockets.json,yes,7092,f9fa4397a50afaa202a2df2304c40b96db5bf7d8c602a6d5d78a13d90cba6c9e,computed
G12_8KGG,api_pockets_gpcrdb,data/api/v1/systems/G12_8KGG/pockets_gpcrdb.json,yes,11739,7697aac244b2a8f585cdaf1d9ea706de05817abab08f1aa07c911c21e133e22e,computed
G12_8KGG,api_gateways,data/api/v1/systems/G12_8KGG/gateways.json,yes,8197,8becc75d678439ad75f255f224233a91fac84c3af7b57885e009fe0cfa11401e,computed
G12_8KGG,api_gprotein,data/api/v1/systems/G12_8KGG/gprotein_metrics.json,yes,110995,5f88a10e6da602851828a3160d193a73bae3769db73a830184631e2e5ba13304,computed
G12_8KGG,api_pocketgrid,data/api/v1/systems/G12_8KGG/pocketgrid.npz,yes,6132350,,pending_binary_or_large_file
G12_8KGG,chain_roles,data/chain_roles/G12_8KGG_chain_roles.json,yes,382,0081854ff55101929932269e59101147530166460fc6a2bf2350715a7798c749,computed
G12_8KGG,contacts,data/contacts/G12_8KGG_contacts.parquet,yes,41297,,pending_binary_or_large_file
G12_9IY8,viz_structure,data/viz/G12_9IY8/structure.pdb,yes,1407780,,pending_binary_or_large_file
G12_9IY8,viz_trajectory,data/viz/G12_9IY8/traj.xtc,yes,164949224,,pending_binary_or_large_file
G12_9IY8,api_index,data/api/v1/systems/G12_9IY8/index.json,yes,1341,e06cb559fc6fd21e7fbeb5f54e3edfbdc884c70ec64bc194d209e1b33f08ee79,computed
G12_9IY8,api_pockets,data/api/v1/systems/G12_9IY8/pockets.json,yes,6168,83c66568fbe79ca6c6383a3c2ceb8a27b0e2e5f8438cd9a1718ccdd4e94287b8,computed
G12_9IY8,api_pockets_gpcrdb,data/api/v1/systems/G12_9IY8/pockets_gpcrdb.json,yes,9890,2420a69dd4885f2f24ea62ee9b63a9666fcdecd5836f02105f48a880a3653d08,computed
G12_9IY8,api_gateways,data/api/v1/systems/G12_9IY8/gateways.json,yes,8204,9783ca3b5da139f7d5e3a52cd93769e41afa420aa96d07107975d9d3131ea05a,computed
G12_9IY8,api_gprotein,data/api/v1/systems/G12_9IY8/gprotein_metrics.json,yes,185751,eec2dc8ce2425117211794d0c6a6d705a4cd900b4da24d3e31e20bb048849d3c,computed
G12_9IY8,api_pocketgrid,data/api/v1/systems/G12_9IY8/pocketgrid.npz,yes,6301630,,pending_binary_or_large_file
G12_9IY8,chain_roles,data/chain_roles/G12_9IY8_chain_roles.json,yes,383,27bdfe8e01a30ce3ecf50609f8b1d53ffe63e0895fb33847827f7188c76d93e1,computed
G12_9IY8,contacts,data/contacts/G12_9IY8_contacts.parquet,yes,49829,,pending_binary_or_large_file
Gi_6CMO,viz_structure,data/viz/Gi_6CMO/structure.pdb,yes,1372383,,pending_binary_or_large_file
Gi_6CMO,viz_trajectory,data/viz/Gi_6CMO/traj.xtc,yes,160819384,,pending_binary_or_large_file
Gi_6CMO,api_index,data/api/v1/systems/Gi_6CMO/index.json,yes,1315,2d48caa85575baa058b1e9bfb4a3f92532fa3b991d1bbb3eb21b8b4e036d0117,computed
Gi_6CMO,api_pockets,data/api/v1/systems/Gi_6CMO/pockets.json,yes,8064,7841d98da5dbf2008c684ae3f6fec4cd625e965995f06a489ac8e9c42e99ded5,computed
Gi_6CMO,api_pockets_gpcrdb,data/api/v1/systems/Gi_6CMO/pockets_gpcrdb.json,yes,12587,c7cff33231f740e69b8ccdd4eca58ddba3c9a68f41a9b61678179eb7fbf52976,computed
Gi_6CMO,api_gateways,data/api/v1/systems/Gi_6CMO/gateways.json,yes,8072,306a56b8a42cb797b3ebfed41be93f590e8da448279c4dcca29ae6792ca8287a,computed
Gi_6CMO,api_gprotein,data/api/v1/systems/Gi_6CMO/gprotein_metrics.json,yes,175190,aae774edb19d4d81c1f36b83000965a7dc373b6869717014d481de5f99f77cb7,computed
Gi_6CMO,api_pocketgrid,data/api/v1/systems/Gi_6CMO/pocketgrid.npz,yes,6160510,,pending_binary_or_large_file
Gi_6CMO,chain_roles,data/chain_roles/Gi_6CMO_chain_roles.json,yes,382,213787522c76afaa29e931f734e5b8671b9c377e05020ec3f0b056e86f9beb1a,computed
Gi_6CMO,contacts,data/contacts/Gi_6CMO_contacts.parquet,yes,49890,,pending_binary_or_large_file
Gi_6D9H,viz_structure,data/viz/Gi_6D9H/structure.pdb,yes,1369964,,pending_binary_or_large_file
Gi_6D9H,viz_trajectory,data/viz/Gi_6D9H/traj.xtc,yes,160946044,,pending_binary_or_large_file
Gi_6D9H,api_index,data/api/v1/systems/Gi_6D9H/index.json,yes,1352,4a4f098a72c44f9bdba4206585614837bf94a850795c1e3e04f5283432462c0c,computed
Gi_6D9H,api_pockets,data/api/v1/systems/Gi_6D9H/pockets.json,yes,6639,1d598e9431f8109edae8fbaf3b65f7943ef5388eb3429d07285e8c679d7e6a91,computed
Gi_6D9H,api_pockets_gpcrdb,data/api/v1/systems/Gi_6D9H/pockets_gpcrdb.json,yes,10783,69b1171f4a3154ff65750ad9acd3525ed58aecc34e14c22a3e1d7fd1cd7e0f68,computed
Gi_6D9H,api_gateways,data/api/v1/systems/Gi_6D9H/gateways.json,yes,8047,e2c5c6b12cef29fa386ddf04843d5b48bef149932d13d6e95695796f10c4c9b9,computed
Gi_6D9H,api_gprotein,data/api/v1/systems/Gi_6D9H/gprotein_metrics.json,yes,95,e6ddc8639eb916952c207512e3ea54980171c2085124da6b6241167e0686a3e2,computed
Gi_6D9H,api_pocketgrid,data/api/v1/systems/Gi_6D9H/pocketgrid.npz,yes,6539710,,pending_binary_or_large_file
Gi_6D9H,chain_roles,data/chain_roles/Gi_6D9H_chain_roles.json,yes,461,6a16c9b51d7cde1ddde4af940859142d0d69af445380daedf57aa1ce8f2e2798,computed
Gi_6D9H,contacts,data/contacts/Gi_6D9H_contacts.parquet,no,,,missing
Gi_6G79,viz_structure,data/viz/Gi_6G79/structure.pdb,yes,1387125,,pending_binary_or_large_file
Gi_6G79,viz_trajectory,data/viz/Gi_6G79/traj.xtc,yes,163208668,,pending_binary_or_large_file
Gi_6G79,api_index,data/api/v1/systems/Gi_6G79/index.json,yes,1425,2c01c7d52f894c90244405c037436c4ce091925587f12cca7d6c5a5f6af4e944,computed
Gi_6G79,api_pockets,data/api/v1/systems/Gi_6G79/pockets.json,yes,5679,1a2ed1e57e3ac201eb40f82442fd01e783864e300d4c5e4463d5b844356f146c,computed
Gi_6G79,api_pockets_gpcrdb,data/api/v1/systems/Gi_6G79/pockets_gpcrdb.json,yes,9340,d7e981640de6e644ac9195c75d221e206ddb970eda6fddaaecea217e4ba4ab05,computed
Gi_6G79,api_gateways,data/api/v1/systems/Gi_6G79/gateways.json,yes,8024,83ab53ff7483cd8f63d297e8e0d5573da387d10225c2832457a682823d2eaf01,computed
Gi_6G79,api_gprotein,data/api/v1/systems/Gi_6G79/gprotein_metrics.json,yes,173044,f1e81d1cd52a71bcf8fa9bc250b9336167118161cdef56f89596bdc7ca7d74d6,computed
Gi_6G79,api_pocketgrid,data/api/v1/systems/Gi_6G79/pocketgrid.npz,yes,7624830,,pending_binary_or_large_file
Gi_6G79,chain_roles,data/chain_roles/Gi_6G79_chain_roles.json,yes,382,6e9ecb3021d3fd74c06a249cb8650613ddb1eb40d9f186281d47405a9ad4d685,computed
Gi_6G79,contacts,data/contacts/Gi_6G79_contacts.parquet,yes,54001,,pending_binary_or_large_file
Gi_6K42,viz_structure,data/viz/Gi_6K42/structure.pdb,yes,1496799,,pending_binary_or_large_file
Gi_6K42,viz_trajectory,data/viz/Gi_6K42/traj.xtc,yes,176136064,,pending_binary_or_large_file
Gi_6K42,api_index,data/api/v1/systems/Gi_6K42/index.json,yes,1383,772c5523eb9ef9bf1f058064e823b36918f2cb68736e96fe8ec8c0d32e0f1f5a,computed
Gi_6K42,api_pockets,data/api/v1/systems/Gi_6K42/pockets.json,yes,7307,596cb9aef9d7262aaeaa2b0455522ab8812164d4c6199a36149665d7a13d4b2b,computed
Gi_6K42,api_pockets_gpcrdb,data/api/v1/systems/Gi_6K42/pockets_gpcrdb.json,yes,12504,a36f813fd9386d804c9b546d6803a1a74e24cbdbe7c17648efc28a37914a952a,computed
Gi_6K42,api_gateways,data/api/v1/systems/Gi_6K42/gateways.json,yes,8043,8dba03692eefd03a595a99ac783154fa04001a3099ebdf157fe56d63081968eb,computed
Gi_6K42,api_gprotein,data/api/v1/systems/Gi_6K42/gprotein_metrics.json,yes,173696,0dae05dcc1c13aa721c4940bbf7140f0e8097ac105b36f860915fc9bf25f78e0,computed
Gi_6K42,api_pocketgrid,data/api/v1/systems/Gi_6K42/pocketgrid.npz,yes,13838334,,pending_binary_or_large_file
Gi_6K42,chain_roles,data/chain_roles/Gi_6K42_chain_roles.json,yes,382,f700e6f33bc419cf5731caee59205c26bab60dbf9d50f3a4a2f8af05f98cdd3c,computed
Gi_6K42,contacts,data/contacts/Gi_6K42_contacts.parquet,yes,53751,,pending_binary_or_large_file
Gi_6LFO,viz_structure,data/viz/Gi_6LFO/structure.pdb,yes,1459458,,pending_binary_or_large_file
Gi_6LFO,viz_trajectory,data/viz/Gi_6LFO/traj.xtc,yes,171816256,,pending_binary_or_large_file
Gi_6LFO,api_index,data/api/v1/systems/Gi_6LFO/index.json,yes,1331,dda40282978e6609b2f163d8574d850c34e51972d250d915225b76d2399f197a,computed
Gi_6LFO,api_pockets,data/api/v1/systems/Gi_6LFO/pockets.json,yes,7753,2c0e0b60f1c7087e3cc2905e4fca83ad4803cc6a228553bc6a5b85f25beb62dd,computed
Gi_6LFO,api_pockets_gpcrdb,data/api/v1/systems/Gi_6LFO/pockets_gpcrdb.json,yes,12693,41b252224a8e267a41238f743ac0e596a6009b4e8c2fccf8f76ac83550f9f035,computed
Gi_6LFO,api_gateways,data/api/v1/systems/Gi_6LFO/gateways.json,yes,8090,cd8d1b03c467aa238c3c59899effb9f25a450b76d7bf3dd640a256256d466290,computed
Gi_6LFO,api_gprotein,data/api/v1/systems/Gi_6LFO/gprotein_metrics.json,yes,174905,aec76f6f3b0baa6954ad8fc0c1e3f7a519e88e8a5f00ac3249737d9b02a60233,computed
Gi_6LFO,api_pocketgrid,data/api/v1/systems/Gi_6LFO/pocketgrid.npz,yes,8019070,,pending_binary_or_large_file
Gi_6LFO,chain_roles,data/chain_roles/Gi_6LFO_chain_roles.json,yes,469,70d61d4b838df902b9a1f57f55f7dbf3688afb49f837ef45a2300193a298607b,computed
Gi_6LFO,contacts,data/contacts/Gi_6LFO_contacts.parquet,yes,49870,,pending_binary_or_large_file
Gi_6OSA,viz_structure,data/viz/Gi_6OSA/structure.pdb,yes,1377486,,pending_binary_or_large_file
Gi_6OSA,viz_trajectory,data/viz/Gi_6OSA/traj.xtc,yes,161491608,,pending_binary_or_large_file
Gi_6OSA,api_index,data/api/v1/systems/Gi_6OSA/index.json,yes,1327,6912781bee1efd3e551edc6c2ee5ba79fbfe579c4e0672a0cf30be1166ec2e26,computed
Gi_6OSA,api_pockets,data/api/v1/systems/Gi_6OSA/pockets.json,yes,6798,fa2a602eb54829d6b950c5231c57cecbe3cd48d705e00215c44afc5bf3b1b0cd,computed
Gi_6OSA,api_pockets_gpcrdb,data/api/v1/systems/Gi_6OSA/pockets_gpcrdb.json,yes,11222,c7e3f4d4b857e705cc517b6f9741cef6d689fab6a01ea5136045ee469ba28392,computed
Gi_6OSA,api_gateways,data/api/v1/systems/Gi_6OSA/gateways.json,yes,8088,152100d362c97acaa498055114ad13f21d0f63614922220bb0fbbd9ce5775efe,computed
Gi_6OSA,api_gprotein,data/api/v1/systems/Gi_6OSA/gprotein_metrics.json,yes,173863,379dc1fd3fbba2a5da3267fcc9f86d472ee448e6e51c130f05872b2b3dbb37d3,computed
Gi_6OSA,api_pocketgrid,data/api/v1/systems/Gi_6OSA/pocketgrid.npz,yes,6486990,,pending_binary_or_large_file
Gi_6OSA,chain_roles,data/chain_roles/Gi_6OSA_chain_roles.json,yes,467,a69913bafd58069b073930a5ce328899ae6a4d193af7245d727fee482da220d7,computed
Gi_6OSA,contacts,data/contacts/Gi_6OSA_contacts.parquet,yes,48901,,pending_binary_or_large_file
Gi_6PT0,viz_structure,data/viz/Gi_6PT0/structure.pdb,yes,1353753,,pending_binary_or_large_file
Gi_6PT0,viz_trajectory,data/viz/Gi_6PT0/traj.xtc,yes,159156872,,pending_binary_or_large_file
Gi_6PT0,api_index,data/api/v1/systems/Gi_6PT0/index.json,yes,1432,ee68c507673b583f1ab2bade19c92f89fea1b155e3c796ef109dd6957f351182,computed
Gi_6PT0,api_pockets,data/api/v1/systems/Gi_6PT0/pockets.json,yes,6424,a13c07d366ce86faa3a22f44ec2814dc9e4b905fc22cd10a9b81c7fc87e24b7a,computed
Gi_6PT0,api_pockets_gpcrdb,data/api/v1/systems/Gi_6PT0/pockets_gpcrdb.json,yes,10440,f2349426e695c4efdeeac15717e7df9c78f9191116ce4268635cc0fc5bf35870,computed
Gi_6PT0,api_gateways,data/api/v1/systems/Gi_6PT0/gateways.json,yes,8068,5f4f31383a91744416a91f248c73ca407b1ced0d83659fd28be3a999d4becd8a,computed
Gi_6PT0,api_gprotein,data/api/v1/systems/Gi_6PT0/gprotein_metrics.json,yes,175008,c616de5d6806cbd9fb4a67a8139c0f72a8e55779856442a74c205590f871f4c8,computed
Gi_6PT0,api_pocketgrid,data/api/v1/systems/Gi_6PT0/pocketgrid.npz,yes,6635358,,pending_binary_or_large_file
Gi_6PT0,chain_roles,data/chain_roles/Gi_6PT0_chain_roles.json,yes,382,7e3129544f10c1e02a2fe99a85d245e2eec368351761cd0d6935ea770a4582c0,computed
Gi_6PT0,contacts,data/contacts/Gi_6PT0_contacts.parquet,yes,47771,,pending_binary_or_large_file
Gi_6WWZ,viz_structure,data/viz/Gi_6WWZ/structure.pdb,yes,1461969,,pending_binary_or_large_file
Gi_6WWZ,viz_trajectory,data/viz/Gi_6WWZ/traj.xtc,yes,172063920,,pending_binary_or_large_file
Gi_6WWZ,api_index,data/api/v1/systems/Gi_6WWZ/index.json,yes,1329,3a92134303ddb7f11e33c6dfd18610579e66fe1cc8238511dbbf1c0a8b718b9b,computed
Gi_6WWZ,api_pockets,data/api/v1/systems/Gi_6WWZ/pockets.json,yes,7342,55540c140a4c1691b9e36afa75606e7b5a80441d800404beb60ff1a900bc5f64,computed
Gi_6WWZ,api_pockets_gpcrdb,data/api/v1/systems/Gi_6WWZ/pockets_gpcrdb.json,yes,12206,a54f0c986b494846bcbab713a44db80a09df43d4df6f7e17ab383fe5387b1ed2,computed
Gi_6WWZ,api_gateways,data/api/v1/systems/Gi_6WWZ/gateways.json,yes,8093,c7f726b4f0e80d6936b661f44d9ff4a0524ef8057b95c0df662a9a582f983b68,computed
Gi_6WWZ,api_gprotein,data/api/v1/systems/Gi_6WWZ/gprotein_metrics.json,yes,174405,d2f56fb1a56bba927f6f706ff3a57557ee2814bb97bde68cbd569fde646be272,computed
Gi_6WWZ,api_pocketgrid,data/api/v1/systems/Gi_6WWZ/pocketgrid.npz,yes,7415710,,pending_binary_or_large_file
Gi_6WWZ,chain_roles,data/chain_roles/Gi_6WWZ_chain_roles.json,yes,468,ea25bb44e0f26833fd1f6adf0df216edb97da8fd3866e39566a3f8f826a0beea,computed
Gi_6WWZ,contacts,data/contacts/Gi_6WWZ_contacts.parquet,yes,49122,,pending_binary_or_large_file
Gi_7CMV,viz_structure,data/viz/Gi_7CMV/structure.pdb,yes,1416285,,pending_binary_or_large_file
Gi_7CMV,viz_trajectory,data/viz/Gi_7CMV/traj.xtc,yes,165919496,,pending_binary_or_large_file
Gi_7CMV,api_index,data/api/v1/systems/Gi_7CMV/index.json,yes,1396,7771972ef6ee06908b4b77ba759d03690048389604bba9ba4a22d7092fba6f0e,computed
Gi_7CMV,api_pockets,data/api/v1/systems/Gi_7CMV/pockets.json,yes,7698,44a0e0ed301887cac5a8ac9751268318a8397df6f9484ea19dc54063374121ed,computed
Gi_7CMV,api_pockets_gpcrdb,data/api/v1/systems/Gi_7CMV/pockets_gpcrdb.json,yes,12086,62ca9be252b0738aa422598857dd541165c5de3da8541175b3b1a6f493ce89be,computed
Gi_7CMV,api_gateways,data/api/v1/systems/Gi_7CMV/gateways.json,yes,8025,3ca61d23d22d834d15aa993c8b7eed720d4574e7375f4eb01c1dd7163f031ba2,computed
Gi_7CMV,api_gprotein,data/api/v1/systems/Gi_7CMV/gprotein_metrics.json,yes,173373,38a0edd6d58bf1b46606a5816a72267816b28e95ca8b8329a7638ee64a367743,computed
Gi_7CMV,api_pocketgrid,data/api/v1/systems/Gi_7CMV/pocketgrid.npz,yes,7913982,,pending_binary_or_large_file
Gi_7CMV,chain_roles,data/chain_roles/Gi_7CMV_chain_roles.json,yes,382,70088b48a28398d93af1ee4c1878c6efeb4d9128b9a691135b883106d51e3c67,computed
Gi_7CMV,contacts,data/contacts/Gi_7CMV_contacts.parquet,yes,50735,,pending_binary_or_large_file
Gi_7E2X,viz_structure,data/viz/Gi_7E2X/structure.pdb,yes,1409562,,pending_binary_or_large_file
Gi_7E2X,viz_trajectory,data/viz/Gi_7E2X/traj.xtc,yes,165415388,,pending_binary_or_large_file
Gi_7E2X,api_index,data/api/v1/systems/Gi_7E2X/index.json,yes,1505,73abb629eff91a201ee3e8845f9c97b92ed03a9686595d988e604732000007d6,computed
Gi_7E2X,api_pockets,data/api/v1/systems/Gi_7E2X/pockets.json,yes,6995,60950af5f395d609df840ebe8b275b5af2cac422b11a11c3226d48af327c45df,computed
Gi_7E2X,api_pockets_gpcrdb,data/api/v1/systems/Gi_7E2X/pockets_gpcrdb.json,yes,11117,09121dcf310238f9aea493937162d22e5b2340c5d6faf9e3c1ccf9bc76faded6,computed
Gi_7E2X,api_gateways,data/api/v1/systems/Gi_7E2X/gateways.json,yes,8031,bebbe656fb4f962a91e40a6556334171609b7e0d53657a3939a73ebc4cfd11d4,computed
Gi_7E2X,api_gprotein,data/api/v1/systems/Gi_7E2X/gprotein_metrics.json,yes,174757,c3ccf16409396d9f98debca24612ba503206c56faeae192ab03b7e6dfc90331f,computed
Gi_7E2X,api_pocketgrid,data/api/v1/systems/Gi_7E2X/pocketgrid.npz,yes,6862974,,pending_binary_or_large_file
Gi_7E2X,chain_roles,data/chain_roles/Gi_7E2X_chain_roles.json,yes,382,d325a25dc376d70e62458e392879c701d22fcbe2a3ce4d972d11de2272ba221a,computed
Gi_7E2X,contacts,data/contacts/Gi_7E2X_contacts.parquet,yes,53387,,pending_binary_or_large_file
Gi_7E33,viz_structure,data/viz/Gi_7E33/structure.pdb,yes,1395792,,pending_binary_or_large_file
Gi_7E33,viz_trajectory,data/viz/Gi_7E33/traj.xtc,yes,163963216,,pending_binary_or_large_file
Gi_7E33,api_index,data/api/v1/systems/Gi_7E33/index.json,yes,1370,9f759e6262a43023e0cc774601076ff1b838ce6311fbe60ca47bcb65204de7fe,computed
Gi_7E33,api_pockets,data/api/v1/systems/Gi_7E33/pockets.json,yes,7391,0e6c67ac09b165240ab7ab665c4ae4ea3db26b0d8012ed6afb13b46a435410ec,computed
Gi_7E33,api_pockets_gpcrdb,data/api/v1/systems/Gi_7E33/pockets_gpcrdb.json,yes,11853,d4a4fabfe5c24461b374cdc399dd661a701b7727db5d133d696ea7a7afb3396d,computed
Gi_7E33,api_gateways,data/api/v1/systems/Gi_7E33/gateways.json,yes,8066,eb5e0ecae8c0ec70ef765e8758323c31edddb1b0333f547e037c97020ea51a20,computed
Gi_7E33,api_gprotein,data/api/v1/systems/Gi_7E33/gprotein_metrics.json,yes,172946,0952d4cbaa39d18093809e40d101959244c076292e2de7ee6f8423afc5c58862,computed
Gi_7E33,api_pocketgrid,data/api/v1/systems/Gi_7E33/pocketgrid.npz,yes,9180510,,pending_binary_or_large_file
Gi_7E33,chain_roles,data/chain_roles/Gi_7E33_chain_roles.json,yes,382,ee850949b8e3cf3fef87e6b74b1bde02e097f4fe2f66eca0f6d179782ab93f55,computed
Gi_7E33,contacts,data/contacts/Gi_7E33_contacts.parquet,yes,51061,,pending_binary_or_large_file
Gi_7EJX,viz_structure,data/viz/Gi_7EJX/structure.pdb,yes,1336986,,pending_binary_or_large_file
Gi_7EJX,viz_trajectory,data/viz/Gi_7EJX/traj.xtc,yes,156736116,,pending_binary_or_large_file
Gi_7EJX,api_index,data/api/v1/systems/Gi_7EJX/index.json,yes,1443,7eab55c48d61a30533cb2a3966301e94daa3456cd8818f9366aea006cb64b5d1,computed
Gi_7EJX,api_pockets,data/api/v1/systems/Gi_7EJX/pockets.json,yes,7164,2101f86083a4b36f2cf7f7da86ec6572603f03e88bed41618304d66bd40163de,computed
Gi_7EJX,api_pockets_gpcrdb,data/api/v1/systems/Gi_7EJX/pockets_gpcrdb.json,yes,11114,d034821a313e1a36404b82c87ed69ea7fd3f41839a62bbc6f50c883e26957b4b,computed
Gi_7EJX,api_gateways,data/api/v1/systems/Gi_7EJX/gateways.json,yes,8059,7cb8d53b520bbc77d7a080e988fe33eb36e997f26ad26f550b903d998547d94b,computed
Gi_7EJX,api_gprotein,data/api/v1/systems/Gi_7EJX/gprotein_metrics.json,yes,173958,d14309cd5661e53c50339bb994f828a1c21cb91cca7715cc4b155ba0c1e91fa4,computed
Gi_7EJX,api_pocketgrid,data/api/v1/systems/Gi_7EJX/pocketgrid.npz,yes,6428670,,pending_binary_or_large_file
Gi_7EJX,chain_roles,data/chain_roles/Gi_7EJX_chain_roles.json,yes,382,72d8a1c46e2592affa7e25189c8270bead1fb974ef549de2374a5f9550058a95,computed
Gi_7EJX,contacts,data/contacts/Gi_7EJX_contacts.parquet,yes,48715,,pending_binary_or_large_file
Gi_7EW1,viz_structure,data/viz/Gi_7EW1/structure.pdb,yes,1354887,,pending_binary_or_large_file
Gi_7EW1,viz_trajectory,data/viz/Gi_7EW1/traj.xtc,yes,158945960,,pending_binary_or_large_file
Gi_7EW1,api_index,data/api/v1/systems/Gi_7EW1/index.json,yes,1478,cf2a05d61df4668138d54cf3eb5be669df415dbe57b2d06a72f9d09a93b779c9,computed
Gi_7EW1,api_pockets,data/api/v1/systems/Gi_7EW1/pockets.json,yes,9075,1e4c90c3a18a5c50ad6d44aba217875ec9786d2548d5363432c6c992dc6d1569,computed
Gi_7EW1,api_pockets_gpcrdb,data/api/v1/systems/Gi_7EW1/pockets_gpcrdb.json,yes,15458,2d3030ad1cfff8dfebb7e887548000c6e444997c3a1bbd560cbf5b3ee455bccd,computed
Gi_7EW1,api_gateways,data/api/v1/systems/Gi_7EW1/gateways.json,yes,8075,b93ff16663d29a08333bf34584b0208624a257baa8dadc3cda0ab60f1904ec1a,computed
Gi_7EW1,api_gprotein,data/api/v1/systems/Gi_7EW1/gprotein_metrics.json,yes,171372,f9c8b7d23e8af2f0d67b43d84e0342b33d05609aa242b2cb749354ec7fa5a8c7,computed
Gi_7EW1,api_pocketgrid,data/api/v1/systems/Gi_7EW1/pocketgrid.npz,yes,6456702,,pending_binary_or_large_file
Gi_7EW1,chain_roles,data/chain_roles/Gi_7EW1_chain_roles.json,yes,382,57e1a8e914b6373a90cb817dc45453b0f6879459eaef439baf8d24fc631a4394,computed
Gi_7EW1,contacts,data/contacts/Gi_7EW1_contacts.parquet,yes,49732,,pending_binary_or_large_file
Gi_7EW4,viz_structure,data/viz/Gi_7EW4/structure.pdb,yes,1365660,,pending_binary_or_large_file
Gi_7EW4,viz_trajectory,data/viz/Gi_7EW4/traj.xtc,yes,160060556,,pending_binary_or_large_file
Gi_7EW4,api_index,data/api/v1/systems/Gi_7EW4/index.json,yes,1389,b61804083e2093693abee00cbfee90977c5a9202c1c9d57c0a7a7e24146f13a4,computed
Gi_7EW4,api_pockets,data/api/v1/systems/Gi_7EW4/pockets.json,yes,4858,e3aa8a23d0aa8493829dba77cbd34e202d2987bdeeeaa85ac65951b1ce2a30e2,computed
Gi_7EW4,api_pockets_gpcrdb,data/api/v1/systems/Gi_7EW4/pockets_gpcrdb.json,yes,7804,3ea12260815b1d42f66f29e2e67a41f006710cde1cae9b2ddef8e67c2d3c2946,computed
Gi_7EW4,api_gateways,data/api/v1/systems/Gi_7EW4/gateways.json,yes,8078,5df89626f7dd7562d79b4ccbb3bc6fe45070b03003d602e85dab9d8a9093e79f,computed
Gi_7EW4,api_gprotein,data/api/v1/systems/Gi_7EW4/gprotein_metrics.json,yes,174516,0ade982263dab41300ff43ee238fa0e4d54a12118577781e30e8ec13841a0691,computed
Gi_7EW4,api_pocketgrid,data/api/v1/systems/Gi_7EW4/pocketgrid.npz,yes,7105790,,pending_binary_or_large_file
Gi_7EW4,chain_roles,data/chain_roles/Gi_7EW4_chain_roles.json,yes,382,6b4a0d166e1c3c8883535d6d4ecfb0e1f04772711744d420604315467e46232d,computed
Gi_7EW4,contacts,data/contacts/Gi_7EW4_contacts.parquet,yes,47227,,pending_binary_or_large_file
Gi_7EXD,viz_structure,data/viz/Gi_7EXD/structure.pdb,yes,1420335,,pending_binary_or_large_file
Gi_7EXD,viz_trajectory,data/viz/Gi_7EXD/traj.xtc,yes,166543896,,pending_binary_or_large_file
Gi_7EXD,api_index,data/api/v1/systems/Gi_7EXD/index.json,yes,1411,d383c49ceb6bd4d68c9a92551507199b895a3279cdaa6bcc5d94df7d3007381d,computed
Gi_7EXD,api_pockets,data/api/v1/systems/Gi_7EXD/pockets.json,yes,6235,d26abb778fb658be920b7d0ff53aeefc04320387631138c76e9727b2f8211504,computed
Gi_7EXD,api_pockets_gpcrdb,data/api/v1/systems/Gi_7EXD/pockets_gpcrdb.json,yes,9690,170e0cca6f875b3643c22bd66e57dec6b32a5a8c131122f924cc9fd3576426fb,computed
Gi_7EXD,api_gateways,data/api/v1/systems/Gi_7EXD/gateways.json,yes,8069,042e75d24f33da169aeb675beb7fb8ea739a66f3be8dbb0229ebe93f21772e54,computed
Gi_7EXD,api_gprotein,data/api/v1/systems/Gi_7EXD/gprotein_metrics.json,yes,174910,3b1921f11e1d1635e6f570f6886bfecf4d5ed35f9446604e6989b42bb703ff91,computed
Gi_7EXD,api_pocketgrid,data/api/v1/systems/Gi_7EXD/pocketgrid.npz,yes,6408926,,pending_binary_or_large_file
Gi_7EXD,chain_roles,data/chain_roles/Gi_7EXD_chain_roles.json,yes,382,2ad99ba1de6ae00ec69225e22514da43b6255bfb4ac45663903584063981da45,computed
Gi_7EXD,contacts,data/contacts/Gi_7EXD_contacts.parquet,yes,49666,,pending_binary_or_large_file
Gi_7EZH,viz_structure,data/viz/Gi_7EZH/structure.pdb,yes,1412802,,pending_binary_or_large_file
Gi_7EZH,viz_trajectory,data/viz/Gi_7EZH/traj.xtc,yes,166196948,,pending_binary_or_large_file
Gi_7EZH,api_index,data/api/v1/systems/Gi_7EZH/index.json,yes,1331,429c0127bf720cd249ecf5a5594d793b2b7e2e70811a6517ed684a47ad1d2c15,computed
Gi_7EZH,api_pockets,data/api/v1/systems/Gi_7EZH/pockets.json,yes,5782,d4cf001ec8193a8830b5214af5e5316344b0710af4ece57d3a70772649759383,computed
Gi_7EZH,api_pockets_gpcrdb,data/api/v1/systems/Gi_7EZH/pockets_gpcrdb.json,yes,9104,6a20eec75d4dd4131ccef4bcc90ec9cc38b0c9513e49151f67839e48b936e1bd,computed
Gi_7EZH,api_gateways,data/api/v1/systems/Gi_7EZH/gateways.json,yes,8068,2e7d185df56796849a89599e8482cfdb6f15fdd08258bd0ade0285dc68a464a1,computed
Gi_7EZH,api_gprotein,data/api/v1/systems/Gi_7EZH/gprotein_metrics.json,yes,173635,3b35711efa20d804de80c5f893403b355ab26f8a25f6e2c71fc827f4f5d01f98,computed
Gi_7EZH,api_pocketgrid,data/api/v1/systems/Gi_7EZH/pocketgrid.npz,yes,8357950,,pending_binary_or_large_file
Gi_7EZH,chain_roles,data/chain_roles/Gi_7EZH_chain_roles.json,yes,471,5a27a752e5719d9137807fec0e78ed2c0286cced13512a67c659022aa7bca37d,computed
Gi_7EZH,contacts,data/contacts/Gi_7EZH_contacts.parquet,yes,50405,,pending_binary_or_large_file
Gi_7F1Q,viz_structure,data/viz/Gi_7F1Q/structure.pdb,yes,1371087,,pending_binary_or_large_file
Gi_7F1Q,viz_trajectory,data/viz/Gi_7F1Q/traj.xtc,yes,160637992,,pending_binary_or_large_file
Gi_7F1Q,api_index,data/api/v1/systems/Gi_7F1Q/index.json,yes,1328,efaca5ea41c4988c7a31a5ef8d545b72d579d4df5cdc8124cc798c9b9270db96,computed
Gi_7F1Q,api_pockets,data/api/v1/systems/Gi_7F1Q/pockets.json,yes,8076,24cad2d4cdcac2f8d7bd054471fb2d93343e119606c24cbc4cda2c99671118ce,computed
Gi_7F1Q,api_pockets_gpcrdb,data/api/v1/systems/Gi_7F1Q/pockets_gpcrdb.json,yes,12931,3579f2acad3115e8aed68842b70dc40fbf2a24c601f6b01d0833692a8c26ff02,computed
Gi_7F1Q,api_gateways,data/api/v1/systems/Gi_7F1Q/gateways.json,yes,8042,eefef0029e64a0edc9ec8c54e80ccf072d3f66d00a07b5550a30693cdfa9fd05,computed
Gi_7F1Q,api_gprotein,data/api/v1/systems/Gi_7F1Q/gprotein_metrics.json,yes,171821,9bc34d2871f4f64fcd1afe62abda6e906cadc994c9c6abbd52c0dd6b71693152,computed
Gi_7F1Q,api_pocketgrid,data/api/v1/systems/Gi_7F1Q/pocketgrid.npz,yes,6831294,,pending_binary_or_large_file
Gi_7F1Q,chain_roles,data/chain_roles/Gi_7F1Q_chain_roles.json,yes,468,5d490bc645fe49f60ab3a90ba797220d810643b19d569c722af84b267146dc4f,computed
Gi_7F1Q,contacts,data/contacts/Gi_7F1Q_contacts.parquet,yes,48838,,pending_binary_or_large_file
Gi_7F8V,viz_structure,data/viz/Gi_7F8V/structure.pdb,yes,1328886,,pending_binary_or_large_file
Gi_7F8V,viz_trajectory,data/viz/Gi_7F8V/traj.xtc,yes,156481092,,pending_binary_or_large_file
Gi_7F8V,api_index,data/api/v1/systems/Gi_7F8V/index.json,yes,1339,73cf7089bbf3824327fb0c09562b2059951be51fc431c597d4cbc8560d241b37,computed
Gi_7F8V,api_pockets,data/api/v1/systems/Gi_7F8V/pockets.json,yes,6494,a22fdcdb0d74ddc4fba51b52a5567cc135e5f9eca6fda13e0038bfc4b80ed4ee,computed
Gi_7F8V,api_pockets_gpcrdb,data/api/v1/systems/Gi_7F8V/pockets_gpcrdb.json,yes,9862,60b1f232bbf70aba67d83a82129229814d69b845a044b38e90ab7a44576f5700,computed
Gi_7F8V,api_gateways,data/api/v1/systems/Gi_7F8V/gateways.json,yes,8051,95d1c8e06e0199ad8d7ad1dfa882d39186c10b107aa49e78611c9b927bcfde34,computed
Gi_7F8V,api_gprotein,data/api/v1/systems/Gi_7F8V/gprotein_metrics.json,yes,171474,b11f2cbb7c7bcedb85cf8e678f303186f1edfa3ab519f17f05ca62d6070df86d,computed
Gi_7F8V,api_pocketgrid,data/api/v1/systems/Gi_7F8V/pocketgrid.npz,yes,7323870,,pending_binary_or_large_file
Gi_7F8V,chain_roles,data/chain_roles/Gi_7F8V_chain_roles.json,yes,468,3912b5fb74ea58d1ec3145ffe6e9379c2d7831e4e467f5d37a6dae8e0592905f,computed
Gi_7F8V,contacts,data/contacts/Gi_7F8V_contacts.parquet,yes,49173,,pending_binary_or_large_file
Gi_7NA7,viz_structure,data/viz/Gi_7NA7/structure.pdb,yes,1380645,,pending_binary_or_large_file
Gi_7NA7,viz_trajectory,data/viz/Gi_7NA7/traj.xtc,yes,162613412,,pending_binary_or_large_file
Gi_7NA7,api_index,data/api/v1/systems/Gi_7NA7/index.json,yes,1343,0bb19d0bd35e5a63984695523bd6fafce0c204ef8e1c017eeac2515bd44db729,computed
Gi_7NA7,api_pockets,data/api/v1/systems/Gi_7NA7/pockets.json,yes,6272,bea9c8817e9a09a4e3596c0c7a3fe3363a4d05bac2f0544e410046765b8a7e0a,computed
Gi_7NA7,api_pockets_gpcrdb,data/api/v1/systems/Gi_7NA7/pockets_gpcrdb.json,yes,10378,7b9ee8cb7e47f131ece0e98a886dd1798a436814dba6a28db0c7f15e1beafa38,computed
Gi_7NA7,api_gateways,data/api/v1/systems/Gi_7NA7/gateways.json,yes,8060,ff776b7b0c2bac24a00584bd56d7769b8593199b653d7d0da242734afedb0c60,computed
Gi_7NA7,api_gprotein,data/api/v1/systems/Gi_7NA7/gprotein_metrics.json,yes,174467,b6a4248b6e87dd9e546b710c4c7d335b0e457b12045fe7bd91926d83be85b366,computed
Gi_7NA7,api_pocketgrid,data/api/v1/systems/Gi_7NA7/pocketgrid.npz,yes,6227134,,pending_binary_or_large_file
Gi_7NA7,chain_roles,data/chain_roles/Gi_7NA7_chain_roles.json,yes,468,9ee18a3347821ca43b90f4c2866eb09b428cf0651b93c0177dd26f3032a01ce3,computed
Gi_7NA7,contacts,data/contacts/Gi_7NA7_contacts.parquet,yes,47756,,pending_binary_or_large_file
Gi_7QVM,viz_structure,data/viz/Gi_7QVM/structure.pdb,yes,1346787,,pending_binary_or_large_file
Gi_7QVM,viz_trajectory,data/viz/Gi_7QVM/traj.xtc,yes,157992604,,pending_binary_or_large_file
Gi_7QVM,api_index,data/api/v1/systems/Gi_7QVM/index.json,yes,1317,d7ea422ea28ee4cd1518709bf2253da363d2ca69dd9e0044d3a915dcdcac2e62,computed
Gi_7QVM,api_pockets,data/api/v1/systems/Gi_7QVM/pockets.json,yes,5439,dcf7b39a579f5f68a019ebe47a68863c88e352efe4e45a8dd31b717fed567911,computed
Gi_7QVM,api_pockets_gpcrdb,data/api/v1/systems/Gi_7QVM/pockets_gpcrdb.json,yes,8035,96ed9ef44a7621c730e4b85e51d0c5c0995ffc6af279ce0122820bb7eff9a3f0,computed
Gi_7QVM,api_gateways,data/api/v1/systems/Gi_7QVM/gateways.json,yes,8077,1e2fdf8b8a8ef2b751c71fbf799b6750b0c283625fd38231d11ab26ea9095aab,computed
Gi_7QVM,api_gprotein,data/api/v1/systems/Gi_7QVM/gprotein_metrics.json,yes,172777,dec1c09048f4eef33a356b72be335242ba42014cb6be860417309e8364360a31,computed
Gi_7QVM,api_pocketgrid,data/api/v1/systems/Gi_7QVM/pocketgrid.npz,yes,5435134,,pending_binary_or_large_file
Gi_7QVM,chain_roles,data/chain_roles/Gi_7QVM_chain_roles.json,yes,467,6e9677464539f574192f9b70c5479bb7bda0eb469a1f94691356503edd2d3681,computed
Gi_7QVM,contacts,data/contacts/Gi_7QVM_contacts.parquet,yes,48122,,pending_binary_or_large_file
Gi_7SQO,viz_structure,data/viz/Gi_7SQO/structure.pdb,yes,1360638,,pending_binary_or_large_file
Gi_7SQO,viz_trajectory,data/viz/Gi_7SQO/traj.xtc,yes,159761868,,pending_binary_or_large_file
Gi_7SQO,api_index,data/api/v1/systems/Gi_7SQO/index.json,yes,1431,d0024e6b51315a1be982457fc7683ba965b08bc529a2d2e666701724d9ac96ae,computed
Gi_7SQO,api_pockets,data/api/v1/systems/Gi_7SQO/pockets.json,yes,6532,0f5b069edfeec9e7114d2da86826ab925b9bfcc5486f91b91973ea18c4118cce,computed
Gi_7SQO,api_pockets_gpcrdb,data/api/v1/systems/Gi_7SQO/pockets_gpcrdb.json,yes,10383,d9f7a746317a61c3b51d85d07cadceb47b7ad2114375e4ebe114c0906f7e9caa,computed
Gi_7SQO,api_gateways,data/api/v1/systems/Gi_7SQO/gateways.json,yes,8011,a9d7eb60d5c7d427e5c6ddbc4b116987d3f8c51d01bf56be04d0847c05f27bb3,computed
Gi_7SQO,api_gprotein,data/api/v1/systems/Gi_7SQO/gprotein_metrics.json,yes,169648,09d12f297b585e87ef94a1cb701653fa0e1a1f8e7ae5d69a7ee2772611b7b214,computed
Gi_7SQO,api_pocketgrid,data/api/v1/systems/Gi_7SQO/pocketgrid.npz,yes,6291326,,pending_binary_or_large_file
Gi_7SQO,chain_roles,data/chain_roles/Gi_7SQO_chain_roles.json,yes,382,f49c0e9783791e5228aebd2dffebeba92b2e55abed6094ee1a4ae12f08d3c299,computed
Gi_7SQO,contacts,data/contacts/Gi_7SQO_contacts.parquet,yes,47571,,pending_binary_or_large_file
Gi_7T10,viz_structure,data/viz/Gi_7T10/structure.pdb,yes,1335204,,pending_binary_or_large_file
Gi_7T10,viz_trajectory,data/viz/Gi_7T10/traj.xtc,yes,156580432,,pending_binary_or_large_file
Gi_7T10,api_index,data/api/v1/systems/Gi_7T10/index.json,yes,1328,30470b64f370b2f884dc040e72629918565c647de34e167bbce6bd8a009b3c39,computed
Gi_7T10,api_pockets,data/api/v1/systems/Gi_7T10/pockets.json,yes,5785,c071b14aacfa6ed125c99a2fb44ab88f46ca608f484b30e9c109fa1c3b4e44ef,computed
Gi_7T10,api_pockets_gpcrdb,data/api/v1/systems/Gi_7T10/pockets_gpcrdb.json,yes,8522,5910b6f7117adb84838aad03d14380ae7952e6358122527b49e9995c8c7894a4,computed
Gi_7T10,api_gateways,data/api/v1/systems/Gi_7T10/gateways.json,yes,8074,e073789dffe7da0f5e11eed0bda31e54350584b4ed892aaee28a877d3d2204ee,computed
Gi_7T10,api_gprotein,data/api/v1/systems/Gi_7T10/gprotein_metrics.json,yes,170257,5065b90ec8eb2c418b77dccc8150033f169a97e4a77d47ebe7040367add84e89,computed
Gi_7T10,api_pocketgrid,data/api/v1/systems/Gi_7T10/pocketgrid.npz,yes,7285758,,pending_binary_or_large_file
Gi_7T10,chain_roles,data/chain_roles/Gi_7T10_chain_roles.json,yes,468,165e9429d381ab3c6dbe8f25880c1b09b9d66e7bf9583b2dc71b9c106d9e411c,computed
Gi_7T10,contacts,data/contacts/Gi_7T10_contacts.parquet,yes,45890,,pending_binary_or_large_file
Gi_7T96,viz_structure,data/viz/Gi_7T96/structure.pdb,yes,1510974,,pending_binary_or_large_file
Gi_7T96,viz_trajectory,data/viz/Gi_7T96/traj.xtc,yes,177217268,,pending_binary_or_large_file
Gi_7T96,api_index,data/api/v1/systems/Gi_7T96/index.json,yes,1470,374313d9242e86ba3d2092b4bdd9ba803384b999af32fc8677cc11f7cd3cff50,computed
Gi_7T96,api_pockets,data/api/v1/systems/Gi_7T96/pockets.json,yes,6336,924cae976abe1988937fde79e727c555dcbe4428e3562e3d7b4ef61a632203cd,computed
Gi_7T96,api_pockets_gpcrdb,data/api/v1/systems/Gi_7T96/pockets_gpcrdb.json,yes,10168,f9c42ce1eadf94a950f66aaa9c3dd85e7539bdd5c9ff55982fd5d33b7a25fbe1,computed
Gi_7T96,api_gateways,data/api/v1/systems/Gi_7T96/gateways.json,yes,8077,cf469298cc1dcb5a047c9999a16e1690c068fbb36a9e9ff5ad99806ca070883a,computed
Gi_7T96,api_gprotein,data/api/v1/systems/Gi_7T96/gprotein_metrics.json,yes,175767,c7e7eaad84dcdafc212302ffc8d19910c672b5938064350174567e9277670aeb,computed
Gi_7T96,api_pocketgrid,data/api/v1/systems/Gi_7T96/pocketgrid.npz,yes,10327038,,pending_binary_or_large_file
Gi_7T96,chain_roles,data/chain_roles/Gi_7T96_chain_roles.json,yes,384,51959ea080dffe1454b89185489c3f570899c6e4693aa1facac69b7a40ff4633,computed
Gi_7T96,contacts,data/contacts/Gi_7T96_contacts.parquet,yes,57724,,pending_binary_or_large_file
Gi_7TUZ,viz_structure,data/viz/Gi_7TUZ/structure.pdb,yes,1376109,,pending_binary_or_large_file
Gi_7TUZ,viz_trajectory,data/viz/Gi_7TUZ/traj.xtc,yes,161531360,,pending_binary_or_large_file
Gi_7TUZ,api_index,data/api/v1/systems/Gi_7TUZ/index.json,yes,1457,7f8ca8321ea1f4fbf2ccbe97c26d3612f53ae738070e85c994eaeb482637c953,computed
Gi_7TUZ,api_pockets,data/api/v1/systems/Gi_7TUZ/pockets.json,yes,7135,ddbeeb5aae64207521c32559d1546fbdabde03bbbdb1151f85048d97bf35a945,computed
Gi_7TUZ,api_pockets_gpcrdb,data/api/v1/systems/Gi_7TUZ/pockets_gpcrdb.json,yes,11686,1cd96e68d32b18ed43e96d34130b17b7dfe3b7fc5e13390eb90b6c1f1f65d4da,computed
Gi_7TUZ,api_gateways,data/api/v1/systems/Gi_7TUZ/gateways.json,yes,8061,1018c484400fb2fb6c3373c507cf6be44074b361bf805f472f3ebbfc3c0cacfb,computed
Gi_7TUZ,api_gprotein,data/api/v1/systems/Gi_7TUZ/gprotein_metrics.json,yes,174809,8e8f0d9022b35a115d10a428a320c5fd7335526c0204dd3117061da064ccfb99,computed
Gi_7TUZ,api_pocketgrid,data/api/v1/systems/Gi_7TUZ/pocketgrid.npz,yes,6171710,,pending_binary_or_large_file
Gi_7TUZ,chain_roles,data/chain_roles/Gi_7TUZ_chain_roles.json,yes,382,559d5e184c66005d03902bdb0f1c54c2949a1d306db569e9dbf4b03d29712af7,computed
Gi_7TUZ,contacts,data/contacts/Gi_7TUZ_contacts.parquet,yes,46792,,pending_binary_or_large_file
Gi_7V68,viz_structure,data/viz/Gi_7V68/structure.pdb,yes,1519722,,pending_binary_or_large_file
Gi_7V68,viz_trajectory,data/viz/Gi_7V68/traj.xtc,yes,179002100,,pending_binary_or_large_file
Gi_7V68,api_index,data/api/v1/systems/Gi_7V68/index.json,yes,1533,d8a56ab4737f2e9c481431e9163af2fb65800090fa11ad59ca3b23a70c7b07f1,computed
Gi_7V68,api_pockets,data/api/v1/systems/Gi_7V68/pockets.json,yes,351,0f1fcd6f5f3026f7b7c0c056bead854e820479ebec05b62ed1b591b8e893966c,computed
Gi_7V68,api_pockets_gpcrdb,data/api/v1/systems/Gi_7V68/pockets_gpcrdb.json,yes,351,0f1fcd6f5f3026f7b7c0c056bead854e820479ebec05b62ed1b591b8e893966c,computed
Gi_7V68,api_gateways,data/api/v1/systems/Gi_7V68/gateways.json,yes,6627,82994ba34341a1b1f89ae788ce3bce00a9759103fb9c21061a8eb8f9b949cfe0,computed
Gi_7V68,api_gprotein,data/api/v1/systems/Gi_7V68/gprotein_metrics.json,yes,186765,eb2726b97eccc9ed18b0b5a3eea98945255e42646671bf61e6ca78f978b00877,computed
Gi_7V68,api_pocketgrid,data/api/v1/systems/Gi_7V68/pocketgrid.npz,yes,12466110,,pending_binary_or_large_file
Gi_7V68,chain_roles,data/chain_roles/Gi_7V68_chain_roles.json,yes,382,6da88cdcb88a08929533981688b6695d0f95a71a6313943c30bd9b51283b19e9,computed
Gi_7V68,contacts,data/contacts/Gi_7V68_contacts.parquet,yes,89055,,pending_binary_or_large_file
Gi_7VDL,viz_structure,data/viz/Gi_7VDL/structure.pdb,yes,1280934,,pending_binary_or_large_file
Gi_7VDL,viz_trajectory,data/viz/Gi_7VDL/traj.xtc,yes,150896956,,pending_binary_or_large_file
Gi_7VDL,api_index,data/api/v1/systems/Gi_7VDL/index.json,yes,1350,04683f948fccaa444cd419c60aa13d0d73cb6205a38be190ff19a1c655bbebc0,computed
Gi_7VDL,api_pockets,data/api/v1/systems/Gi_7VDL/pockets.json,yes,6122,82b6e13ffd1071cf2e366f3f17c9a360f65bf54c9b85e0f9bebfcd8a4e2cf08b,computed
Gi_7VDL,api_pockets_gpcrdb,data/api/v1/systems/Gi_7VDL/pockets_gpcrdb.json,yes,8728,be838f9fbd7d80ce91948ece5daf89e2204c6194e863025f1c96c50c2cfbc7dc,computed
Gi_7VDL,api_gateways,data/api/v1/systems/Gi_7VDL/gateways.json,yes,8017,0d1dfccf723a448d85d0cbb1c9f6a30ec1083e376dad6a50dc207540012741be,computed
Gi_7VDL,api_gprotein,data/api/v1/systems/Gi_7VDL/gprotein_metrics.json,yes,171636,4532c3f203353c4d646aed3f58ddeb880b77c2c703b4aa610bcdd7bdd07d548a,computed
Gi_7VDL,api_pocketgrid,data/api/v1/systems/Gi_7VDL/pocketgrid.npz,yes,6530670,,pending_binary_or_large_file
Gi_7VDL,chain_roles,data/chain_roles/Gi_7VDL_chain_roles.json,yes,467,a622a70184d7ad8bb3607b90920f0ed6e9a0b60e12f5e121e989454acb52cdb5,computed
Gi_7VDL,contacts,data/contacts/Gi_7VDL_contacts.parquet,yes,43550,,pending_binary_or_large_file
Gi_7VGZ,viz_structure,data/viz/Gi_7VGZ/structure.pdb,yes,1346949,,pending_binary_or_large_file
Gi_7VGZ,viz_trajectory,data/viz/Gi_7VGZ/traj.xtc,yes,158025740,,pending_binary_or_large_file
Gi_7VGZ,api_index,data/api/v1/systems/Gi_7VGZ/index.json,yes,1400,54b9770fc17bc8ba07077b417579fbf3d4655bf3b40521374163a3d1f85e8c73,computed
Gi_7VGZ,api_pockets,data/api/v1/systems/Gi_7VGZ/pockets.json,yes,6728,f3c8f31d4648c833f9ed00f51985f2f819f2a92a724be57481d6e5d8d0b29c73,computed
Gi_7VGZ,api_pockets_gpcrdb,data/api/v1/systems/Gi_7VGZ/pockets_gpcrdb.json,yes,11115,8f5fc390a61c03711b3d0a2bcabcc8882eba8d027d80d91ce6c3939aa6dc3133,computed
Gi_7VGZ,api_gateways,data/api/v1/systems/Gi_7VGZ/gateways.json,yes,8053,d7cdc6e7b5a30fa6bb5ec8d329e14a22d06cc4e536d67b8e2923657f865a8fbf,computed
Gi_7VGZ,api_gprotein,data/api/v1/systems/Gi_7VGZ/gprotein_metrics.json,yes,174869,639dfc9f0ee3b4ed91e89ec92be1f056fa4cdf1ec925162a65a1f898e593e9aa,computed
Gi_7VGZ,api_pocketgrid,data/api/v1/systems/Gi_7VGZ/pocketgrid.npz,yes,5381886,,pending_binary_or_large_file
Gi_7VGZ,chain_roles,data/chain_roles/Gi_7VGZ_chain_roles.json,yes,382,7eaf3eff2c1abb45c4325c3bd3b76816b06b8f0f6a50f2dc38f14bb9602d1176,computed
Gi_7VGZ,contacts,data/contacts/Gi_7VGZ_contacts.parquet,yes,46808,,pending_binary_or_large_file
Gi_7VH0,viz_structure,data/viz/Gi_7VH0/structure.pdb,yes,1344114,,pending_binary_or_large_file
Gi_7VH0,viz_trajectory,data/viz/Gi_7VH0/traj.xtc,yes,157660868,,pending_binary_or_large_file
Gi_7VH0,api_index,data/api/v1/systems/Gi_7VH0/index.json,yes,1400,87f072b79e3abbbf08b70817deb008ac3eff16f0ef170a8772ab95dea994cfbc,computed
Gi_7VH0,api_pockets,data/api/v1/systems/Gi_7VH0/pockets.json,yes,9624,8c0976586dd66b7d6ffa475e98e8286bc46fd6e8d07aed3946fed3ccc442c058,computed
Gi_7VH0,api_pockets_gpcrdb,data/api/v1/systems/Gi_7VH0/pockets_gpcrdb.json,yes,15511,130328cbffe711c83c389ea6abfcf6c2a8861cd3eba5065d38705934158419c7,computed
Gi_7VH0,api_gateways,data/api/v1/systems/Gi_7VH0/gateways.json,yes,8032,b76f53c688c6d43dbfa608de9321d193b4b2a44f88c4ff0dd2d5a18bd0f2652a,computed
Gi_7VH0,api_gprotein,data/api/v1/systems/Gi_7VH0/gprotein_metrics.json,yes,175189,623cc40ad2b37e66f7458f8ff654ad74e54e9f9f1527645e9a44358a28046526,computed
Gi_7VH0,api_pocketgrid,data/api/v1/systems/Gi_7VH0/pocketgrid.npz,yes,5720702,,pending_binary_or_large_file
Gi_7VH0,chain_roles,data/chain_roles/Gi_7VH0_chain_roles.json,yes,382,abe433271360ccd901500b67b626dbae9473e2dc8db75f0c25d40c8a2ab52f18,computed
Gi_7VH0,contacts,data/contacts/Gi_7VH0_contacts.parquet,yes,46249,,pending_binary_or_large_file
Gi_7VIF,viz_structure,data/viz/Gi_7VIF/structure.pdb,yes,1372059,,pending_binary_or_large_file
Gi_7VIF,viz_trajectory,data/viz/Gi_7VIF/traj.xtc,yes,160792336,,pending_binary_or_large_file
Gi_7VIF,api_index,data/api/v1/systems/Gi_7VIF/index.json,yes,1438,9a8353ff99f892658d530924e0b25afad12163b8ff31c1c262f3f054ecd65692,computed
Gi_7VIF,api_pockets,data/api/v1/systems/Gi_7VIF/pockets.json,yes,7006,dc6340b34e2f70cfc49d4834a342241c6d0adc82f545c2234a6e6de02c538968,computed
Gi_7VIF,api_pockets_gpcrdb,data/api/v1/systems/Gi_7VIF/pockets_gpcrdb.json,yes,10652,e6d02a9ed7f660fc542f9980b7b16fe98073c367bb40c2d3a860304ca8a8da0d,computed
Gi_7VIF,api_gateways,data/api/v1/systems/Gi_7VIF/gateways.json,yes,8030,ad0be4bdd892797cbd729923065918f6f18b875539d761cd3658563ffa6fa08c,computed
Gi_7VIF,api_gprotein,data/api/v1/systems/Gi_7VIF/gprotein_metrics.json,yes,175063,22394d1e386c81c8bff6d016911465938e75cc4d6aef4aeab457a56b385342a0,computed
Gi_7VIF,api_pocketgrid,data/api/v1/systems/Gi_7VIF/pocketgrid.npz,yes,6586878,,pending_binary_or_large_file
Gi_7VIF,chain_roles,data/chain_roles/Gi_7VIF_chain_roles.json,yes,382,6296c61f883fd9d184c50be4c5c162866dda4429ff2f32b15cb5697448435042,computed
Gi_7VIF,contacts,data/contacts/Gi_7VIF_contacts.parquet,yes,46668,,pending_binary_or_large_file
Gi_7VKT,viz_structure,data/viz/Gi_7VKT/structure.pdb,yes,1332855,,pending_binary_or_large_file
Gi_7VKT,viz_trajectory,data/viz/Gi_7VKT/traj.xtc,yes,156425684,,pending_binary_or_large_file
Gi_7VKT,api_index,data/api/v1/systems/Gi_7VKT/index.json,yes,1512,2f15147845c70c6c8c4ac06652b63ce246259041bcd78f9653d7c792712fc399,computed
Gi_7VKT,api_pockets,data/api/v1/systems/Gi_7VKT/pockets.json,yes,6202,72eaa27f528c59a874a27ccd4f5f8cbccdae4f638197fe9ea18a6008eaf51df6,computed
Gi_7VKT,api_pockets_gpcrdb,data/api/v1/systems/Gi_7VKT/pockets_gpcrdb.json,yes,9643,97361c6761da18a401af9c6bce68470b6b799e715ae10561649bb6795438aa77,computed
Gi_7VKT,api_gateways,data/api/v1/systems/Gi_7VKT/gateways.json,yes,8016,a9ad25711623c60e48aa1c9dfde1f6d4122e0add34a1a8d7d1a6ad8cf2af333e,computed
Gi_7VKT,api_gprotein,data/api/v1/systems/Gi_7VKT/gprotein_metrics.json,yes,174918,478f1e5df18dc63b2501523e3ccd7d6d88bcd4778520a160c1a51a893888905d,computed
Gi_7VKT,api_pocketgrid,data/api/v1/systems/Gi_7VKT/pocketgrid.npz,yes,7068318,,pending_binary_or_large_file
Gi_7VKT,chain_roles,data/chain_roles/Gi_7VKT_chain_roles.json,yes,382,d86ec118033aad8e521a098fff6f8e05a1ac23b34ed263b3792f2166739dc9af,computed
Gi_7VKT,contacts,data/contacts/Gi_7VKT_contacts.parquet,yes,48035,,pending_binary_or_large_file
Gi_7VL9,viz_structure,data/viz/Gi_7VL9/structure.pdb,yes,1437426,,pending_binary_or_large_file
Gi_7VL9,viz_trajectory,data/viz/Gi_7VL9/traj.xtc,yes,169303600,,pending_binary_or_large_file
Gi_7VL9,api_index,data/api/v1/systems/Gi_7VL9/index.json,yes,1328,d8a258b2123030ef7096f9a0d3e1f5553713f80a177654d08a603366723c8c84,computed
Gi_7VL9,api_pockets,data/api/v1/systems/Gi_7VL9/pockets.json,yes,7117,4fa3ebcb932d09dadb3d2a088abf888ee3b2fb6957d92c099bf2f14defacdc85,computed
Gi_7VL9,api_pockets_gpcrdb,data/api/v1/systems/Gi_7VL9/pockets_gpcrdb.json,yes,11413,8a2a191f323b09d89d0ba7963bf12eb2da4a912584a77f243f0f8a00ec909cfc,computed
Gi_7VL9,api_gateways,data/api/v1/systems/Gi_7VL9/gateways.json,yes,8039,504777aa1fc9b628012f2756a582933672f5aee768ea6b25d3e64f7a82840661,computed
Gi_7VL9,api_gprotein,data/api/v1/systems/Gi_7VL9/gprotein_metrics.json,yes,173394,e8f6ce7d9c0c32b5c67d5594fa9784b3b81815560ca4c4f89a7883cb5f82f87f,computed
Gi_7VL9,api_pocketgrid,data/api/v1/systems/Gi_7VL9/pocketgrid.npz,yes,7136958,,pending_binary_or_large_file
Gi_7VL9,chain_roles,data/chain_roles/Gi_7VL9_chain_roles.json,yes,469,1cf752bf8450837cb29eca7a5509d198f799157398ecc29fa13564ca49de845f,computed
Gi_7VL9,contacts,data/contacts/Gi_7VL9_contacts.parquet,yes,49065,,pending_binary_or_large_file
Gi_7W0N,viz_structure,data/viz/Gi_7W0N/structure.pdb,yes,1361529,,pending_binary_or_large_file
Gi_7W0N,viz_trajectory,data/viz/Gi_7W0N/traj.xtc,yes,160341844,,pending_binary_or_large_file
Gi_7W0N,api_index,data/api/v1/systems/Gi_7W0N/index.json,yes,1315,de3b8528cb279d39be8b88e9d498544cd21addf6e9fa7e69f26d1e62943f0d14,computed
Gi_7W0N,api_pockets,data/api/v1/systems/Gi_7W0N/pockets.json,yes,5802,fa75b5b934e38aa8da292a39342eba4a0cf29ae6709ad3bf2b1601ef91010610,computed
Gi_7W0N,api_pockets_gpcrdb,data/api/v1/systems/Gi_7W0N/pockets_gpcrdb.json,yes,9196,442cd8e60fd6804c36bb10a3b627a57f9ff08411a36f36300d8173ae6bda3d50,computed
Gi_7W0N,api_gateways,data/api/v1/systems/Gi_7W0N/gateways.json,yes,8078,100464ef0dd40ae42510118d587f5d27a4f45619d21055ed2eda936fc665c7c0,computed
Gi_7W0N,api_gprotein,data/api/v1/systems/Gi_7W0N/gprotein_metrics.json,yes,173527,8d30eaf8b9a756787136a5d55f3febece9ea06a25acfa0db13d07814cdc7bdb9,computed
Gi_7W0N,api_pocketgrid,data/api/v1/systems/Gi_7W0N/pocketgrid.npz,yes,6005198,,pending_binary_or_large_file
Gi_7W0N,chain_roles,data/chain_roles/Gi_7W0N_chain_roles.json,yes,468,c536e5bc053ca54326771451a68d9ce37701450c3a58ab8edc5d07e3cb613f82,computed
Gi_7W0N,contacts,data/contacts/Gi_7W0N_contacts.parquet,yes,49424,,pending_binary_or_large_file
Gi_7W6P,viz_structure,data/viz/Gi_7W6P/structure.pdb,yes,1453302,,pending_binary_or_large_file
Gi_7W6P,viz_trajectory,data/viz/Gi_7W6P/traj.xtc,yes,170455532,,pending_binary_or_large_file
Gi_7W6P,api_index,data/api/v1/systems/Gi_7W6P/index.json,yes,1361,b81a9e640b00259843781ee4a014ef76bfad51caec3aa6922ac59fc61b7c1a36,computed
Gi_7W6P,api_pockets,data/api/v1/systems/Gi_7W6P/pockets.json,yes,6882,c630d32e9b4daf8868670b5071757e5027cfb62b0c70576c3ec80bb54550984e,computed
Gi_7W6P,api_pockets_gpcrdb,data/api/v1/systems/Gi_7W6P/pockets_gpcrdb.json,yes,11193,093a2ab7141dc89fd0b1dd76365a8dc5297b6a5a51c83909d6b85baeb7671a9a,computed
Gi_7W6P,api_gateways,data/api/v1/systems/Gi_7W6P/gateways.json,yes,8035,2aac18294c5a70b5641cd8d4e116f1ce4d53a82e9f3642a0d702d49649f1729c,computed
Gi_7W6P,api_gprotein,data/api/v1/systems/Gi_7W6P/gprotein_metrics.json,yes,174983,4c3dd6b129159c1b88d03cb8d69f204b6d747f9db8145746a44f029e88135c32,computed
Gi_7W6P,api_pocketgrid,data/api/v1/systems/Gi_7W6P/pocketgrid.npz,yes,10254462,,pending_binary_or_large_file
Gi_7W6P,chain_roles,data/chain_roles/Gi_7W6P_chain_roles.json,yes,382,f8190c29e6ed48ff2006905efede2ac0b12a12995048fdcfc5c348f32835346a,computed
Gi_7W6P,contacts,data/contacts/Gi_7W6P_contacts.parquet,yes,56092,,pending_binary_or_large_file
Gi_7WQ3,viz_structure,data/viz/Gi_7WQ3/structure.pdb,yes,1392066,,pending_binary_or_large_file
Gi_7WQ3,viz_trajectory,data/viz/Gi_7WQ3/traj.xtc,yes,163109744,,pending_binary_or_large_file
Gi_7WQ3,api_index,data/api/v1/systems/Gi_7WQ3/index.json,yes,1323,0e8597ad98fd90aaa73538b665a447e41ac86b81a2df7c53401b5c93eb741abc,computed
Gi_7WQ3,api_pockets,data/api/v1/systems/Gi_7WQ3/pockets.json,yes,8637,0f31186dd93863bc4d24faab3c8beba60a23e41815fab6cfb0bd77eced94f7c4,computed
Gi_7WQ3,api_pockets_gpcrdb,data/api/v1/systems/Gi_7WQ3/pockets_gpcrdb.json,yes,13546,69194725307d3a35d07cf9341d392a9f3052f8bb8bd273d5682711d45fa92c14,computed
Gi_7WQ3,api_gateways,data/api/v1/systems/Gi_7WQ3/gateways.json,yes,8058,7aef41c55bf9951c0128c1ea2593bb317348eeeec408cafebeb4b16eb8e072e1,computed
Gi_7WQ3,api_gprotein,data/api/v1/systems/Gi_7WQ3/gprotein_metrics.json,yes,174135,541c8d5499e1c9bd55343b583002deb8fde8df5cc91e5c39a68a7d35e22ca493,computed
Gi_7WQ3,api_pocketgrid,data/api/v1/systems/Gi_7WQ3/pocketgrid.npz,yes,6272286,,pending_binary_or_large_file
Gi_7WQ3,chain_roles,data/chain_roles/Gi_7WQ3_chain_roles.json,yes,468,d232a9a26f06fcf6fc6c2a98d33d49e56848f710be9e25c559dadc8a56adc7e9,computed
Gi_7WQ3,contacts,data/contacts/Gi_7WQ3_contacts.parquet,yes,48742,,pending_binary_or_large_file
Gi_7WU9,viz_structure,data/viz/Gi_7WU9/structure.pdb,yes,1363878,,pending_binary_or_large_file
Gi_7WU9,viz_trajectory,data/viz/Gi_7WU9/traj.xtc,yes,159943716,,pending_binary_or_large_file
Gi_7WU9,api_index,data/api/v1/systems/Gi_7WU9/index.json,yes,1338,300baee23f446a142a7c02797f06b0ebdd01545b9d68094e18b044ad16b9f28b,computed
Gi_7WU9,api_pockets,data/api/v1/systems/Gi_7WU9/pockets.json,yes,6645,33313b7914838ff38e1430ff1c872e56dc5a03cb4b9db72bb87ead43171c95be,computed
Gi_7WU9,api_pockets_gpcrdb,data/api/v1/systems/Gi_7WU9/pockets_gpcrdb.json,yes,10810,f90b8b3a401a2bcd7d6320aa0cb0e19cef5faee9a7886e57cc0b55deb4178d41,computed
Gi_7WU9,api_gateways,data/api/v1/systems/Gi_7WU9/gateways.json,yes,8069,33343454f24091fb91776adb2184862ccc88f245d94c3bada8207866ceb22aab,computed
Gi_7WU9,api_gprotein,data/api/v1/systems/Gi_7WU9/gprotein_metrics.json,yes,174565,da4d9e0e02077debee156093715d1f6b8c1a0f6b04e5a79a38038f817709d4cb,computed
Gi_7WU9,api_pocketgrid,data/api/v1/systems/Gi_7WU9/pocketgrid.npz,yes,7551870,,pending_binary_or_large_file
Gi_7WU9,chain_roles,data/chain_roles/Gi_7WU9_chain_roles.json,yes,382,e2edf2b009f95c79451422ca6cb0f1ebd9454fb5e8954675ac1791e6171874e7,computed
Gi_7WU9,contacts,data/contacts/Gi_7WU9_contacts.parquet,yes,50274,,pending_binary_or_large_file
Gi_7WV9,viz_structure,data/viz/Gi_7WV9/structure.pdb,yes,1354401,,pending_binary_or_large_file
Gi_7WV9,viz_trajectory,data/viz/Gi_7WV9/traj.xtc,yes,158918568,,pending_binary_or_large_file
Gi_7WV9,api_index,data/api/v1/systems/Gi_7WV9/index.json,yes,1474,bbe46a0cbcaceedfa6bd4e04f83553f211a7ab6a9fe6ec4ce14e961c83d54f82,computed
Gi_7WV9,api_pockets,data/api/v1/systems/Gi_7WV9/pockets.json,yes,4869,2a575b348e9a83c5dff8fcceef882144806c511fa09872fae3acc3e80900b4df,computed
Gi_7WV9,api_pockets_gpcrdb,data/api/v1/systems/Gi_7WV9/pockets_gpcrdb.json,yes,7676,9bf5253b8e556e20e45299af4f39e4e86662c6d91c26cb1a87ef204a5de033af,computed
Gi_7WV9,api_gateways,data/api/v1/systems/Gi_7WV9/gateways.json,yes,8023,19197a7018ecb9de0bd8579be2c0024dc823915c4509f0e3c6925ad4cd452c47,computed
Gi_7WV9,api_gprotein,data/api/v1/systems/Gi_7WV9/gprotein_metrics.json,yes,173840,63a75786c6f94e14bfc90e4a76b306f0000db1dcdb8b2c68ebd82e84fd24be61,computed
Gi_7WV9,api_pocketgrid,data/api/v1/systems/Gi_7WV9/pocketgrid.npz,yes,6475710,,pending_binary_or_large_file
Gi_7WV9,chain_roles,data/chain_roles/Gi_7WV9_chain_roles.json,yes,382,8b934153f3c96023a6ce6cc17b393f6ae10cf36664b373c6402d7072b0a56a98,computed
Gi_7WV9,contacts,data/contacts/Gi_7WV9_contacts.parquet,yes,48751,,pending_binary_or_large_file
Gi_7WVU,viz_structure,data/viz/Gi_7WVU/structure.pdb,yes,1343709,,pending_binary_or_large_file
Gi_7WVU,viz_trajectory,data/viz/Gi_7WVU/traj.xtc,yes,157968604,,pending_binary_or_large_file
Gi_7WVU,api_index,data/api/v1/systems/Gi_7WVU/index.json,yes,1327,d74e784fce40cdef270dfcb3f0effa67cf38665c1cf9d5e8a8400ff131dc935c,computed
Gi_7WVU,api_pockets,data/api/v1/systems/Gi_7WVU/pockets.json,yes,6733,73955ba4607eb3a2f4062a7a70ecd09e9700b42530d688fb0a74f6caf4edf6c0,computed
Gi_7WVU,api_pockets_gpcrdb,data/api/v1/systems/Gi_7WVU/pockets_gpcrdb.json,yes,10826,5235c8ee27e6250c23886be1eadeb8af129b9829d748c0c4a6d3cd9abdcb4bc1,computed
Gi_7WVU,api_gateways,data/api/v1/systems/Gi_7WVU/gateways.json,yes,8082,d811781de28812fc5ec489d2580b0f000986d7719e0059e6d1a1299bca416afb,computed
Gi_7WVU,api_gprotein,data/api/v1/systems/Gi_7WVU/gprotein_metrics.json,yes,174746,4963ae11516d43cc1e9bd00944ac2f5fe73af7e0168ebcf694c3ded703486b87,computed
Gi_7WVU,api_pocketgrid,data/api/v1/systems/Gi_7WVU/pocketgrid.npz,yes,6083550,,pending_binary_or_large_file
Gi_7WVU,chain_roles,data/chain_roles/Gi_7WVU_chain_roles.json,yes,470,b1a25a18c622f92c788eeb5783764f274ff9b953b6723a55b068018caa747b47,computed
Gi_7WVU,contacts,data/contacts/Gi_7WVU_contacts.parquet,yes,47220,,pending_binary_or_large_file
Gi_7WVX,viz_structure,data/viz/Gi_7WVX/structure.pdb,yes,1347516,,pending_binary_or_large_file
Gi_7WVX,viz_trajectory,data/viz/Gi_7WVX/traj.xtc,yes,158221804,,pending_binary_or_large_file
Gi_7WVX,api_index,data/api/v1/systems/Gi_7WVX/index.json,yes,1326,90065db006cada37471a5637f075d76a2938f48e322a301971e86b60b9abedd3,computed
Gi_7WVX,api_pockets,data/api/v1/systems/Gi_7WVX/pockets.json,yes,9546,63b3e3f5a90697f7b5709ac881e0dbed417a58df3c8208ff328be4cf50fa438c,computed
Gi_7WVX,api_pockets_gpcrdb,data/api/v1/systems/Gi_7WVX/pockets_gpcrdb.json,yes,15037,84e0acd417701f3377c345b2057cef6baaddce0ba1cec8d454d050e5e2222b0c,computed
Gi_7WVX,api_gateways,data/api/v1/systems/Gi_7WVX/gateways.json,yes,8062,3079fcb2743d02f7bf39270780c1d38e5195af5a099b059921d89f1c56103488,computed
Gi_7WVX,api_gprotein,data/api/v1/systems/Gi_7WVX/gprotein_metrics.json,yes,173130,39c666f338aecf6eaa0e00e3c6deddf14b0f75d12605b1e1be48550eec338df6,computed
Gi_7WVX,api_pocketgrid,data/api/v1/systems/Gi_7WVX/pocketgrid.npz,yes,5059710,,pending_binary_or_large_file
Gi_7WVX,chain_roles,data/chain_roles/Gi_7WVX_chain_roles.json,yes,468,b50156753ee1bf024c0e9031a6e22b72d115426f36c508b1f7d9d25a8f85dca5,computed
Gi_7WVX,contacts,data/contacts/Gi_7WVX_contacts.parquet,yes,46520,,pending_binary_or_large_file
Gi_7X5H,viz_structure,data/viz/Gi_7X5H/structure.pdb,yes,1336743,,pending_binary_or_large_file
Gi_7X5H,viz_trajectory,data/viz/Gi_7X5H/traj.xtc,yes,156827960,,pending_binary_or_large_file
Gi_7X5H,api_index,data/api/v1/systems/Gi_7X5H/index.json,yes,1371,eadff24897ff3c8fdca1692d67e17b6d4472160cccbc8ca280f5955c4be6a6aa,computed
Gi_7X5H,api_pockets,data/api/v1/systems/Gi_7X5H/pockets.json,yes,6960,f8d45830a73e095ee7732722b167789f65afef6bc0f68e2c062f5c20be780ab0,computed
Gi_7X5H,api_pockets_gpcrdb,data/api/v1/systems/Gi_7X5H/pockets_gpcrdb.json,yes,11041,22b7fa910038b21c4e528630585a985d10b84aa28c960e57f29afd8e4d418f1f,computed
Gi_7X5H,api_gateways,data/api/v1/systems/Gi_7X5H/gateways.json,yes,8063,20cc02890ca7d5672ec3045c43916fba77b0121c229167b20217cf275d56f3e8,computed
Gi_7X5H,api_gprotein,data/api/v1/systems/Gi_7X5H/gprotein_metrics.json,yes,174062,e171ace4c3976dcaaeaba76151f423ad7cce2062427a5d2da484e11f5865a21d,computed
Gi_7X5H,api_pocketgrid,data/api/v1/systems/Gi_7X5H/pocketgrid.npz,yes,5915742,,pending_binary_or_large_file
Gi_7X5H,chain_roles,data/chain_roles/Gi_7X5H_chain_roles.json,yes,382,306de23f9a370d0bcaaaeb08c67a1b44b5fdc4de228b27b276560acbbab2a436,computed
Gi_7X5H,contacts,data/contacts/Gi_7X5H_contacts.parquet,yes,47024,,pending_binary_or_large_file
Gi_7X9A,viz_structure,data/viz/Gi_7X9A/structure.pdb,yes,1406889,,pending_binary_or_large_file
Gi_7X9A,viz_trajectory,data/viz/Gi_7X9A/traj.xtc,yes,165691252,,pending_binary_or_large_file
Gi_7X9A,api_index,data/api/v1/systems/Gi_7X9A/index.json,yes,1330,62030b6b793d4ea2656ef640b229bc87078c25ce9cd6f4872bd0824b46d34d55,computed
Gi_7X9A,api_pockets,data/api/v1/systems/Gi_7X9A/pockets.json,yes,6285,e2a52985d5bef1a4b88a6d13c0d5a14762d328aadb7cf316aab375d1a41797c4,computed
Gi_7X9A,api_pockets_gpcrdb,data/api/v1/systems/Gi_7X9A/pockets_gpcrdb.json,yes,10633,62665f0ad62a1e8bf14ad6d604f8394bc74bea90a9a8edf8b5e0dfaf5fc259cb,computed
Gi_7X9A,api_gateways,data/api/v1/systems/Gi_7X9A/gateways.json,yes,8052,f7c29584a3c5d0205ea692078e52615a949aaeb34c4f5b8826b7a0d4fee89e11,computed
Gi_7X9A,api_gprotein,data/api/v1/systems/Gi_7X9A/gprotein_metrics.json,yes,174836,2f439b37f2ac40924943d2e0a9ce212e5d9a8beab2377edff8300f80c6a4de03,computed
Gi_7X9A,api_pocketgrid,data/api/v1/systems/Gi_7X9A/pocketgrid.npz,yes,7581678,,pending_binary_or_large_file
Gi_7X9A,chain_roles,data/chain_roles/Gi_7X9A_chain_roles.json,yes,468,16488966a912009801b200c63236f3c2c1cd4feace0e892bfcef0adf0c991bcf,computed
Gi_7X9A,contacts,data/contacts/Gi_7X9A_contacts.parquet,yes,48522,,pending_binary_or_large_file
Gi_7X9C,viz_structure,data/viz/Gi_7X9C/structure.pdb,yes,1438722,,pending_binary_or_large_file
Gi_7X9C,viz_trajectory,data/viz/Gi_7X9C/traj.xtc,yes,169114576,,pending_binary_or_large_file
Gi_7X9C,api_index,data/api/v1/systems/Gi_7X9C/index.json,yes,1330,a6496b21b2e660c21aef3890afe48f77ba8f215c1f9c0a5b7c9a03d1612c54f0,computed
Gi_7X9C,api_pockets,data/api/v1/systems/Gi_7X9C/pockets.json,yes,6409,09764f1698df2afc178a30ff0839432e05487e455cd2f4d9d6ecb0e45e6e35ce,computed
Gi_7X9C,api_pockets_gpcrdb,data/api/v1/systems/Gi_7X9C/pockets_gpcrdb.json,yes,10160,5ae94371996bb5921f56a69e590f637b0aa0486d3e908d04145880ee2858eca4,computed
Gi_7X9C,api_gateways,data/api/v1/systems/Gi_7X9C/gateways.json,yes,8062,7b64a1199b1bc3aa4ad994352c45ebec403e4b22ba575dbaf06a5169d58177cf,computed
Gi_7X9C,api_gprotein,data/api/v1/systems/Gi_7X9C/gprotein_metrics.json,yes,174702,2cdaf6acec7c3edb001e1ea3ef8d3f243a86fcb446ec75228348be6472966a39,computed
Gi_7X9C,api_pocketgrid,data/api/v1/systems/Gi_7X9C/pocketgrid.npz,yes,7608894,,pending_binary_or_large_file
Gi_7X9C,chain_roles,data/chain_roles/Gi_7X9C_chain_roles.json,yes,468,00217cb610d0aca1f519f22aac717eb0c1b64dfceb50ecb086405b6369e87734,computed
Gi_7X9C,contacts,data/contacts/Gi_7X9C_contacts.parquet,yes,51872,,pending_binary_or_large_file
Gi_7X9Y,viz_structure,data/viz/Gi_7X9Y/structure.pdb,yes,1354239,,pending_binary_or_large_file
Gi_7X9Y,viz_trajectory,data/viz/Gi_7X9Y/traj.xtc,yes,158797488,,pending_binary_or_large_file
Gi_7X9Y,api_index,data/api/v1/systems/Gi_7X9Y/index.json,yes,1328,7612f9ff0c6b97a3be36fabfda8865d1d9c53c67109c785ba53ff2a2a6713d54,computed
Gi_7X9Y,api_pockets,data/api/v1/systems/Gi_7X9Y/pockets.json,yes,7333,197ba3195bfdcfda1c363f1c39b8189c56f6eab0355438ab06c1bb85cb25c16e,computed
Gi_7X9Y,api_pockets_gpcrdb,data/api/v1/systems/Gi_7X9Y/pockets_gpcrdb.json,yes,12049,aba70e1b7dd12a20b8af1b250849fed6ce3dcac7bce14a0fdf3bf7f2900c192f,computed
Gi_7X9Y,api_gateways,data/api/v1/systems/Gi_7X9Y/gateways.json,yes,8098,354adf222dae70d7842e56c6a5b0f0c439fa8912d56b55d9826659a110dc8ce6,computed
Gi_7X9Y,api_gprotein,data/api/v1/systems/Gi_7X9Y/gprotein_metrics.json,yes,174420,0ccc12e767f83b24422e691fe9ba93356b44a14cc35c5bb788dccd1dd3117fdd,computed
Gi_7X9Y,api_pocketgrid,data/api/v1/systems/Gi_7X9Y/pocketgrid.npz,yes,5778590,,pending_binary_or_large_file
Gi_7X9Y,chain_roles,data/chain_roles/Gi_7X9Y_chain_roles.json,yes,382,2044b827bfee07a9ca4de1bdb52d97bfb5c85b073d3399af46da318205b53ca7,computed
Gi_7X9Y,contacts,data/contacts/Gi_7X9Y_contacts.parquet,yes,46347,,pending_binary_or_large_file
Gi_7XA3,viz_structure,data/viz/Gi_7XA3/structure.pdb,yes,1472418,,pending_binary_or_large_file
Gi_7XA3,viz_trajectory,data/viz/Gi_7XA3/traj.xtc,yes,172536312,,pending_binary_or_large_file
Gi_7XA3,api_index,data/api/v1/systems/Gi_7XA3/index.json,yes,1328,22fdea6775a378ffde4cf0757ec25937e7afa19c598cf7ff918f8bae6d7cf9db,computed
Gi_7XA3,api_pockets,data/api/v1/systems/Gi_7XA3/pockets.json,yes,7147,a96aa4af06d9ab18cbc7992113701da47c35e6dcecdac69cd2efcc22ed5b9df2,computed
Gi_7XA3,api_pockets_gpcrdb,data/api/v1/systems/Gi_7XA3/pockets_gpcrdb.json,yes,11522,980f9202d60bc0de3bdf530ca9f5382104020288572eb8cc5d4ac99583a08c27,computed
Gi_7XA3,api_gateways,data/api/v1/systems/Gi_7XA3/gateways.json,yes,8035,db29e26e9e99599b92a2af72b53172a6805f52e1733406b87d741b5457555958,computed
Gi_7XA3,api_gprotein,data/api/v1/systems/Gi_7XA3/gprotein_metrics.json,yes,173702,d2208edd6d66c7fa5cfaf65127fb004a70b77088e059564eccdfdcfc12573432,computed
Gi_7XA3,api_pocketgrid,data/api/v1/systems/Gi_7XA3/pocketgrid.npz,yes,6664062,,pending_binary_or_large_file
Gi_7XA3,chain_roles,data/chain_roles/Gi_7XA3_chain_roles.json,yes,468,b9db01257db53eeedafb2b6eef166a8f979e854176b16c63317d255c492c7572,computed
Gi_7XA3,contacts,data/contacts/Gi_7XA3_contacts.parquet,yes,50977,,pending_binary_or_large_file
Gi_7XBX,viz_structure,data/viz/Gi_7XBX/structure.pdb,yes,1255095,,pending_binary_or_large_file
Gi_7XBX,viz_trajectory,data/viz/Gi_7XBX/traj.xtc,yes,147214396,,pending_binary_or_large_file
Gi_7XBX,api_index,data/api/v1/systems/Gi_7XBX/index.json,yes,1326,87f4089e25b40c5650e3ef7d8921f5105205936e5632a7d52795762ad5f01364,computed
Gi_7XBX,api_pockets,data/api/v1/systems/Gi_7XBX/pockets.json,yes,5736,8bace1a12371c1d4bcc0ab583f543655611688ad0423623f49fe0429e63672e5,computed
Gi_7XBX,api_pockets_gpcrdb,data/api/v1/systems/Gi_7XBX/pockets_gpcrdb.json,yes,9121,55118512a46bcd91f728f93f1330dd640fb18e3921a94bfe83a3a7b89f639f33,computed
Gi_7XBX,api_gateways,data/api/v1/systems/Gi_7XBX/gateways.json,yes,8081,a707e76e3802c56baefd52ef47197db30a176a539dc4d7dd46b2a8878074f3cc,computed
Gi_7XBX,api_gprotein,data/api/v1/systems/Gi_7XBX/gprotein_metrics.json,yes,171967,e126ef1bf7c3f94534c3bd2adcbec6c28cb349df285f57ea0a8812f763429b62,computed
Gi_7XBX,api_pocketgrid,data/api/v1/systems/Gi_7XBX/pocketgrid.npz,yes,6348894,,pending_binary_or_large_file
Gi_7XBX,chain_roles,data/chain_roles/Gi_7XBX_chain_roles.json,yes,381,181041fad3548b3bde465e86167f37259de8ae8fa4ddc1794d5c0e19967cf95b,computed
Gi_7XBX,contacts,data/contacts/Gi_7XBX_contacts.parquet,yes,44229,,pending_binary_or_large_file
Gi_7XK2,viz_structure,data/viz/Gi_7XK2/structure.pdb,yes,1383318,,pending_binary_or_large_file
Gi_7XK2,viz_trajectory,data/viz/Gi_7XK2/traj.xtc,yes,162809832,,pending_binary_or_large_file
Gi_7XK2,api_index,data/api/v1/systems/Gi_7XK2/index.json,yes,1445,3cf9c9b99949164c5edbb933e2161d58072fb54b86917b1ea787c3347c86041d,computed
Gi_7XK2,api_pockets,data/api/v1/systems/Gi_7XK2/pockets.json,yes,5700,36d3ac824660d7ab8050ec7cf06890a28a0441d686869f246215573cd0d725fe,computed
Gi_7XK2,api_pockets_gpcrdb,data/api/v1/systems/Gi_7XK2/pockets_gpcrdb.json,yes,9042,a00455016cee2dcbba56d579f9fcab7f6deda6cbcaec74aa3bafe17484ce57ff,computed
Gi_7XK2,api_gateways,data/api/v1/systems/Gi_7XK2/gateways.json,yes,8070,0ecc6d4c4eb59031da0729ea0fb3ee5c3d0c008a1119f0fe10a091742e4fcd35,computed
Gi_7XK2,api_gprotein,data/api/v1/systems/Gi_7XK2/gprotein_metrics.json,yes,174158,28a4d4346c85764947bfb1f785dbda2013c7504411d4f8f9ea02ac7cbbcaa28f,computed
Gi_7XK2,api_pocketgrid,data/api/v1/systems/Gi_7XK2/pocketgrid.npz,yes,7388670,,pending_binary_or_large_file
Gi_7XK2,chain_roles,data/chain_roles/Gi_7XK2_chain_roles.json,yes,382,f31aca57fc080d942d4ae142bbb7ec3e35ea3c5cea8c2d5da592f8142287a498,computed
Gi_7XK2,contacts,data/contacts/Gi_7XK2_contacts.parquet,yes,48937,,pending_binary_or_large_file
Gi_7XK8,viz_structure,data/viz/Gi_7XK8/structure.pdb,yes,1447632,,pending_binary_or_large_file
Gi_7XK8,viz_trajectory,data/viz/Gi_7XK8/traj.xtc,yes,169354572,,pending_binary_or_large_file
Gi_7XK8,api_index,data/api/v1/systems/Gi_7XK8/index.json,yes,1323,2b46447992b66892f72e62f19dca3e27419dcb1686f5998e3afa31a1900a31f4,computed
Gi_7XK8,api_pockets,data/api/v1/systems/Gi_7XK8/pockets.json,yes,6460,5775b15a710d3cba3f6dc821b5c9331277037d1a73c328255f9ee7d29d31bf6b,computed
Gi_7XK8,api_pockets_gpcrdb,data/api/v1/systems/Gi_7XK8/pockets_gpcrdb.json,yes,10624,287b2e6da1c5f27619e0609592cc0e9b6f21c98f5ac77c6a98bd12e27f5cd1f0,computed
Gi_7XK8,api_gateways,data/api/v1/systems/Gi_7XK8/gateways.json,yes,8077,4a2846445e41012f59f8c2ed73fd63fe007388769967105bbc7d7804691872da,computed
Gi_7XK8,api_gprotein,data/api/v1/systems/Gi_7XK8/gprotein_metrics.json,yes,174770,6885412c51752305cd795eb3a3651a56184b19026a0440204639a8b9b9d4760f,computed
Gi_7XK8,api_pocketgrid,data/api/v1/systems/Gi_7XK8/pocketgrid.npz,yes,6343470,,pending_binary_or_large_file
Gi_7XK8,chain_roles,data/chain_roles/Gi_7XK8_chain_roles.json,yes,468,537f2f047dcea6effbef57be7a7ae699b1f3001ce7cda3b12ff1b90e170c4967,computed
Gi_7XK8,contacts,data/contacts/Gi_7XK8_contacts.parquet,yes,49976,,pending_binary_or_large_file
Gi_7XMS,viz_structure,data/viz/Gi_7XMS/structure.pdb,yes,1285227,,pending_binary_or_large_file
Gi_7XMS,viz_trajectory,data/viz/Gi_7XMS/traj.xtc,yes,151423184,,pending_binary_or_large_file
Gi_7XMS,api_index,data/api/v1/systems/Gi_7XMS/index.json,yes,1328,a084d785d6c48570c76861a90333558a2a68c34416a1b9f219bdce099e7e2af0,computed
Gi_7XMS,api_pockets,data/api/v1/systems/Gi_7XMS/pockets.json,yes,6156,7548683655aed0735fe109c7ad4bddb6492c5ab319364d422f24010f96f1b3c2,computed
Gi_7XMS,api_pockets_gpcrdb,data/api/v1/systems/Gi_7XMS/pockets_gpcrdb.json,yes,9532,a2e8a4eb8a2b1d8a4c811c9aed6ad3a2ff0b94380e86574711d0ec34b203d497,computed
Gi_7XMS,api_gateways,data/api/v1/systems/Gi_7XMS/gateways.json,yes,8060,b200fb3bc4127eb15bd2e0df8f7b2279cc0242fa563d986376594ebc27df1aff,computed
Gi_7XMS,api_gprotein,data/api/v1/systems/Gi_7XMS/gprotein_metrics.json,yes,172123,a2f40d93b78d473ff24c35ffd605917a58f0a5b4b3236d30072d6a92b1081fec,computed
Gi_7XMS,api_pocketgrid,data/api/v1/systems/Gi_7XMS/pocketgrid.npz,yes,6009070,,pending_binary_or_large_file
Gi_7XMS,chain_roles,data/chain_roles/Gi_7XMS_chain_roles.json,yes,468,c995b8aba398e2cd8eee83bb3b8e195347fd7852327cf1ea118f57b7e0829f23,computed
Gi_7XMS,contacts,data/contacts/Gi_7XMS_contacts.parquet,yes,45895,,pending_binary_or_large_file
Gi_7XTA,viz_structure,data/viz/Gi_7XTA/structure.pdb,yes,1364607,,pending_binary_or_large_file
Gi_7XTA,viz_trajectory,data/viz/Gi_7XTA/traj.xtc,yes,160210700,,pending_binary_or_large_file
Gi_7XTA,api_index,data/api/v1/systems/Gi_7XTA/index.json,yes,1337,8225940c94a534c2b576355f7d60a7ea34cff3edbfa8f25e49e76c70eaf419b8,computed
Gi_7XTA,api_pockets,data/api/v1/systems/Gi_7XTA/pockets.json,yes,3413,27abf8d0b47578dad319541a8cba41e8500c7e7b21166db1bcea6eb85131b724,computed
Gi_7XTA,api_pockets_gpcrdb,data/api/v1/systems/Gi_7XTA/pockets_gpcrdb.json,yes,5188,366ed7af1063d35ab8352e947b9f3dc41a746e02ea5a670d7a3bf188b8d8cb69,computed
Gi_7XTA,api_gateways,data/api/v1/systems/Gi_7XTA/gateways.json,yes,8109,8a5a8ff43bb82abc94e988ded4e78bf30a7e8689c0a626f1796af342ba58be83,computed
Gi_7XTA,api_gprotein,data/api/v1/systems/Gi_7XTA/gprotein_metrics.json,yes,174880,97ab509455150dfabda8252cdd23869bd2144bf64e66497c25649013533dae48,computed
Gi_7XTA,api_pocketgrid,data/api/v1/systems/Gi_7XTA/pocketgrid.npz,yes,6039070,,pending_binary_or_large_file
Gi_7XTA,chain_roles,data/chain_roles/Gi_7XTA_chain_roles.json,yes,382,d881de8d49b2a02d42bdb66a6e53a93e7f94613d6c889681af8e913a919a3361,computed
Gi_7XTA,contacts,data/contacts/Gi_7XTA_contacts.parquet,yes,48977,,pending_binary_or_large_file
Gi_7XXI,viz_structure,data/viz/Gi_7XXI/structure.pdb,yes,1381536,,pending_binary_or_large_file
Gi_7XXI,viz_trajectory,data/viz/Gi_7XXI/traj.xtc,yes,162069172,,pending_binary_or_large_file
Gi_7XXI,api_index,data/api/v1/systems/Gi_7XXI/index.json,yes,1375,477a41fc6aa909f48e092b2e5ade14a53cf434081f174ef161794943d5b06774,computed
Gi_7XXI,api_pockets,data/api/v1/systems/Gi_7XXI/pockets.json,yes,4546,8cdf305f2641e5dbfdbd78c547d015218f88521d960c376d8f8002b51eb1048b,computed
Gi_7XXI,api_pockets_gpcrdb,data/api/v1/systems/Gi_7XXI/pockets_gpcrdb.json,yes,7638,db8b74a106863bc537ce16c7be968b69173905e00173ec2fdc747fd21d89b0da,computed
Gi_7XXI,api_gateways,data/api/v1/systems/Gi_7XXI/gateways.json,yes,8078,fb7f694a55e969dba414704d1f20e4009847e8da54ce69344217c9ae2ab36555,computed
Gi_7XXI,api_gprotein,data/api/v1/systems/Gi_7XXI/gprotein_metrics.json,yes,175592,6ab38de499d981f78fa1f4cb8abcbe83746b36e04a79d42a390a8243e34d365e,computed
Gi_7XXI,api_pocketgrid,data/api/v1/systems/Gi_7XXI/pocketgrid.npz,yes,6764190,,pending_binary_or_large_file
Gi_7XXI,chain_roles,data/chain_roles/Gi_7XXI_chain_roles.json,yes,384,c74f2e400ea08dfcd9d6645d6b07debb4b9288918530eb0bc0bd69b3999e377d,computed
Gi_7XXI,contacts,data/contacts/Gi_7XXI_contacts.parquet,yes,49840,,pending_binary_or_large_file
Gi_7Y12,viz_structure,data/viz/Gi_7Y12/structure.pdb,yes,1292436,,pending_binary_or_large_file
Gi_7Y12,viz_trajectory,data/viz/Gi_7Y12/traj.xtc,yes,151666444,,pending_binary_or_large_file
Gi_7Y12,api_index,data/api/v1/systems/Gi_7Y12/index.json,yes,1359,e9d8fb7bfe6c2d35390d82824dfcc937357667a2fff20ba1ca7fd83cdeaaa7a1,computed
Gi_7Y12,api_pockets,data/api/v1/systems/Gi_7Y12/pockets.json,yes,6033,226d48725a776d4037eb2f1acc1e83bafd53e769debd08bea943ec1e1851ffee,computed
Gi_7Y12,api_pockets_gpcrdb,data/api/v1/systems/Gi_7Y12/pockets_gpcrdb.json,yes,9756,a2059e1b3e1dcc8cb40ee901c004da4eb5753ad30fabd96195a8da0ee635664b,computed
Gi_7Y12,api_gateways,data/api/v1/systems/Gi_7Y12/gateways.json,yes,8038,92ee55dcaf95c479bc3657845cd6617f0b1ca8362c387a08ae3e0b78d9fd8653,computed
Gi_7Y12,api_gprotein,data/api/v1/systems/Gi_7Y12/gprotein_metrics.json,yes,174542,d99150623cc93d9eae983fdd9d740ee6e66d24765063ec7df1d37ee1d24942ef,computed
Gi_7Y12,api_pocketgrid,data/api/v1/systems/Gi_7Y12/pocketgrid.npz,yes,4975662,,pending_binary_or_large_file
Gi_7Y12,chain_roles,data/chain_roles/Gi_7Y12_chain_roles.json,yes,470,af2537778513165aca59ab5227a31be5beb7825d78d232206338ae9e9aafbc17,computed
Gi_7Y12,contacts,data/contacts/Gi_7Y12_contacts.parquet,yes,44420,,pending_binary_or_large_file
Gi_7Y89,viz_structure,data/viz/Gi_7Y89/structure.pdb,yes,1297620,,pending_binary_or_large_file
Gi_7Y89,viz_trajectory,data/viz/Gi_7Y89/traj.xtc,yes,152180632,,pending_binary_or_large_file
Gi_7Y89,api_index,data/api/v1/systems/Gi_7Y89/index.json,yes,1348,23750bd07f8178f4fe0c9c97896743e73941632f33848e009c22eccbfa39cf2f,computed
Gi_7Y89,api_pockets,data/api/v1/systems/Gi_7Y89/pockets.json,yes,5764,1a48ef5a128f646ebd9c7e93d719b54a2681ea1f2574f89476977720627731f9,computed
Gi_7Y89,api_pockets_gpcrdb,data/api/v1/systems/Gi_7Y89/pockets_gpcrdb.json,yes,9570,6a169063a732b3e9dbe78b37319e27e5d580d1e49cb9a483c3b05457273356a9,computed
Gi_7Y89,api_gateways,data/api/v1/systems/Gi_7Y89/gateways.json,yes,8067,c01ed82b331f384d0810ee015f0fd1ac8aff23163b119c31ece56b0d3465601c,computed
Gi_7Y89,api_gprotein,data/api/v1/systems/Gi_7Y89/gprotein_metrics.json,yes,169745,2b0ae782344a491b49f77d584dd139838441a4548b41b2e47c122d6118c744e0,computed
Gi_7Y89,api_pocketgrid,data/api/v1/systems/Gi_7Y89/pocketgrid.npz,yes,5991198,,pending_binary_or_large_file
Gi_7Y89,chain_roles,data/chain_roles/Gi_7Y89_chain_roles.json,yes,382,e3726ac9e88b09f53528bee17de251e6cf19ca2d9d2085247f81d95b4bc8fe42,computed
Gi_7Y89,contacts,data/contacts/Gi_7Y89_contacts.parquet,yes,45097,,pending_binary_or_large_file
Gi_7YK7,viz_structure,data/viz/Gi_7YK7/structure.pdb,yes,1314225,,pending_binary_or_large_file
Gi_7YK7,viz_trajectory,data/viz/Gi_7YK7/traj.xtc,yes,154257980,,pending_binary_or_large_file
Gi_7YK7,api_index,data/api/v1/systems/Gi_7YK7/index.json,yes,1438,7ab696aa6387f0439fc557ed67c4a797ec1331e392aa2543519c22320b7de2e5,computed
Gi_7YK7,api_pockets,data/api/v1/systems/Gi_7YK7/pockets.json,yes,6997,d0765b60c62fb36aa9a4730ff6cdd8f85c31c4e5e15b9295a87c9ce22a61828d,computed
Gi_7YK7,api_pockets_gpcrdb,data/api/v1/systems/Gi_7YK7/pockets_gpcrdb.json,yes,10909,d6649bec31d6446927e4d58a63594c603f055ca75bbe2fc130b8f49791ef6716,computed
Gi_7YK7,api_gateways,data/api/v1/systems/Gi_7YK7/gateways.json,yes,8042,68e56b017d7306fa4e935f08743d4734ee5931cee17da485b2700ff4e2085196,computed
Gi_7YK7,api_gprotein,data/api/v1/systems/Gi_7YK7/gprotein_metrics.json,yes,173059,76c5501fed591ba01c6169823b334d5f56d23edc0f239a84300446d74a1847db,computed
Gi_7YK7,api_pocketgrid,data/api/v1/systems/Gi_7YK7/pocketgrid.npz,yes,5995390,,pending_binary_or_large_file
Gi_7YK7,chain_roles,data/chain_roles/Gi_7YK7_chain_roles.json,yes,380,0c4417ef09bf4b98b98cb45e8b6a80422f63f7174b85a00473d7fe988ebd4fcc,computed
Gi_7YK7,contacts,data/contacts/Gi_7YK7_contacts.parquet,yes,44405,,pending_binary_or_large_file
Gi_7YKD,viz_structure,data/viz/Gi_7YKD/structure.pdb,yes,1340874,,pending_binary_or_large_file
Gi_7YKD,viz_trajectory,data/viz/Gi_7YKD/traj.xtc,yes,157288584,,pending_binary_or_large_file
Gi_7YKD,api_index,data/api/v1/systems/Gi_7YKD/index.json,yes,1325,024c965506a7854990f1be594aaaabb915a88055849c1ce1b8c2c8c9343d1f20,computed
Gi_7YKD,api_pockets,data/api/v1/systems/Gi_7YKD/pockets.json,yes,6347,8e2a733f8617fa0cef064c4b9be4063232c8573f76b010e67dcd0dc9021d46b3,computed
Gi_7YKD,api_pockets_gpcrdb,data/api/v1/systems/Gi_7YKD/pockets_gpcrdb.json,yes,9429,3c2e80442d41819fd5476063873ed1d601b5e890aca4a6e074ea3eaf8ad68d65,computed
Gi_7YKD,api_gateways,data/api/v1/systems/Gi_7YKD/gateways.json,yes,8054,978a0c33993405f3b6cef5f8d1b82697bc0aaf9f09ffb5cd7111172a5f3020db,computed
Gi_7YKD,api_gprotein,data/api/v1/systems/Gi_7YKD/gprotein_metrics.json,yes,173322,48775bf5b0cbe7cbc432b9bac804bbf6750553105a914ab46585c0e2eab9841f,computed
Gi_7YKD,api_pocketgrid,data/api/v1/systems/Gi_7YKD/pocketgrid.npz,yes,5402270,,pending_binary_or_large_file
Gi_7YKD,chain_roles,data/chain_roles/Gi_7YKD_chain_roles.json,yes,469,b4766d5990a121534942527e6fe3ba78a97f17fcef451b20b6a9f3cb8af276b6,computed
Gi_7YKD,contacts,data/contacts/Gi_7YKD_contacts.parquet,yes,47602,,pending_binary_or_large_file
Gi_7YON,viz_structure,data/viz/Gi_7YON/structure.pdb,yes,1402191,,pending_binary_or_large_file
Gi_7YON,viz_trajectory,data/viz/Gi_7YON/traj.xtc,yes,164409480,,pending_binary_or_large_file
Gi_7YON,api_index,data/api/v1/systems/Gi_7YON/index.json,yes,1331,f454c0d7c11dc65e658034455ee81c9eb82a3f9d86cb17445311f390a0c2fa8e,computed
Gi_7YON,api_pockets,data/api/v1/systems/Gi_7YON/pockets.json,yes,8026,e4fc76bb907d06dc7ac6b4c5ca81622206455a4ec0789ada6eda14b3f7b7a7a6,computed
Gi_7YON,api_pockets_gpcrdb,data/api/v1/systems/Gi_7YON/pockets_gpcrdb.json,yes,12716,b31e4f39fa5548687b85826a5b4a9f3cf85449ac710594a8c20503afed137aa2,computed
Gi_7YON,api_gateways,data/api/v1/systems/Gi_7YON/gateways.json,yes,8036,6b51424a47ef82d8a02b480a41eef5278b8031200932016f1d3bdb5dfc7b9e16,computed
Gi_7YON,api_gprotein,data/api/v1/systems/Gi_7YON/gprotein_metrics.json,yes,174739,bbbd4e24e58c5091ae35e727e0fd6ec3e7fc1a1a9692e81a519cbea8c28b27a7,computed
Gi_7YON,api_pocketgrid,data/api/v1/systems/Gi_7YON/pocketgrid.npz,yes,6447390,,pending_binary_or_large_file
Gi_7YON,chain_roles,data/chain_roles/Gi_7YON_chain_roles.json,yes,468,62fa13f5ba7443ebe038f49a54be45e1081afbaa0eb31a768ba1e29d7148c8b4,computed
Gi_7YON,contacts,data/contacts/Gi_7YON_contacts.parquet,yes,48430,,pending_binary_or_large_file
Gi_7YU8,viz_structure,data/viz/Gi_7YU8/structure.pdb,yes,1336743,,pending_binary_or_large_file
Gi_7YU8,viz_trajectory,data/viz/Gi_7YU8/traj.xtc,yes,156884732,,pending_binary_or_large_file
Gi_7YU8,api_index,data/api/v1/systems/Gi_7YU8/index.json,yes,1415,b56ba49f4c7b708c16d4c33a91b880710d3146c2a86ecf6b5237eee06699e49f,computed
Gi_7YU8,api_pockets,data/api/v1/systems/Gi_7YU8/pockets.json,yes,6093,46f02b001fef8b971722190341709917b6f56602f36d6e3d0414f0b0fecc66a4,computed
Gi_7YU8,api_pockets_gpcrdb,data/api/v1/systems/Gi_7YU8/pockets_gpcrdb.json,yes,9625,d77a51017f7fc43dcd6db1cdeab1c0cf05eb4538843dc43edd0466c6bf5505d9,computed
Gi_7YU8,api_gateways,data/api/v1/systems/Gi_7YU8/gateways.json,yes,8051,3dbc7ae99e50b286a5dc2e0d55b682733d9585475c0afcf8b40e61012de30f47,computed
Gi_7YU8,api_gprotein,data/api/v1/systems/Gi_7YU8/gprotein_metrics.json,yes,172659,d148e1e89bfdf7b9bb9245f4395a9bf8f2aba93f776ae5cc3ea3149ea2b56485,computed
Gi_7YU8,api_pocketgrid,data/api/v1/systems/Gi_7YU8/pocketgrid.npz,yes,5533310,,pending_binary_or_large_file
Gi_7YU8,chain_roles,data/chain_roles/Gi_7YU8_chain_roles.json,yes,382,49f70bc030c0a0ce5865faf2ac5194a29b6910d6d9812eb1a6ad0169a7413e6e,computed
Gi_7YU8,contacts,data/contacts/Gi_7YU8_contacts.parquet,yes,45867,,pending_binary_or_large_file
Gi_8DZQ,viz_structure,data/viz/Gi_8DZQ/structure.pdb,yes,1335366,,pending_binary_or_large_file
Gi_8DZQ,viz_trajectory,data/viz/Gi_8DZQ/traj.xtc,yes,156686136,,pending_binary_or_large_file
Gi_8DZQ,api_index,data/api/v1/systems/Gi_8DZQ/index.json,yes,1469,e84a4ac2c68073295173780969b9ceee916d56fe5db7b6673b5d5c8574638e9e,computed
Gi_8DZQ,api_pockets,data/api/v1/systems/Gi_8DZQ/pockets.json,yes,6850,bbae0e52634efce24be8423bf3f1c33459eac02353c8938dac5c5a0fedd694e8,computed
Gi_8DZQ,api_pockets_gpcrdb,data/api/v1/systems/Gi_8DZQ/pockets_gpcrdb.json,yes,11405,1df211d08c2945e49491b743cb9df9ad72702b91328abd703428e27ae6981c37,computed
Gi_8DZQ,api_gateways,data/api/v1/systems/Gi_8DZQ/gateways.json,yes,8083,d60456b2de8fb0ac2a466eb56b7ee748fb25d1e0e9a703686081a7ed2fb18068,computed
Gi_8DZQ,api_gprotein,data/api/v1/systems/Gi_8DZQ/gprotein_metrics.json,yes,174829,36249ede4b441fc722e858d3119cd9e979042db0a709ae8b886fe3e0bc606d3f,computed
Gi_8DZQ,api_pocketgrid,data/api/v1/systems/Gi_8DZQ/pocketgrid.npz,yes,6627550,,pending_binary_or_large_file
Gi_8DZQ,chain_roles,data/chain_roles/Gi_8DZQ_chain_roles.json,yes,382,1dfd60b224cc2b50dac8e3831df0038cd191a1a32854d8068e65130576dccc20,computed
Gi_8DZQ,contacts,data/contacts/Gi_8DZQ_contacts.parquet,yes,45395,,pending_binary_or_large_file
Gi_8EFO,viz_structure,data/viz/Gi_8EFO/structure.pdb,yes,1324188,,pending_binary_or_large_file
Gi_8EFO,viz_trajectory,data/viz/Gi_8EFO/traj.xtc,yes,155259048,,pending_binary_or_large_file
Gi_8EFO,api_index,data/api/v1/systems/Gi_8EFO/index.json,yes,1417,0890e8b021e9f1d1e0af9f2c2e0c47d506d4ba74172d2c04a6c4f76aa5c2c2be,computed
Gi_8EFO,api_pockets,data/api/v1/systems/Gi_8EFO/pockets.json,yes,5231,c8c6bb6eeeec95bf12efc14da6375121912ef626eb639713c4b6f6d464ef1b28,computed
Gi_8EFO,api_pockets_gpcrdb,data/api/v1/systems/Gi_8EFO/pockets_gpcrdb.json,yes,8246,b29da0f795e4d5b99fe09d9ce38e9d8cc1333d931156d2d830e7c56aa9e9950b,computed
Gi_8EFO,api_gateways,data/api/v1/systems/Gi_8EFO/gateways.json,yes,8074,3b58e3368f637c222da9517058b0d18a56b437fed17387a5bb832e8b7fa68c85,computed
Gi_8EFO,api_gprotein,data/api/v1/systems/Gi_8EFO/gprotein_metrics.json,yes,173292,94bb08ddc54280cc7b647fc6aae5a81c0d6576b75610ce1ed106d4b6d9ba3ec6,computed
Gi_8EFO,api_pocketgrid,data/api/v1/systems/Gi_8EFO/pocketgrid.npz,yes,6196158,,pending_binary_or_large_file
Gi_8EFO,chain_roles,data/chain_roles/Gi_8EFO_chain_roles.json,yes,382,f447356dcf37c0d609d73898363dca344223c950eee5926fda6cfa4c0afef0d7,computed
Gi_8EFO,contacts,data/contacts/Gi_8EFO_contacts.parquet,yes,44234,,pending_binary_or_large_file
Gi_8F7S,viz_structure,data/viz/Gi_8F7S/structure.pdb,yes,1350675,,pending_binary_or_large_file
Gi_8F7S,viz_trajectory,data/viz/Gi_8F7S/traj.xtc,yes,158429000,,pending_binary_or_large_file
Gi_8F7S,api_index,data/api/v1/systems/Gi_8F7S/index.json,yes,1326,9e3f427417bff7040477a9c5d058bd3237336d8fc2949a99dbda80d9cffd833e,computed
Gi_8F7S,api_pockets,data/api/v1/systems/Gi_8F7S/pockets.json,yes,6355,769f877987789b49f342725aaf94727b1bf4603762609584fbe2b14fcc37e9e8,computed
Gi_8F7S,api_pockets_gpcrdb,data/api/v1/systems/Gi_8F7S/pockets_gpcrdb.json,yes,9751,ecb130fde33e88be25fd0da8495e1f615dc1d064d6f1918b71524f1bec11e748,computed
Gi_8F7S,api_gateways,data/api/v1/systems/Gi_8F7S/gateways.json,yes,8078,179119fa741dbe9d89bf8be21aea2434b22d449c10ffba045aebf13526dc9d58,computed
Gi_8F7S,api_gprotein,data/api/v1/systems/Gi_8F7S/gprotein_metrics.json,yes,174799,a4a7c2cff473c696fcd972610b2414494f6a40230e7309492760c879845cf7ca,computed
Gi_8F7S,api_pocketgrid,data/api/v1/systems/Gi_8F7S/pocketgrid.npz,yes,6182910,,pending_binary_or_large_file
Gi_8F7S,chain_roles,data/chain_roles/Gi_8F7S_chain_roles.json,yes,470,0ac2a85eef21a55a8d2ea1be4a836a38d6c735da34a9c064963f35634fbe564b,computed
Gi_8F7S,contacts,data/contacts/Gi_8F7S_contacts.parquet,yes,47492,,pending_binary_or_large_file
Gi_8HK5,viz_structure,data/viz/Gi_8HK5/structure.pdb,yes,1402353,,pending_binary_or_large_file
Gi_8HK5,viz_trajectory,data/viz/Gi_8HK5/traj.xtc,yes,164838088,,pending_binary_or_large_file
Gi_8HK5,api_index,data/api/v1/systems/Gi_8HK5/index.json,yes,1340,6fc555f73eeeb860d2c8c6bb1b2372680807e6d5bcacdbaa34c745c1a3963ca7,computed
Gi_8HK5,api_pockets,data/api/v1/systems/Gi_8HK5/pockets.json,yes,7848,5cc976f432b94fccdbafa0ddee99021ed44b0d9f08ec28ba4b5a4944c84015e6,computed
Gi_8HK5,api_pockets_gpcrdb,data/api/v1/systems/Gi_8HK5/pockets_gpcrdb.json,yes,12728,b964144ec19083743c8bb29df8409bcc71bf33a405bace3c224dff6b804e2b31,computed
Gi_8HK5,api_gateways,data/api/v1/systems/Gi_8HK5/gateways.json,yes,8093,4356034502ecf73d721ab53c8683f6e8dbffbaa91353b21941c0b90d5632e733,computed
Gi_8HK5,api_gprotein,data/api/v1/systems/Gi_8HK5/gprotein_metrics.json,yes,175020,56167cdcd782bae7f7ec82a51d395e870e058eabb0cb8d76fe33800608c3fbcb,computed
Gi_8HK5,api_pocketgrid,data/api/v1/systems/Gi_8HK5/pocketgrid.npz,yes,7777790,,pending_binary_or_large_file
Gi_8HK5,chain_roles,data/chain_roles/Gi_8HK5_chain_roles.json,yes,471,6df7d1887390fd10a5c227caff6da324936d045083ff4eadb413ee33dcea84c8,computed
Gi_8HK5,contacts,data/contacts/Gi_8HK5_contacts.parquet,yes,49030,,pending_binary_or_large_file
Gi_8HQM,viz_structure,data/viz/Gi_8HQM/structure.pdb,yes,1292517,,pending_binary_or_large_file
Gi_8HQM,viz_trajectory,data/viz/Gi_8HQM/traj.xtc,yes,152367760,,pending_binary_or_large_file
Gi_8HQM,api_index,data/api/v1/systems/Gi_8HQM/index.json,yes,1357,a974a2ba4861d9512a1d586651851810bc33e9ebae3fb50d45c13381c70c051b,computed
Gi_8HQM,api_pockets,data/api/v1/systems/Gi_8HQM/pockets.json,yes,4963,cdd3e78977b1f75cec7f15d0fb79fd7d5da07f5a51d900717523e7d204675f9d,computed
Gi_8HQM,api_pockets_gpcrdb,data/api/v1/systems/Gi_8HQM/pockets_gpcrdb.json,yes,7981,384c59ead2c369c3ac5243f480c7d82cf836e9042e778c3b819a073c24bb14ae,computed
Gi_8HQM,api_gateways,data/api/v1/systems/Gi_8HQM/gateways.json,yes,8079,bd6b23746955977ebdd5e98a448152f66aaf7af62e65b13ec41ce020fabe9c6e,computed
Gi_8HQM,api_gprotein,data/api/v1/systems/Gi_8HQM/gprotein_metrics.json,yes,174585,aef63fd67f53a8f248cb0934eb3f73277a00484273bf82a24cdfa969c5aa56da,computed
Gi_8HQM,api_pocketgrid,data/api/v1/systems/Gi_8HQM/pocketgrid.npz,yes,6797310,,pending_binary_or_large_file
Gi_8HQM,chain_roles,data/chain_roles/Gi_8HQM_chain_roles.json,yes,382,ec737e03233ddbc372007b7fbc1f3e36ea95384e9037f1f28329c26f715de361,computed
Gi_8HQM,contacts,data/contacts/Gi_8HQM_contacts.parquet,yes,45891,,pending_binary_or_large_file
Gi_8HS3,viz_structure,data/viz/Gi_8HS3/structure.pdb,yes,1300779,,pending_binary_or_large_file
Gi_8HS3,viz_trajectory,data/viz/Gi_8HS3/traj.xtc,yes,152627000,,pending_binary_or_large_file
Gi_8HS3,api_index,data/api/v1/systems/Gi_8HS3/index.json,yes,1329,17d0f9a2ebb37254c76b00979e297166b0a862357150f0457f4f4c6e298616e4,computed
Gi_8HS3,api_pockets,data/api/v1/systems/Gi_8HS3/pockets.json,yes,6881,ce4b584cfea63fe598f4140a327d21c5ee3fc81b7bc0b0bc931f8332710ee604,computed
Gi_8HS3,api_pockets_gpcrdb,data/api/v1/systems/Gi_8HS3/pockets_gpcrdb.json,yes,10838,31d48a323fcbc9521e48cb0aebc7ef5df4380debd050720078aa5001093dd961,computed
Gi_8HS3,api_gateways,data/api/v1/systems/Gi_8HS3/gateways.json,yes,8068,6e78107999f8ec78f41f7bcf45d53ab484628a40de9dd8cb486c1434360fadff,computed
Gi_8HS3,api_gprotein,data/api/v1/systems/Gi_8HS3/gprotein_metrics.json,yes,173748,369e374a63ab0e27aed21848031531f9edf45e8ab4c0bf06b716b28a42066b94,computed
Gi_8HS3,api_pocketgrid,data/api/v1/systems/Gi_8HS3/pocketgrid.npz,yes,6552510,,pending_binary_or_large_file
Gi_8HS3,chain_roles,data/chain_roles/Gi_8HS3_chain_roles.json,yes,382,2cf6c6bf239eced746c3c2973178f36a719ecebf94ecdf5ca84e8b678058debc,computed
Gi_8HS3,contacts,data/contacts/Gi_8HS3_contacts.parquet,yes,44793,,pending_binary_or_large_file
Gi_8IC0,viz_structure,data/viz/Gi_8IC0/structure.pdb,yes,1436859,,pending_binary_or_large_file
Gi_8IC0,viz_trajectory,data/viz/Gi_8IC0/traj.xtc,yes,169137236,,pending_binary_or_large_file
Gi_8IC0,api_index,data/api/v1/systems/Gi_8IC0/index.json,yes,1331,2eea0bd6fbdc569db29b65341a7eccf1a458a9204cc4235709066ff5f30f51dc,computed
Gi_8IC0,api_pockets,data/api/v1/systems/Gi_8IC0/pockets.json,yes,5621,d2eb6728f068879bb2ae69425e67525f2f7ae1e0b818538792528a157f81d69a,computed
Gi_8IC0,api_pockets_gpcrdb,data/api/v1/systems/Gi_8IC0/pockets_gpcrdb.json,yes,8608,4671541d83d715d3f8847043c5e9923828b1ceff41002bf3b2ff27c7177ab78b,computed
Gi_8IC0,api_gateways,data/api/v1/systems/Gi_8IC0/gateways.json,yes,8042,bb86402e09141bcfe444b20f7eb9c1268eb2dc86a42fcd6d9d15bf6c68e1df7a,computed
Gi_8IC0,api_gprotein,data/api/v1/systems/Gi_8IC0/gprotein_metrics.json,yes,173930,c19e621080d1006a7a06a5e86fe3bf9b68e2e4db46e7d1a3023c0c6f821170be,computed
Gi_8IC0,api_pocketgrid,data/api/v1/systems/Gi_8IC0/pocketgrid.npz,yes,7913982,,pending_binary_or_large_file
Gi_8IC0,chain_roles,data/chain_roles/Gi_8IC0_chain_roles.json,yes,471,9ac2d4961a082f1fd428b3e34107157749568411985a2ab29263a95fdc0ab584,computed
Gi_8IC0,contacts,data/contacts/Gi_8IC0_contacts.parquet,yes,50168,,pending_binary_or_large_file
Gi_8ID9,viz_structure,data/viz/Gi_8ID9/structure.pdb,yes,1378458,,pending_binary_or_large_file
Gi_8ID9,viz_trajectory,data/viz/Gi_8ID9/traj.xtc,yes,161670328,,pending_binary_or_large_file
Gi_8ID9,api_index,data/api/v1/systems/Gi_8ID9/index.json,yes,1359,a51cef6d0f51a3de8bb0ff9ee4b086362866767974486b23676602c9485273e8,computed
Gi_8ID9,api_pockets,data/api/v1/systems/Gi_8ID9/pockets.json,yes,5961,d29c553127674589ec4083515325c05fa09623c4276e066a652574164d7a7d09,computed
Gi_8ID9,api_pockets_gpcrdb,data/api/v1/systems/Gi_8ID9/pockets_gpcrdb.json,yes,9443,40ea33dba1ac6aee7de9624d864c5dc303c8fcfe4498e8ea24190ab370fc8fbd,computed
Gi_8ID9,api_gateways,data/api/v1/systems/Gi_8ID9/gateways.json,yes,8051,4b46f3c5d730ab40ec88c1a2292905ca61296f02e31ddeb39800f7edd51f3e4b,computed
Gi_8ID9,api_gprotein,data/api/v1/systems/Gi_8ID9/gprotein_metrics.json,yes,174607,38cf93206e887e03a14e96a8804fe36a94af3781096a7687d04343ff633f8352,computed
Gi_8ID9,api_pocketgrid,data/api/v1/systems/Gi_8ID9/pocketgrid.npz,yes,6490110,,pending_binary_or_large_file
Gi_8ID9,chain_roles,data/chain_roles/Gi_8ID9_chain_roles.json,yes,384,257b3cb857b4e4f78821fa84dc3390decfaca7bc90d8f482f140734ccc0ec2bd,computed
Gi_8ID9,contacts,data/contacts/Gi_8ID9_contacts.parquet,yes,48032,,pending_binary_or_large_file
Gi_8IHJ,viz_structure,data/viz/Gi_8IHJ/structure.pdb,yes,1368576,,pending_binary_or_large_file
Gi_8IHJ,viz_trajectory,data/viz/Gi_8IHJ/traj.xtc,yes,160594984,,pending_binary_or_large_file
Gi_8IHJ,api_index,data/api/v1/systems/Gi_8IHJ/index.json,yes,1397,97b14e0344e10c1ddcb5f4afb3051bff70f6a579eb6d3b91b42514e788c59a43,computed
Gi_8IHJ,api_pockets,data/api/v1/systems/Gi_8IHJ/pockets.json,yes,7123,fd403bfad60b7cc8f9a224fcea6610f7163d41f500f83160bb580047c6407651,computed
Gi_8IHJ,api_pockets_gpcrdb,data/api/v1/systems/Gi_8IHJ/pockets_gpcrdb.json,yes,11345,e1ba6d386ecb7f3111b00a2757c78238a4763a3d439cc85391e394e3229ab389,computed
Gi_8IHJ,api_gateways,data/api/v1/systems/Gi_8IHJ/gateways.json,yes,8061,7ae8c1e274f4f3687b15c67409bf40aeb3063de5186fb99b53d97da9dd74de2a,computed
Gi_8IHJ,api_gprotein,data/api/v1/systems/Gi_8IHJ/gprotein_metrics.json,yes,174532,cb3c5090710ef455946ffe36cfcd58f78b2cb37ca482b68bb46a4079537f706b,computed
Gi_8IHJ,api_pocketgrid,data/api/v1/systems/Gi_8IHJ/pocketgrid.npz,yes,6259870,,pending_binary_or_large_file
Gi_8IHJ,chain_roles,data/chain_roles/Gi_8IHJ_chain_roles.json,yes,382,694af5b243175850d9387e154914d8fdca4d8ef401e7d26c44c552b0a1dd9e9a,computed
Gi_8IHJ,contacts,data/contacts/Gi_8IHJ_contacts.parquet,yes,47164,,pending_binary_or_large_file
Gi_8IRU,viz_structure,data/viz/Gi_8IRU/structure.pdb,yes,1424385,,pending_binary_or_large_file
Gi_8IRU,viz_trajectory,data/viz/Gi_8IRU/traj.xtc,yes,167033636,,pending_binary_or_large_file
Gi_8IRU,api_index,data/api/v1/systems/Gi_8IRU/index.json,yes,1338,eb480e558f9b08dc1628e5daf960a2ff754c8df9868864839acd7eee972ad1fe,computed
Gi_8IRU,api_pockets,data/api/v1/systems/Gi_8IRU/pockets.json,yes,7844,17d3825f00d5c1e78ac6b7821869516b1ff6fb9a3552fde015dbec4c31b5b3ec,computed
Gi_8IRU,api_pockets_gpcrdb,data/api/v1/systems/Gi_8IRU/pockets_gpcrdb.json,yes,12516,3507292be6939384d68288a6561d51d681997cba061fb6d91650c50006b42b18,computed
Gi_8IRU,api_gateways,data/api/v1/systems/Gi_8IRU/gateways.json,yes,8050,ebd4bce1790f292e2c85a14204b31ed650a13357180da70abdf1816d3db2aea4,computed
Gi_8IRU,api_gprotein,data/api/v1/systems/Gi_8IRU/gprotein_metrics.json,yes,177897,d48b5a66ac9829a4d12ac604d2f6cb554eca0d158cc4234158d26a51aaeea92d,computed
Gi_8IRU,api_pocketgrid,data/api/v1/systems/Gi_8IRU/pocketgrid.npz,yes,9088638,,pending_binary_or_large_file
Gi_8IRU,chain_roles,data/chain_roles/Gi_8IRU_chain_roles.json,yes,382,e61d358575f5399e831830dcb8aa09618f2ea3a6a5a3cb484348db465b2a66ec,computed
Gi_8IRU,contacts,data/contacts/Gi_8IRU_contacts.parquet,yes,53722,,pending_binary_or_large_file
Gi_8IU2,viz_structure,data/viz/Gi_8IU2/structure.pdb,yes,1366470,,pending_binary_or_large_file
Gi_8IU2,viz_trajectory,data/viz/Gi_8IU2/traj.xtc,yes,160315308,,pending_binary_or_large_file
Gi_8IU2,api_index,data/api/v1/systems/Gi_8IU2/index.json,yes,1334,7cd04f62a3d6c36a6612e9749a670c5eefd7844828b85020e79aceaf94da0492,computed
Gi_8IU2,api_pockets,data/api/v1/systems/Gi_8IU2/pockets.json,yes,5476,27640afb8e194557548585c5fdf00c2dbef73a2a25fe12cf60a29972f583a911,computed
Gi_8IU2,api_pockets_gpcrdb,data/api/v1/systems/Gi_8IU2/pockets_gpcrdb.json,yes,8499,57793082f07910e14ed1cb281fc6bae1fd31c5270f6e02a39c1dc4cb1dba9631,computed
Gi_8IU2,api_gateways,data/api/v1/systems/Gi_8IU2/gateways.json,yes,8049,70f8308bbc74651f7c820f9a5b9bd2f114cc0bcdf226710b14e4a3c1762d18ce,computed
Gi_8IU2,api_gprotein,data/api/v1/systems/Gi_8IU2/gprotein_metrics.json,yes,174377,5814ac0b4e4a1ef33928f10c04e439a9f6ec0f6087dcf9af61e81d9d65906fa4,computed
Gi_8IU2,api_pocketgrid,data/api/v1/systems/Gi_8IU2/pocketgrid.npz,yes,6399870,,pending_binary_or_large_file
Gi_8IU2,chain_roles,data/chain_roles/Gi_8IU2_chain_roles.json,yes,382,90a710326d3487d4004916be5e5299de93e5adc98c148cc944e59be84b83f3c0,computed
Gi_8IU2,contacts,data/contacts/Gi_8IU2_contacts.parquet,yes,50337,,pending_binary_or_large_file
Gi_8IY5,viz_structure,data/viz/Gi_8IY5/structure.pdb,yes,1380888,,pending_binary_or_large_file
Gi_8IY5,viz_trajectory,data/viz/Gi_8IY5/traj.xtc,yes,162477920,,pending_binary_or_large_file
Gi_8IY5,api_index,data/api/v1/systems/Gi_8IY5/index.json,yes,1326,685cfb54d6f08dd0c5b6f3f06e8d865f792426ca5a6b539db6e5ada11d02f298,computed
Gi_8IY5,api_pockets,data/api/v1/systems/Gi_8IY5/pockets.json,yes,7825,44db2d6e5e1f7855b02515ec6c94c064ffa71357ab4421c716d2ea8aaaca5cdd,computed
Gi_8IY5,api_pockets_gpcrdb,data/api/v1/systems/Gi_8IY5/pockets_gpcrdb.json,yes,12326,9927a3ca9d0e26355d00d0e1355e1219e9d7f35a3e26ee722046cb80a2e8a7e6,computed
Gi_8IY5,api_gateways,data/api/v1/systems/Gi_8IY5/gateways.json,yes,8076,531060ea50bf02f7d8fa22b51f950a82fba5ccf0f597139d92f4e8fdc7651be9,computed
Gi_8IY5,api_gprotein,data/api/v1/systems/Gi_8IY5/gprotein_metrics.json,yes,172810,899eec8bcaa42d4387a5824f031ee8de82c3e37ea4f0a401ce15ae9b13400789,computed
Gi_8IY5,api_pocketgrid,data/api/v1/systems/Gi_8IY5/pocketgrid.npz,yes,6247806,,pending_binary_or_large_file
Gi_8IY5,chain_roles,data/chain_roles/Gi_8IY5_chain_roles.json,yes,468,d4cdacc2402d3958ed6ef09a08ad6292d882791b74a7b80d3463f530991c80a1,computed
Gi_8IY5,contacts,data/contacts/Gi_8IY5_contacts.parquet,yes,48584,,pending_binary_or_large_file
Gi_8J18,viz_structure,data/viz/Gi_8J18/structure.pdb,yes,1441233,,pending_binary_or_large_file
Gi_8J18,viz_trajectory,data/viz/Gi_8J18/traj.xtc,yes,169132668,,pending_binary_or_large_file
Gi_8J18,api_index,data/api/v1/systems/Gi_8J18/index.json,yes,1357,6458fca7287b317881aae5f35186fc19251919fc146562b95684c8dacd6e3cd5,computed
Gi_8J18,api_pockets,data/api/v1/systems/Gi_8J18/pockets.json,yes,7291,3b0ba67f51d805c4966d83cd4331289885a79f4eeb1b24b0a22f675429f8c898,computed
Gi_8J18,api_pockets_gpcrdb,data/api/v1/systems/Gi_8J18/pockets_gpcrdb.json,yes,11166,98f12289a156cf8c0beb04334854dd0b64cb2f131c18f885d2d2b7fc67ee4546,computed
Gi_8J18,api_gateways,data/api/v1/systems/Gi_8J18/gateways.json,yes,8047,1f5650290382fda7312a7ac2825d586a0de60bf3a0762160272e33ab8539eb28,computed
Gi_8J18,api_gprotein,data/api/v1/systems/Gi_8J18/gprotein_metrics.json,yes,174440,ee3f92bd3228825460ff74a3320fa34606a3e39ed62e136b95c5be0b5293d7bf,computed
Gi_8J18,api_pocketgrid,data/api/v1/systems/Gi_8J18/pocketgrid.npz,yes,6606078,,pending_binary_or_large_file
Gi_8J18,chain_roles,data/chain_roles/Gi_8J18_chain_roles.json,yes,382,00b8b7cf5dc70b6380dac487273d076c5d7306c3fe6dc29cf05e21eba3fc9a6c,computed
Gi_8J18,contacts,data/contacts/Gi_8J18_contacts.parquet,yes,54546,,pending_binary_or_large_file
Gi_8J21,viz_structure,data/viz/Gi_8J21/structure.pdb,yes,1340712,,pending_binary_or_large_file
Gi_8J21,viz_trajectory,data/viz/Gi_8J21/traj.xtc,yes,157176380,,pending_binary_or_large_file
Gi_8J21,api_index,data/api/v1/systems/Gi_8J21/index.json,yes,1338,a371fd677e36d5b5562c18f823bd57b292f6e07c7e1d25c69843325aab6acd00,computed
Gi_8J21,api_pockets,data/api/v1/systems/Gi_8J21/pockets.json,yes,5955,27659d8d73f06f7080834f3a176076459eec648e53dc16509e29db0097340218,computed
Gi_8J21,api_pockets_gpcrdb,data/api/v1/systems/Gi_8J21/pockets_gpcrdb.json,yes,9753,a2c7eb85be32b10ac0b4f3f4bf4654d8c23e9556dabaa8124e31bebf8ffe6d50,computed
Gi_8J21,api_gateways,data/api/v1/systems/Gi_8J21/gateways.json,yes,8061,6cd6e5002758d3756e156f156ae8a2dd69606616603b4508083c335625b1e91d,computed
Gi_8J21,api_gprotein,data/api/v1/systems/Gi_8J21/gprotein_metrics.json,yes,174791,6777049b50b334241f21314f9a2d6fef5397faf62934ef5d34bd1e84a338ae56,computed
Gi_8J21,api_pocketgrid,data/api/v1/systems/Gi_8J21/pocketgrid.npz,yes,6255070,,pending_binary_or_large_file
Gi_8J21,chain_roles,data/chain_roles/Gi_8J21_chain_roles.json,yes,382,66378e1f11225072f354776a96ee0d29af76214f38bde50389a9a4f731bb56a4,computed
Gi_8J21,contacts,data/contacts/Gi_8J21_contacts.parquet,yes,47304,,pending_binary_or_large_file
Gi_8J22,viz_structure,data/viz/Gi_8J22/structure.pdb,yes,1347516,,pending_binary_or_large_file
Gi_8J22,viz_trajectory,data/viz/Gi_8J22/traj.xtc,yes,159161068,,pending_binary_or_large_file
Gi_8J22,api_index,data/api/v1/systems/Gi_8J22/index.json,yes,1445,ad41d0458d8c6680fffc58ee10cbb1ec142215b2d18de297d3b7aa51bf8a4a4b,computed
Gi_8J22,api_pockets,data/api/v1/systems/Gi_8J22/pockets.json,yes,351,df7868b8f46943ece4b559a55b4ba3871c93908167e4da8e9a0eb18cbec4492d,computed
Gi_8J22,api_pockets_gpcrdb,data/api/v1/systems/Gi_8J22/pockets_gpcrdb.json,yes,351,df7868b8f46943ece4b559a55b4ba3871c93908167e4da8e9a0eb18cbec4492d,computed
Gi_8J22,api_gateways,data/api/v1/systems/Gi_8J22/gateways.json,yes,6627,e47cb1c091f2d35503da9c8cfd1db538881761e194f150966deb81bb513ad3d8,computed
Gi_8J22,api_gprotein,data/api/v1/systems/Gi_8J22/gprotein_metrics.json,yes,188058,3d9fe04d45f314a187e4f16187f2ad62c71f6f91db087706026d4e3b6920f8ee,computed
Gi_8J22,api_pocketgrid,data/api/v1/systems/Gi_8J22/pocketgrid.npz,yes,6215166,,pending_binary_or_large_file
Gi_8J22,chain_roles,data/chain_roles/Gi_8J22_chain_roles.json,yes,382,b59e81cd19ad1ea8eb8f2e3750ea8890b9cf3b3da53a51153c984b10e65d337f,computed
Gi_8J22,contacts,data/contacts/Gi_8J22_contacts.parquet,yes,65961,,pending_binary_or_large_file
Gi_8J6D,viz_structure,data/viz/Gi_8J6D/structure.pdb,yes,1533978,,pending_binary_or_large_file
Gi_8J6D,viz_trajectory,data/viz/Gi_8J6D/traj.xtc,yes,180470244,,pending_binary_or_large_file
Gi_8J6D,api_index,data/api/v1/systems/Gi_8J6D/index.json,yes,1338,5b678642290db71465b8f75601ee7ad46e8a2faa68380a240460ba3b3290061c,computed
Gi_8J6D,api_pockets,data/api/v1/systems/Gi_8J6D/pockets.json,yes,2908,a397a41f448e92630815511748ff9fb1245499ad218da844379877a0fda240a7,computed
Gi_8J6D,api_pockets_gpcrdb,data/api/v1/systems/Gi_8J6D/pockets_gpcrdb.json,yes,4484,b7c23d2c40c2b2d055031e82575882c204b0954ca569e2b3e1619a20512d5231,computed
Gi_8J6D,api_gateways,data/api/v1/systems/Gi_8J6D/gateways.json,yes,8054,57209b0b98678014009e6ecc8ffb3d25fe62e4f9b29c572734e2a53af573815b,computed
Gi_8J6D,api_gprotein,data/api/v1/systems/Gi_8J6D/gprotein_metrics.json,yes,174334,24c54db51df493e604d92509ae905f555d7753c3152f366d13bfe76972ed9e7f,computed
Gi_8J6D,api_pocketgrid,data/api/v1/systems/Gi_8J6D/pocketgrid.npz,yes,16840734,,pending_binary_or_large_file
Gi_8J6D,chain_roles,data/chain_roles/Gi_8J6D_chain_roles.json,yes,472,190a2fd18dec41b7a5f535e441362581fa3691541c4200d906c894c9d5ed0a67,computed
Gi_8J6D,contacts,data/contacts/Gi_8J6D_contacts.parquet,yes,57924,,pending_binary_or_large_file
Gi_8JZZ,viz_structure,data/viz/Gi_8JZZ/structure.pdb,yes,1324026,,pending_binary_or_large_file
Gi_8JZZ,viz_trajectory,data/viz/Gi_8JZZ/traj.xtc,yes,155243260,,pending_binary_or_large_file
Gi_8JZZ,api_index,data/api/v1/systems/Gi_8JZZ/index.json,yes,1340,ef1d936d98c784630251eee70ac41b04f3161287021d39b879437513e3ba3324,computed
Gi_8JZZ,api_pockets,data/api/v1/systems/Gi_8JZZ/pockets.json,yes,4476,fe304d523fff6e6f7c288e03634246b4b0a74480bc11c0d4ca0a57adb88ab14b,computed
Gi_8JZZ,api_pockets_gpcrdb,data/api/v1/systems/Gi_8JZZ/pockets_gpcrdb.json,yes,7482,2c3af5e0a7e092e39ea23483de2c2a3f3f1b88c084190be1a887e094af76c191,computed
Gi_8JZZ,api_gateways,data/api/v1/systems/Gi_8JZZ/gateways.json,yes,8091,e43f79d228d034af5ceef02b0f887aa2638b06c7b9c8f4fab042adbb2fd84f80,computed
Gi_8JZZ,api_gprotein,data/api/v1/systems/Gi_8JZZ/gprotein_metrics.json,yes,175025,b5c438f06569d88b13c4adeb761e719d7f787eb1663687cb3959ad3e8a6b5258,computed
Gi_8JZZ,api_pocketgrid,data/api/v1/systems/Gi_8JZZ/pocketgrid.npz,yes,6247806,,pending_binary_or_large_file
Gi_8JZZ,chain_roles,data/chain_roles/Gi_8JZZ_chain_roles.json,yes,382,4a8206b2cb0112147ba549e345e79408ac5b0f7ade1b1147b3a5f251fcd90859,computed
Gi_8JZZ,contacts,data/contacts/Gi_8JZZ_contacts.parquet,yes,46901,,pending_binary_or_large_file
Gi_8K3Z,viz_structure,data/viz/Gi_8K3Z/structure.pdb,yes,1420983,,pending_binary_or_large_file
Gi_8K3Z,viz_trajectory,data/viz/Gi_8K3Z/traj.xtc,yes,166755896,,pending_binary_or_large_file
Gi_8K3Z,api_index,data/api/v1/systems/Gi_8K3Z/index.json,yes,1331,ba864ae3c8b4e24d4025cdb9d9d5c1f6989e103a9c597505276d02e74fa1681a,computed
Gi_8K3Z,api_pockets,data/api/v1/systems/Gi_8K3Z/pockets.json,yes,6134,4cf8b97e58df3e5ef31558b73f7aa359c1c3ed19e604b77845cffc1a296e9680,computed
Gi_8K3Z,api_pockets_gpcrdb,data/api/v1/systems/Gi_8K3Z/pockets_gpcrdb.json,yes,9805,b8c99a9ecd963846d327306d630f42c24b23138d6e084b846b2273b0fd3f7ecf,computed
Gi_8K3Z,api_gateways,data/api/v1/systems/Gi_8K3Z/gateways.json,yes,8050,577b67c21abcd33ae8f5ee4c02e733b89721ec8b5f384c42892295278688ceb4,computed
Gi_8K3Z,api_gprotein,data/api/v1/systems/Gi_8K3Z/gprotein_metrics.json,yes,174512,fd1d7dbd16c7fbdc474de52f8476b731fe1075a229b9bb777ebc28f55c6734ab,computed
Gi_8K3Z,api_pocketgrid,data/api/v1/systems/Gi_8K3Z/pocketgrid.npz,yes,6660846,,pending_binary_or_large_file
Gi_8K3Z,chain_roles,data/chain_roles/Gi_8K3Z_chain_roles.json,yes,471,b34961abb5cb43f74ee8e9f79d3a4bfc69a86fe3b10203b19e5d48868feed2b2,computed
Gi_8K3Z,contacts,data/contacts/Gi_8K3Z_contacts.parquet,yes,49662,,pending_binary_or_large_file
Gi_8K6O,viz_structure,data/viz/Gi_8K6O/structure.pdb,yes,1423170,,pending_binary_or_large_file
Gi_8K6O,viz_trajectory,data/viz/Gi_8K6O/traj.xtc,yes,166903880,,pending_binary_or_large_file
Gi_8K6O,api_index,data/api/v1/systems/Gi_8K6O/index.json,yes,1330,018b86707aba37412878c3ac96d1d7243dc52e203fcd1337292a8deb3add50e7,computed
Gi_8K6O,api_pockets,data/api/v1/systems/Gi_8K6O/pockets.json,yes,5754,b757638b2f5a78da46310ff99ed564866dc83692c221c1c3473a520664d77280,computed
Gi_8K6O,api_pockets_gpcrdb,data/api/v1/systems/Gi_8K6O/pockets_gpcrdb.json,yes,9742,f9b15f588d75ce31e3df122d32435047e097db5c07020cdd23d197d8b9ea7fed,computed
Gi_8K6O,api_gateways,data/api/v1/systems/Gi_8K6O/gateways.json,yes,8060,130cbdca9d197b1c9df395f7ec9a8b0fce401ff953a4a99db6f5dc1234f0d13d,computed
Gi_8K6O,api_gprotein,data/api/v1/systems/Gi_8K6O/gprotein_metrics.json,yes,175430,cc621a2a6557b877aded0af98416c2999a4a04a1d1b1a4a362f8edc5a93756aa,computed
Gi_8K6O,api_pocketgrid,data/api/v1/systems/Gi_8K6O/pocketgrid.npz,yes,6214398,,pending_binary_or_large_file
Gi_8K6O,chain_roles,data/chain_roles/Gi_8K6O_chain_roles.json,yes,470,c857a42d7fade42daa855f40ce8a621a78f38a75d6c8262e8e630953fc7520d7,computed
Gi_8K6O,contacts,data/contacts/Gi_8K6O_contacts.parquet,yes,51098,,pending_binary_or_large_file
Gi_8KFX,viz_structure,data/viz/Gi_8KFX/structure.pdb,yes,1356831,,pending_binary_or_large_file
Gi_8KFX,viz_trajectory,data/viz/Gi_8KFX/traj.xtc,yes,159168400,,pending_binary_or_large_file
Gi_8KFX,api_index,data/api/v1/systems/Gi_8KFX/index.json,yes,1417,c527e9b4cb52a9a27e57061511d0b40210f9661f2af16d5a005a9d4d6e3e42ad,computed
Gi_8KFX,api_pockets,data/api/v1/systems/Gi_8KFX/pockets.json,yes,7969,f1282135f5718304805beb6c1aff0e6781dcc423e8507d8fe005324fe1db576d,computed
Gi_8KFX,api_pockets_gpcrdb,data/api/v1/systems/Gi_8KFX/pockets_gpcrdb.json,yes,13232,72b8d8de472b02567a96a3450a235b9da931807418006c14a9bc9bdb3394001b,computed
Gi_8KFX,api_gateways,data/api/v1/systems/Gi_8KFX/gateways.json,yes,8043,6680abdb7f5d7799f37d91ae37732cce8c6ee10cb4991e5417237abbc5797e81,computed
Gi_8KFX,api_gprotein,data/api/v1/systems/Gi_8KFX/gprotein_metrics.json,yes,174750,9cd1ddf9c920b54deffba7c3b1257feb3bc1c5f137c745fe127800c5ec54c3cd,computed
Gi_8KFX,api_pocketgrid,data/api/v1/systems/Gi_8KFX/pocketgrid.npz,yes,5945822,,pending_binary_or_large_file
Gi_8KFX,chain_roles,data/chain_roles/Gi_8KFX_chain_roles.json,yes,382,d7c478e10f760e9147f2765bf5e7a0d0ba7404f9a9b7cc396d23cc71687c4146,computed
Gi_8KFX,contacts,data/contacts/Gi_8KFX_contacts.parquet,yes,45612,,pending_binary_or_large_file
Gi_8PJK,viz_structure,data/viz/Gi_8PJK/structure.pdb,yes,1432728,,pending_binary_or_large_file
Gi_8PJK,viz_trajectory,data/viz/Gi_8PJK/traj.xtc,yes,168057740,,pending_binary_or_large_file
Gi_8PJK,api_index,data/api/v1/systems/Gi_8PJK/index.json,yes,1592,5a851c29c55388495570bc71fb8c24f1660f443d272cd0a5305f49993e7117b4,computed
Gi_8PJK,api_pockets,data/api/v1/systems/Gi_8PJK/pockets.json,yes,8179,00196cf3f8752a231670fece19c307fa29b3ad9b4a478ef98c73595c7d665b58,computed
Gi_8PJK,api_pockets_gpcrdb,data/api/v1/systems/Gi_8PJK/pockets_gpcrdb.json,yes,13056,6f2e1b0747afae97b008e913786f312720b18ddb9327125c75242a08beb9fa8f,computed
Gi_8PJK,api_gateways,data/api/v1/systems/Gi_8PJK/gateways.json,yes,8078,69b9564824e55a27854c436da161d3336d225cce7d2d8729ffa02bdfcf858e10,computed
Gi_8PJK,api_gprotein,data/api/v1/systems/Gi_8PJK/gprotein_metrics.json,yes,172989,fa9bc1d8bb23683ca455ad92eb4a26f1432a3d4a6406223ebd2e10e2d6b55d6b,computed
Gi_8PJK,api_pocketgrid,data/api/v1/systems/Gi_8PJK/pocketgrid.npz,yes,7053630,,pending_binary_or_large_file
Gi_8PJK,chain_roles,data/chain_roles/Gi_8PJK_chain_roles.json,yes,382,f573db101ebe2aeca224cb4803c04b41cd4ef264309bab735f8e841bbf40668d,computed
Gi_8PJK,contacts,data/contacts/Gi_8PJK_contacts.parquet,yes,50595,,pending_binary_or_large_file
Gi_8UGY,viz_structure,data/viz/Gi_8UGY/structure.pdb,yes,1381293,,pending_binary_or_large_file
Gi_8UGY,viz_trajectory,data/viz/Gi_8UGY/traj.xtc,yes,161876856,,pending_binary_or_large_file
Gi_8UGY,api_index,data/api/v1/systems/Gi_8UGY/index.json,yes,1339,25692c414290def177882206446f57590caea5384115dbad0ffd3839c103f782,computed
Gi_8UGY,api_pockets,data/api/v1/systems/Gi_8UGY/pockets.json,yes,8583,422c7013e75cd1974eefbb3d343880534759c43370e6cd6dc2a6b6c9427a32b9,computed
Gi_8UGY,api_pockets_gpcrdb,data/api/v1/systems/Gi_8UGY/pockets_gpcrdb.json,yes,14210,5db81bb1b84f8cc83fb55af5bb7b47a465ce18e29007b93efbc455fa55a80c94,computed
Gi_8UGY,api_gateways,data/api/v1/systems/Gi_8UGY/gateways.json,yes,8018,c0e7eb5355ae763d303134f9bdabd0387f4da1e7bbec1dd02e921a346f690c3d,computed
Gi_8UGY,api_gprotein,data/api/v1/systems/Gi_8UGY/gprotein_metrics.json,yes,173726,466c9a7f98b34b7a1fe0747ab6655a60ce6c85dfdacf79cb0cda87722459ba1f,computed
Gi_8UGY,api_pocketgrid,data/api/v1/systems/Gi_8UGY/pocketgrid.npz,yes,6672702,,pending_binary_or_large_file
Gi_8UGY,chain_roles,data/chain_roles/Gi_8UGY_chain_roles.json,yes,382,057f6e48a3d496cbe98f60a197ebc4a248fe9b13065b7884e0b4de0df8533a57,computed
Gi_8UGY,contacts,data/contacts/Gi_8UGY_contacts.parquet,yes,48687,,pending_binary_or_large_file
Gi_8WWH,viz_structure,data/viz/Gi_8WWH/structure.pdb,yes,1348569,,pending_binary_or_large_file
Gi_8WWH,viz_trajectory,data/viz/Gi_8WWH/traj.xtc,yes,158031244,,pending_binary_or_large_file
Gi_8WWH,api_index,data/api/v1/systems/Gi_8WWH/index.json,yes,1340,3d12e1e757c121b4e7ab89e2f43b87696ab621d282487f6240e0663ab18c2bf5,computed
Gi_8WWH,api_pockets,data/api/v1/systems/Gi_8WWH/pockets.json,yes,9206,a547fcca328984275ad44542d10a4476e64f45ad950a4cec9deb0e1003279f35,computed
Gi_8WWH,api_pockets_gpcrdb,data/api/v1/systems/Gi_8WWH/pockets_gpcrdb.json,yes,15252,37144d2dd9a6f076910fe06bcff4df8c57cbdc6f715f54f0ea0eeddccfdf9ba9,computed
Gi_8WWH,api_gateways,data/api/v1/systems/Gi_8WWH/gateways.json,yes,8075,f0cd3cc7224144893f5cda9c5fd4590b6bf9504d212f50862e9f434e3d89a2e0,computed
Gi_8WWH,api_gprotein,data/api/v1/systems/Gi_8WWH/gprotein_metrics.json,yes,174306,454fd7284ac413ec1b4a727946c42a786a790dd5a80cfe0e06fca7107557b978,computed
Gi_8WWH,api_pocketgrid,data/api/v1/systems/Gi_8WWH/pocketgrid.npz,yes,5819070,,pending_binary_or_large_file
Gi_8WWH,chain_roles,data/chain_roles/Gi_8WWH_chain_roles.json,yes,382,ec719ce4c58bbe95abc43a72214262dad27109c6fad5e8ec343fbd4d6d54424f,computed
Gi_8WWH,contacts,data/contacts/Gi_8WWH_contacts.parquet,yes,46680,,pending_binary_or_large_file
Gi_8X8L,viz_structure,data/viz/Gi_8X8L/structure.pdb,yes,1335204,,pending_binary_or_large_file
Gi_8X8L,viz_trajectory,data/viz/Gi_8X8L/traj.xtc,yes,157154764,,pending_binary_or_large_file
Gi_8X8L,api_index,data/api/v1/systems/Gi_8X8L/index.json,yes,1328,974be49393e679173303bcba5def3e13ddd3534278f53da91b60cf5ac0c0090d,computed
Gi_8X8L,api_pockets,data/api/v1/systems/Gi_8X8L/pockets.json,yes,5156,c31c7227a3bc3ab39fc0995c83f2e26cfb4555a8c5e9389b148f935df921b368,computed
Gi_8X8L,api_pockets_gpcrdb,data/api/v1/systems/Gi_8X8L/pockets_gpcrdb.json,yes,7823,be2187db6255a552aad24256f0dad7e54ed844e31d92a5fb9820b9d0e93d8e8d,computed
Gi_8X8L,api_gateways,data/api/v1/systems/Gi_8X8L/gateways.json,yes,8046,a6c1dc7d144b6175c25003bbbdc386f4b34abbb05148dd281220df01cc6ed9ec,computed
Gi_8X8L,api_gprotein,data/api/v1/systems/Gi_8X8L/gprotein_metrics.json,yes,174936,7d689cef9715139be825b5975c7d95d9e1948b2cfb2bc85419f806330c26109c,computed
Gi_8X8L,api_pocketgrid,data/api/v1/systems/Gi_8X8L/pocketgrid.npz,yes,6171710,,pending_binary_or_large_file
Gi_8X8L,chain_roles,data/chain_roles/Gi_8X8L_chain_roles.json,yes,468,92f15fff712d07539a3316181835cd13f396e11b35cd8997d81984d906bcfc94,computed
Gi_8X8L,contacts,data/contacts/Gi_8X8L_contacts.parquet,yes,47725,,pending_binary_or_large_file
Gi_8XGM,viz_structure,data/viz/Gi_8XGM/structure.pdb,yes,1537218,,pending_binary_or_large_file
Gi_8XGM,viz_trajectory,data/viz/Gi_8XGM/traj.xtc,yes,180840892,,pending_binary_or_large_file
Gi_8XGM,api_index,data/api/v1/systems/Gi_8XGM/index.json,yes,1325,9605ab9282d8b0fe7548e5fb8c71ff12c9760ca9efbb7dd58559c5cff168cb12,computed
Gi_8XGM,api_pockets,data/api/v1/systems/Gi_8XGM/pockets.json,yes,5322,7c8fdc61cd61b288e4fe624c45fa7ad0074cce46baed6e3ca01676ddfb5162a9,computed
Gi_8XGM,api_pockets_gpcrdb,data/api/v1/systems/Gi_8XGM/pockets_gpcrdb.json,yes,8223,b272e3544e3f775a9fcc5c017269cd0cf2dbade7849b13293551de1e2d0d16b0,computed
Gi_8XGM,api_gateways,data/api/v1/systems/Gi_8XGM/gateways.json,yes,8028,2db3aca95f35e6b82d370f2f9a09b9049f07b3efd71f4f79d67b6f85221e9e51,computed
Gi_8XGM,api_gprotein,data/api/v1/systems/Gi_8XGM/gprotein_metrics.json,yes,174787,1823645f8fdbf5cfb264241b43b594b2d0edf902c9df0be3bd586f13c293556f,computed
Gi_8XGM,api_pocketgrid,data/api/v1/systems/Gi_8XGM/pocketgrid.npz,yes,8299710,,pending_binary_or_large_file
Gi_8XGM,chain_roles,data/chain_roles/Gi_8XGM_chain_roles.json,yes,471,1fd508fe87d2de2ad2abe0b17d5d75c58152933337da88928225562630a6f2eb,computed
Gi_8XGM,contacts,data/contacts/Gi_8XGM_contacts.parquet,yes,52844,,pending_binary_or_large_file
Gi_8XIP,viz_structure,data/viz/Gi_8XIP/structure.pdb,yes,1291383,,pending_binary_or_large_file
Gi_8XIP,viz_trajectory,data/viz/Gi_8XIP/traj.xtc,yes,151375240,,pending_binary_or_large_file
Gi_8XIP,api_index,data/api/v1/systems/Gi_8XIP/index.json,yes,1286,32427674c3f55eac1e7addd497aef7e5fcc2bf2e2e7253a38eb37fd73575aee2,computed
Gi_8XIP,api_pockets,data/api/v1/systems/Gi_8XIP/pockets.json,yes,5206,b6e6641ca3675fefad8aabeafba2b265420178de63639a7589115df0e4ea01f7,computed
Gi_8XIP,api_pockets_gpcrdb,data/api/v1/systems/Gi_8XIP/pockets_gpcrdb.json,yes,8386,23419afe29f85f764fa83c72acff53646f8a63f8595376b2c05e1fabc7b07f72,computed
Gi_8XIP,api_gateways,data/api/v1/systems/Gi_8XIP/gateways.json,yes,8085,7c95826e836f2075bc57baa1e59e86c81218c16af855e069588ee8cccfa9ba00,computed
Gi_8XIP,api_gprotein,data/api/v1/systems/Gi_8XIP/gprotein_metrics.json,yes,173918,7fbe76d75ac0b43cef0968a8bad80790bd97c9c298423e800221fc9d19df9dca,computed
Gi_8XIP,api_pocketgrid,data/api/v1/systems/Gi_8XIP/pocketgrid.npz,yes,6516222,,pending_binary_or_large_file
Gi_8XIP,chain_roles,data/chain_roles/Gi_8XIP_chain_roles.json,yes,382,9812d739dc2a0a309a89540b70d250b031944ba61bdc7b4642b14bff9b2d737a,computed
Gi_8XIP,contacts,data/contacts/Gi_8XIP_contacts.parquet,yes,45167,,pending_binary_or_large_file
Gi_8XIQ,viz_structure,data/viz/Gi_8XIQ/structure.pdb,yes,1331802,,pending_binary_or_large_file
Gi_8XIQ,viz_trajectory,data/viz/Gi_8XIQ/traj.xtc,yes,156157380,,pending_binary_or_large_file
Gi_8XIQ,api_index,data/api/v1/systems/Gi_8XIQ/index.json,yes,1287,b09439bc3c4e1e3a6d312d5b95755195f420223276ad5efa84bd36386a86b03a,computed
Gi_8XIQ,api_pockets,data/api/v1/systems/Gi_8XIQ/pockets.json,yes,5993,452382ccdc2969d6df2e3f8c71d77012a8ad3361c964fcae31d993a9f0b5b570,computed
Gi_8XIQ,api_pockets_gpcrdb,data/api/v1/systems/Gi_8XIQ/pockets_gpcrdb.json,yes,9757,476feb9d1f2d13786ff060262a93962a36ed3937ebc089dccec2ed85481b8d09,computed
Gi_8XIQ,api_gateways,data/api/v1/systems/Gi_8XIQ/gateways.json,yes,8068,b28425a3ad2dfa21680551369bdb87405e408e74455e5623b8a2414c7ad4155e,computed
Gi_8XIQ,api_gprotein,data/api/v1/systems/Gi_8XIQ/gprotein_metrics.json,yes,177544,9929956313977cdcaf9c5f0ddca41dd26299ca58946de13c203f241fd3ce321f,computed
Gi_8XIQ,api_pocketgrid,data/api/v1/systems/Gi_8XIQ/pocketgrid.npz,yes,5599854,,pending_binary_or_large_file
Gi_8XIQ,chain_roles,data/chain_roles/Gi_8XIQ_chain_roles.json,yes,382,d173d74fbde5b2690ea0eb3f3139ca884998e4df23d0a9c8555bc90f291f75bc,computed
Gi_8XIQ,contacts,data/contacts/Gi_8XIQ_contacts.parquet,yes,46937,,pending_binary_or_large_file
Gi_8XXU,viz_structure,data/viz/Gi_8XXU/structure.pdb,yes,1354968,,pending_binary_or_large_file
Gi_8XXU,viz_trajectory,data/viz/Gi_8XXU/traj.xtc,yes,158773580,,pending_binary_or_large_file
Gi_8XXU,api_index,data/api/v1/systems/Gi_8XXU/index.json,yes,1489,8f68af66ac46ef3d17f44cbea97a6ec6429cb36aaf03a90bcce622b504359333,computed
Gi_8XXU,api_pockets,data/api/v1/systems/Gi_8XXU/pockets.json,yes,6653,02bfa5fb086d0864c0b2c2fc18b76c2cdeb27bf8ca3ca26ec3b709026feaaa40,computed
Gi_8XXU,api_pockets_gpcrdb,data/api/v1/systems/Gi_8XXU/pockets_gpcrdb.json,yes,10849,5025df4f83809bb4a7fa7d8b7df30815a05387b76301042acef97cce1a45f77f,computed
Gi_8XXU,api_gateways,data/api/v1/systems/Gi_8XXU/gateways.json,yes,8092,f868481df80544d30c00bda028d959f78ea36dbc60c6a9b1d1b22bbe1d25a3a4,computed
Gi_8XXU,api_gprotein,data/api/v1/systems/Gi_8XXU/gprotein_metrics.json,yes,173170,8ede5d49b98e4ca9bfd684d089cc0379e2081a072f94bf4af2147f8fdd2c9b4d,computed
Gi_8XXU,api_pocketgrid,data/api/v1/systems/Gi_8XXU/pocketgrid.npz,yes,6822270,,pending_binary_or_large_file
Gi_8XXU,chain_roles,data/chain_roles/Gi_8XXU_chain_roles.json,yes,384,5de43326fe5a8023442badfdbf349bebc02deb68fa82ef4c50af31c4b1938011,computed
Gi_8XXU,contacts,data/contacts/Gi_8XXU_contacts.parquet,yes,47179,,pending_binary_or_large_file
Gi_8XYD,viz_structure,data/viz/Gi_8XYD/structure.pdb,yes,1375461,,pending_binary_or_large_file
Gi_8XYD,viz_trajectory,data/viz/Gi_8XYD/traj.xtc,yes,161570544,,pending_binary_or_large_file
Gi_8XYD,api_index,data/api/v1/systems/Gi_8XYD/index.json,yes,1411,d22bb0ea416dc1864c46f608d5b8e29bf83f5846b43645c6d4508985dbc9edf1,computed
Gi_8XYD,api_pockets,data/api/v1/systems/Gi_8XYD/pockets.json,yes,1301,7a48020d26c7ad864606e794724c5f058f5f933425a73665bf8110950022a800,computed
Gi_8XYD,api_pockets_gpcrdb,data/api/v1/systems/Gi_8XYD/pockets_gpcrdb.json,yes,2178,8a0859242547635ac96837af4bd06e0b1b789c7a75d1895d550ebad807e2c495,computed
Gi_8XYD,api_gateways,data/api/v1/systems/Gi_8XYD/gateways.json,yes,8046,37752d064b819d8de9d080d6eb33a05e2e02383dda2314784cdb13d6a94815da,computed
Gi_8XYD,api_gprotein,data/api/v1/systems/Gi_8XYD/gprotein_metrics.json,yes,174841,476d5b307ebf0e64fc22926944431bed260f561c8607937486a38713c1c83a5c,computed
Gi_8XYD,api_pocketgrid,data/api/v1/systems/Gi_8XYD/pocketgrid.npz,yes,24817246,,pending_binary_or_large_file
Gi_8XYD,chain_roles,data/chain_roles/Gi_8XYD_chain_roles.json,yes,382,dbd3d4065240f72cbc9c94167986dc5a1495dccf9d365187d6f2e933cbed96ca,computed
Gi_8XYD,contacts,data/contacts/Gi_8XYD_contacts.parquet,yes,48125,,pending_binary_or_large_file
Gi_8XZI,viz_structure,data/viz/Gi_8XZI/structure.pdb,yes,1355211,,pending_binary_or_large_file
Gi_8XZI,viz_trajectory,data/viz/Gi_8XZI/traj.xtc,yes,158913464,,pending_binary_or_large_file
Gi_8XZI,api_index,data/api/v1/systems/Gi_8XZI/index.json,yes,1419,e31eb833c71a1a526405b84239619f03a3d549dad6f0b569c11c080c2aedb7ab,computed
Gi_8XZI,api_pockets,data/api/v1/systems/Gi_8XZI/pockets.json,yes,7333,5318e161111c752c2510edb022576b8538a82bb46bea4aa9c755b53ed133fdd2,computed
Gi_8XZI,api_pockets_gpcrdb,data/api/v1/systems/Gi_8XZI/pockets_gpcrdb.json,yes,11959,fb14d1fe630a08067947aa48e3f5ed4779f14c6cbd5b05652a467c59feb86568,computed
Gi_8XZI,api_gateways,data/api/v1/systems/Gi_8XZI/gateways.json,yes,8067,16d05e604b14f9908e6bfea6df697484bf11018906dc14e27cea4260ad65e2b1,computed
Gi_8XZI,api_gprotein,data/api/v1/systems/Gi_8XZI/gprotein_metrics.json,yes,174289,2f5a5e6a9d83f43238842fff1970b07b4c61eccc80e439e7cf3e096c33194717,computed
Gi_8XZI,api_pocketgrid,data/api/v1/systems/Gi_8XZI/pocketgrid.npz,yes,5875134,,pending_binary_or_large_file
Gi_8XZI,chain_roles,data/chain_roles/Gi_8XZI_chain_roles.json,yes,382,6bed90ad53507363da3a1b9f72032c9772da597a2a40c1ab848c12c81625430f,computed
Gi_8XZI,contacts,data/contacts/Gi_8XZI_contacts.parquet,yes,47618,,pending_binary_or_large_file
Gi_8YNA,viz_structure,data/viz/Gi_8YNA/structure.pdb,yes,1426653,,pending_binary_or_large_file
Gi_8YNA,viz_trajectory,data/viz/Gi_8YNA/traj.xtc,yes,167328392,,pending_binary_or_large_file
Gi_8YNA,api_index,data/api/v1/systems/Gi_8YNA/index.json,yes,1357,734d36b023e56fbb623589bfd10125a7e6fdd53829cbdc0833e7b411909e761a,computed
Gi_8YNA,api_pockets,data/api/v1/systems/Gi_8YNA/pockets.json,yes,7712,88a0e8fc2a2c673c0802743c2c148f04940ae0c4d94adb741a0d247b208e2899,computed
Gi_8YNA,api_pockets_gpcrdb,data/api/v1/systems/Gi_8YNA/pockets_gpcrdb.json,yes,12083,8b862a5a5e1c6cfd6e4e9ab2aafce3a7a8a8d0907824430d476c66e4df59a724,computed
Gi_8YNA,api_gateways,data/api/v1/systems/Gi_8YNA/gateways.json,yes,8090,2744dc65355c0f54db03fe18f3c37df28d78cc573859dffce0f61181a65e6d22,computed
Gi_8YNA,api_gprotein,data/api/v1/systems/Gi_8YNA/gprotein_metrics.json,yes,173890,1369b507b8576be6969a8cbce711a66e794c4b642b1cd902de7a4ccbdb38b28a,computed
Gi_8YNA,api_pocketgrid,data/api/v1/systems/Gi_8YNA/pocketgrid.npz,yes,7523838,,pending_binary_or_large_file
Gi_8YNA,chain_roles,data/chain_roles/Gi_8YNA_chain_roles.json,yes,382,539d47ae0aabcc0ce167a71dd76bbee4554d7d50b4d4e2eb5eba90fa42ffdd64,computed
Gi_8YNA,contacts,data/contacts/Gi_8YNA_contacts.parquet,yes,50401,,pending_binary_or_large_file
Gi_8ZQE,viz_structure,data/viz/Gi_8ZQE/structure.pdb,yes,1389717,,pending_binary_or_large_file
Gi_8ZQE,viz_trajectory,data/viz/Gi_8ZQE/traj.xtc,yes,162849404,,pending_binary_or_large_file
Gi_8ZQE,api_index,data/api/v1/systems/Gi_8ZQE/index.json,yes,1337,affca16bc55b650fe943c55784075e2e57419c1087e9315ecfaaa942d7ddf347,computed
Gi_8ZQE,api_pockets,data/api/v1/systems/Gi_8ZQE/pockets.json,yes,8598,0b2486460569dac7e6bcce000b66dcbbe4b3a01ecaf570c5dc21ae5efdec35df,computed
Gi_8ZQE,api_pockets_gpcrdb,data/api/v1/systems/Gi_8ZQE/pockets_gpcrdb.json,yes,14367,f38e3507fb52bbde3173ed2981b1a13b6465157ff76a209a6dea96ee8b416f5d,computed
Gi_8ZQE,api_gateways,data/api/v1/systems/Gi_8ZQE/gateways.json,yes,8051,625abf8b1f61c884a8531b9ae2b54bfb5dcb18dc59cb8ede1ecfb4ebeca495f1,computed
Gi_8ZQE,api_gprotein,data/api/v1/systems/Gi_8ZQE/gprotein_metrics.json,yes,174880,1ef36004cab3b47fe69a340a0a21fbb92f310c8e4372c6b8ef0a476ed01ed563,computed
Gi_8ZQE,api_pocketgrid,data/api/v1/systems/Gi_8ZQE/pocketgrid.npz,yes,7101438,,pending_binary_or_large_file
Gi_8ZQE,chain_roles,data/chain_roles/Gi_8ZQE_chain_roles.json,yes,468,5e07bb1cb86038720a6c8ea0cadf62b911e078895a19178cfe6420d4a078d2d8,computed
Gi_8ZQE,contacts,data/contacts/Gi_8ZQE_contacts.parquet,yes,48656,,pending_binary_or_large_file
Gi_9AST,viz_structure,data/viz/Gi_9AST/structure.pdb,yes,1356183,,pending_binary_or_large_file
Gi_9AST,viz_trajectory,data/viz/Gi_9AST/traj.xtc,yes,159227568,,pending_binary_or_large_file
Gi_9AST,api_index,data/api/v1/systems/Gi_9AST/index.json,yes,1323,5dc0177e284b553ef4436ff95fd62fcb108dd96586688e095c57581abf138f62,computed
Gi_9AST,api_pockets,data/api/v1/systems/Gi_9AST/pockets.json,yes,6063,0b0165040ff6f742388d2aed760acff70d9f908353465fa664c70af6b3a0ba64,computed
Gi_9AST,api_pockets_gpcrdb,data/api/v1/systems/Gi_9AST/pockets_gpcrdb.json,yes,9883,ba4ccfdbe98a4fbf4adee84115ce4f30334851d0625d7ea69d66ab96df94fc49,computed
Gi_9AST,api_gateways,data/api/v1/systems/Gi_9AST/gateways.json,yes,8038,dac2545bc8c54f3d6de98cda5c0d1b6e1e1ece06af5b9068f9683414c18d3a05,computed
Gi_9AST,api_gprotein,data/api/v1/systems/Gi_9AST/gprotein_metrics.json,yes,174861,2576d02c4f63b769450d67b2f2c12f4912732024d53f1f16b7623356f9b34fb4,computed
Gi_9AST,api_pocketgrid,data/api/v1/systems/Gi_9AST/pocketgrid.npz,yes,5798718,,pending_binary_or_large_file
Gi_9AST,chain_roles,data/chain_roles/Gi_9AST_chain_roles.json,yes,469,24a82db92e8a71f9f1b30a486857b721e1241385297c6dd09f4957768f2648ce,computed
Gi_9AST,contacts,data/contacts/Gi_9AST_contacts.parquet,yes,46927,,pending_binary_or_large_file
Gi_9IIX,viz_structure,data/viz/Gi_9IIX/structure.pdb,yes,1210059,,pending_binary_or_large_file
Gi_9IIX,viz_trajectory,data/viz/Gi_9IIX/traj.xtc,yes,142025188,,pending_binary_or_large_file
Gi_9IIX,api_index,data/api/v1/systems/Gi_9IIX/index.json,yes,1415,47455514037c5488de540e63c9e658ff167a0978cb2824976cf83cf4835ceaa7,computed
Gi_9IIX,api_pockets,data/api/v1/systems/Gi_9IIX/pockets.json,yes,7494,d68245b590ed0bc2b925be9574ac7fa1d0ba8afa916f461613cc006033ce4f04,computed
Gi_9IIX,api_pockets_gpcrdb,data/api/v1/systems/Gi_9IIX/pockets_gpcrdb.json,yes,12411,21a71b0999dc1c793977a4256d857b4b0b07f715e659dc6f80d89a6d4d8b49d5,computed
Gi_9IIX,api_gateways,data/api/v1/systems/Gi_9IIX/gateways.json,yes,8077,df46e108785dba87519c77c7f1766f3a2e530fcbc36334ac12182eac300cc32b,computed
Gi_9IIX,api_gprotein,data/api/v1/systems/Gi_9IIX/gprotein_metrics.json,yes,120984,7e282a32368afb938fde76c026418190a7a010fbb19d6091dd374fafac55f1a8,computed
Gi_9IIX,api_pocketgrid,data/api/v1/systems/Gi_9IIX/pocketgrid.npz,yes,7327230,,pending_binary_or_large_file
Gi_9IIX,chain_roles,data/chain_roles/Gi_9IIX_chain_roles.json,yes,381,74ab13d20b77802cdff9d466d7925d860596334442a30ee73bb5c796f44dbabc,computed
Gi_9IIX,contacts,data/contacts/Gi_9IIX_contacts.parquet,yes,42352,,pending_binary_or_large_file
Gi_9J5V,viz_structure,data/viz/Gi_9J5V/structure.pdb,yes,1336095,,pending_binary_or_large_file
Gi_9J5V,viz_trajectory,data/viz/Gi_9J5V/traj.xtc,yes,156768176,,pending_binary_or_large_file
Gi_9J5V,api_index,data/api/v1/systems/Gi_9J5V/index.json,yes,1336,2dbbeb24decd4bb0c31bc534bedfa31b791939d459bebdeb531a9ed6e40d4fcc,computed
Gi_9J5V,api_pockets,data/api/v1/systems/Gi_9J5V/pockets.json,yes,5158,fa197519ede5b5531186f776735ae09777ce870e2f7314168fcc939f1d8cd24b,computed
Gi_9J5V,api_pockets_gpcrdb,data/api/v1/systems/Gi_9J5V/pockets_gpcrdb.json,yes,8341,c35f7de18703782537d2dbe64c7ffa4c598868563a26824918d3c2ab859947e6,computed
Gi_9J5V,api_gateways,data/api/v1/systems/Gi_9J5V/gateways.json,yes,8046,4838815ad9a735bb545d94837e856dff8372de2f5e5507a96f96ea407ff3781a,computed
Gi_9J5V,api_gprotein,data/api/v1/systems/Gi_9J5V/gprotein_metrics.json,yes,172470,ac141752f135f1025011dff6d5b7058da1cec531e060e07f30bc1183569505e8,computed
Gi_9J5V,api_pocketgrid,data/api/v1/systems/Gi_9J5V/pocketgrid.npz,yes,6823790,,pending_binary_or_large_file
Gi_9J5V,chain_roles,data/chain_roles/Gi_9J5V_chain_roles.json,yes,382,003f88000f22f389cfa45f925837847a27843d24308283101f65371c8641ea35,computed
Gi_9J5V,contacts,data/contacts/Gi_9J5V_contacts.parquet,yes,46319,,pending_binary_or_large_file
Gq_6OIJ,viz_structure,data/viz/Gq_6OIJ/structure.pdb,yes,1524177,,pending_binary_or_large_file
Gq_6OIJ,viz_trajectory,data/viz/Gq_6OIJ/traj.xtc,yes,178474628,,pending_binary_or_large_file
Gq_6OIJ,api_index,data/api/v1/systems/Gq_6OIJ/index.json,yes,1434,eb3f1eeeaaad7b33dbea2607d766979f3803d737e3db4d4d1a90ae60dbe93f91,computed
Gq_6OIJ,api_pockets,data/api/v1/systems/Gq_6OIJ/pockets.json,yes,9635,1abebf8053a373087adbb68f869c5eb0256f1b61851eb5af97301f90212cf32f,computed
Gq_6OIJ,api_pockets_gpcrdb,data/api/v1/systems/Gq_6OIJ/pockets_gpcrdb.json,yes,15753,0385387a9bf5f357c0d44aea129188345cf6c46fefc0ff78fa32e1f94629b71e,computed
Gq_6OIJ,api_gateways,data/api/v1/systems/Gq_6OIJ/gateways.json,yes,8087,e43aa33bc5f5ba064fe0f6f1de78c930168d3d38eeb721d30377ba706d4fa0f0,computed
Gq_6OIJ,api_gprotein,data/api/v1/systems/Gq_6OIJ/gprotein_metrics.json,yes,179213,ea1f58fb33c43f6454be49af7eba10a5f9b38b01ddee071d352ab1da4ab29b4f,computed
Gq_6OIJ,api_pocketgrid,data/api/v1/systems/Gq_6OIJ/pocketgrid.npz,yes,8678526,,pending_binary_or_large_file
Gq_6OIJ,chain_roles,data/chain_roles/Gq_6OIJ_chain_roles.json,yes,382,a925589b6549d8b9cbb14003103c501e4e81ca26245a24def626731456caaefc,computed
Gq_6OIJ,contacts,data/contacts/Gq_6OIJ_contacts.parquet,yes,56371,,pending_binary_or_large_file
Gq_7DFL,viz_structure,data/viz/Gq_7DFL/structure.pdb,yes,1568970,,pending_binary_or_large_file
Gq_7DFL,viz_trajectory,data/viz/Gq_7DFL/traj.xtc,yes,184377712,,pending_binary_or_large_file
Gq_7DFL,api_index,data/api/v1/systems/Gq_7DFL/index.json,yes,1329,6eb762efdddcf4fc4178117a9244d0ee6134893c207208b58bcf8f7ecb11284c,computed
Gq_7DFL,api_pockets,data/api/v1/systems/Gq_7DFL/pockets.json,yes,6576,4e1f714fe902a144c1de9f2c3fa3cd2d37b462f0cf6e2aba4f9d87f9c3271757,computed
Gq_7DFL,api_pockets_gpcrdb,data/api/v1/systems/Gq_7DFL/pockets_gpcrdb.json,yes,10188,2644a3b681a65a99f29c7b37120ac9bd3504147996f374da81f7678bf06e0804,computed
Gq_7DFL,api_gateways,data/api/v1/systems/Gq_7DFL/gateways.json,yes,8046,03dcdb92f9d0d96c53fce059efb910edf3a8d8a254c503ab2a87d52ea2ea6dbe,computed
Gq_7DFL,api_gprotein,data/api/v1/systems/Gq_7DFL/gprotein_metrics.json,yes,177587,1876ff1cf017d2330184ddba819ddd674ed7e4ee142311df26c0ed81e040af1b,computed
Gq_7DFL,api_pocketgrid,data/api/v1/systems/Gq_7DFL/pocketgrid.npz,yes,11592030,,pending_binary_or_large_file
Gq_7DFL,chain_roles,data/chain_roles/Gq_7DFL_chain_roles.json,yes,382,fef6cac7e44261b1a4ccc6d49c3e78613cfe2dafe8b97001289a3c1972ef6f99,computed
Gq_7DFL,contacts,data/contacts/Gq_7DFL_contacts.parquet,yes,58577,,pending_binary_or_large_file
Gq_7DWC,viz_structure,data/viz/Gq_7DWC/structure.pdb,yes,1129626,,pending_binary_or_large_file
Gq_7DWC,viz_trajectory,data/viz/Gq_7DWC/traj.xtc,yes,132754884,,pending_binary_or_large_file
Gq_7DWC,api_index,data/api/v1/systems/Gq_7DWC/index.json,yes,1303,80995daf4db3564551a23990c6b29dec4bfcc0601aae5291b065c1989845d864,computed
Gq_7DWC,api_pockets,data/api/v1/systems/Gq_7DWC/pockets.json,yes,9223,0b81cad6f0773a582c88010b2fd61772b99d280c3b11e2f523dba047c9a82ef6,computed
Gq_7DWC,api_pockets_gpcrdb,data/api/v1/systems/Gq_7DWC/pockets_gpcrdb.json,yes,13788,ea5860f41a22599187ce777f61a1bfe843661f63bc45701f70fe4ae7d6998631,computed
Gq_7DWC,api_gateways,data/api/v1/systems/Gq_7DWC/gateways.json,yes,8005,9189894dbe0240288488999da2f9f5e82a6cb9488852f6f056529a1a79bd0c4a,computed
Gq_7DWC,api_gprotein,data/api/v1/systems/Gq_7DWC/gprotein_metrics.json,yes,166035,40870c42fa67af323e491b4c0d5d3318c1858073dc8def0a38a0c1a98fd6ff5c,computed
Gq_7DWC,api_pocketgrid,data/api/v1/systems/Gq_7DWC/pocketgrid.npz,yes,5288190,,pending_binary_or_large_file
Gq_7DWC,chain_roles,data/chain_roles/Gq_7DWC_chain_roles.json,yes,559,faa3d674b61c5c3b8e40c20bf44197e0e4064e9dd2719aa8ee4208b963bf8dd2,computed
Gq_7DWC,contacts,data/contacts/Gq_7DWC_contacts.parquet,yes,39472,,pending_binary_or_large_file
Gq_7E9W,viz_structure,data/viz/Gq_7E9W/structure.pdb,yes,1425033,,pending_binary_or_large_file
Gq_7E9W,viz_trajectory,data/viz/Gq_7E9W/traj.xtc,yes,167265864,,pending_binary_or_large_file
Gq_7E9W,api_index,data/api/v1/systems/Gq_7E9W/index.json,yes,1222,148d5f30b0ff9a445c4a3ab0fa6b9bc7d0bcea6baafd79b295349dae50b73e23,computed
Gq_7E9W,api_pockets,data/api/v1/systems/Gq_7E9W/pockets.json,yes,9366,d00d01782261664ccca9b602e568a97ca389a6467cfe312efcdfaf27d53d5925,computed
Gq_7E9W,api_pockets_gpcrdb,data/api/v1/systems/Gq_7E9W/pockets_gpcrdb.json,no,,,missing
Gq_7E9W,api_gateways,data/api/v1/systems/Gq_7E9W/gateways.json,yes,8054,7fd7694cf9026a057cd42463cbb501106c8f5dd62b843a68f025c09d01caaf18,computed
Gq_7E9W,api_gprotein,data/api/v1/systems/Gq_7E9W/gprotein_metrics.json,yes,168152,e9c4e75f67750b967f49feca560f140f555e8b6e4c545c303b3682765d20c261,computed
Gq_7E9W,api_pocketgrid,data/api/v1/systems/Gq_7E9W/pocketgrid.npz,yes,10509630,,pending_binary_or_large_file
Gq_7E9W,chain_roles,data/chain_roles/Gq_7E9W_chain_roles.json,yes,652,8ef73b8afc39e48b77716130a0e8c8eb4be6b95748f38daac2d22bdeee389bc7,computed
Gq_7E9W,contacts,data/contacts/Gq_7E9W_contacts.parquet,yes,56169,,pending_binary_or_large_file
Gq_7EIB,viz_structure,data/viz/Gq_7EIB/structure.pdb,yes,1213200,,pending_binary_or_large_file
Gq_7EIB,viz_trajectory,data/viz/Gq_7EIB/traj.xtc,yes,142471112,,pending_binary_or_large_file
Gq_7EIB,api_index,data/api/v1/systems/Gq_7EIB/index.json,yes,1282,046a76b61155840bd85772f70642d8ebec9d416ff6314fd36869509a27006cac,computed
Gq_7EIB,api_pockets,data/api/v1/systems/Gq_7EIB/pockets.json,yes,7101,cac7bee8d4d06ed438e0f88e2cef4d7bec989edd18bc165399da5f6ee1aa8807,computed
Gq_7EIB,api_pockets_gpcrdb,data/api/v1/systems/Gq_7EIB/pockets_gpcrdb.json,yes,11270,a7052bcad29bf8019af6e6ee2136f8efde220e2e4df0a4e28d8246ccde364ca0,computed
Gq_7EIB,api_gateways,data/api/v1/systems/Gq_7EIB/gateways.json,yes,8046,67decea269a9bd973e8d6998fb3f9c0429a307faf82787b219ae66c1ce1576be,computed
Gq_7EIB,api_gprotein,data/api/v1/systems/Gq_7EIB/gprotein_metrics.json,yes,117255,bb7364bf5e9567949324c5d36c41b5045c5433c189b95e2eea8d0dc9ae9f08c3,computed
Gq_7EIB,api_pocketgrid,data/api/v1/systems/Gq_7EIB/pocketgrid.npz,yes,6039998,,pending_binary_or_large_file
Gq_7EIB,chain_roles,data/chain_roles/Gq_7EIB_chain_roles.json,yes,466,18a7aa7250815f1ac23b1f8b035d2f82b9008f7f0773108e379af61f01c6da3c,computed
Gq_7EIB,contacts,data/contacts/Gq_7EIB_contacts.parquet,yes,42124,,pending_binary_or_large_file
Gq_7EZM,viz_structure,data/viz/Gq_7EZM/structure.pdb,yes,1427139,,pending_binary_or_large_file
Gq_7EZM,viz_trajectory,data/viz/Gq_7EZM/traj.xtc,yes,167742856,,pending_binary_or_large_file
Gq_7EZM,api_index,data/api/v1/systems/Gq_7EZM/index.json,yes,1340,8e519c285462ab49fd4ffe496392c88fc2c767524d361ae76270a3dd4a5f12ca,computed
Gq_7EZM,api_pockets,data/api/v1/systems/Gq_7EZM/pockets.json,yes,6794,f70c32e6625e88e000a3c26e0815318e97b72b4ee654aba56a92bf1f32fdc699,computed
Gq_7EZM,api_pockets_gpcrdb,data/api/v1/systems/Gq_7EZM/pockets_gpcrdb.json,yes,10621,a40d261dfe43ec992df18b5c67f9253bd5f260ff3f6fa4b698e4a39b196ad4a9,computed
Gq_7EZM,api_gateways,data/api/v1/systems/Gq_7EZM/gateways.json,yes,8075,2d7c7d9dae0fa0ca96d6273e8c864c27b12359c03868d739a3b4d337e278e6d5,computed
Gq_7EZM,api_gprotein,data/api/v1/systems/Gq_7EZM/gprotein_metrics.json,yes,173977,46da894d68cd4c88d628146920088a4f86f4c7a02fa07e9bdc151477fdf008e5,computed
Gq_7EZM,api_pocketgrid,data/api/v1/systems/Gq_7EZM/pocketgrid.npz,yes,7970030,,pending_binary_or_large_file
Gq_7EZM,chain_roles,data/chain_roles/Gq_7EZM_chain_roles.json,yes,471,eee4e88cd9ad99f7061a67b3a048b2f7a95904aded30f3dcd2c2b5a8c8fabfe7,computed
Gq_7EZM,contacts,data/contacts/Gq_7EZM_contacts.parquet,yes,51008,,pending_binary_or_large_file
Gq_7F2O,viz_structure,data/viz/Gq_7F2O/structure.pdb,yes,1193193,,pending_binary_or_large_file
Gq_7F2O,viz_trajectory,data/viz/Gq_7F2O/traj.xtc,yes,140157320,,pending_binary_or_large_file
Gq_7F2O,api_index,data/api/v1/systems/Gq_7F2O/index.json,yes,1282,159c19117c17d729cc90a6ae5e83ea6e7a7387f7bcc7a0c9ad744ab877f30520,computed
Gq_7F2O,api_pockets,data/api/v1/systems/Gq_7F2O/pockets.json,yes,6001,dab7ab03085b8370108a9ed44d2eac39a78804a7e80a98f665372ea7763aa05d,computed
Gq_7F2O,api_pockets_gpcrdb,data/api/v1/systems/Gq_7F2O/pockets_gpcrdb.json,yes,9481,25657f435d3c0d829f7dd3b6bccacb02902d262eb7ce6c1504a7c83359bb2df4,computed
Gq_7F2O,api_gateways,data/api/v1/systems/Gq_7F2O/gateways.json,yes,8053,6e3fd8df618ba446ac22fc0728d9ac3c0d37429b00106c0c3aedfd1f6abc8c66,computed
Gq_7F2O,api_gprotein,data/api/v1/systems/Gq_7F2O/gprotein_metrics.json,yes,82377,4e4448099de04c53599c64a5ee44ca7c65bf66271f1428bce4176a4a3fbaa21c,computed
Gq_7F2O,api_pocketgrid,data/api/v1/systems/Gq_7F2O/pocketgrid.npz,yes,5792094,,pending_binary_or_large_file
Gq_7F2O,chain_roles,data/chain_roles/Gq_7F2O_chain_roles.json,yes,553,54db5ef8394c30050b1c7ffd76c2f7d921d8b725abf358288a203abd6934d521,computed
Gq_7F2O,contacts,data/contacts/Gq_7F2O_contacts.parquet,yes,42549,,pending_binary_or_large_file
Gq_7F6G,viz_structure,data/viz/Gq_7F6G/structure.pdb,yes,1419849,,pending_binary_or_large_file
Gq_7F6G,viz_trajectory,data/viz/Gq_7F6G/traj.xtc,yes,166326288,,pending_binary_or_large_file
Gq_7F6G,api_index,data/api/v1/systems/Gq_7F6G/index.json,yes,1373,917fb078baf55af78b69bf52dcd55d1241d09af85654f97272e2f731eeb95145,computed
Gq_7F6G,api_pockets,data/api/v1/systems/Gq_7F6G/pockets.json,yes,7708,7717a22f3da3c2b69e865b394454c1804ed9a05cde68ab8283651b5b4b122964,computed
Gq_7F6G,api_pockets_gpcrdb,data/api/v1/systems/Gq_7F6G/pockets_gpcrdb.json,yes,12303,bd7b69e8ed627c23c3c7c65d5019203279ea153d0f2e5f69e2429b7bb4ae0294,computed
Gq_7F6G,api_gateways,data/api/v1/systems/Gq_7F6G/gateways.json,yes,8070,e198e66d7d450ee3e8400c1b7cca33ada3b2e6ee4ccd1ecaa8bcb1777d1a24cd,computed
Gq_7F6G,api_gprotein,data/api/v1/systems/Gq_7F6G/gprotein_metrics.json,yes,177471,c2ff802d9e73596f730fe757b03695fa2fa1e81bcf6c7046617ccc5a2b7b9485,computed
Gq_7F6G,api_pocketgrid,data/api/v1/systems/Gq_7F6G/pocketgrid.npz,yes,6550430,,pending_binary_or_large_file
Gq_7F6G,chain_roles,data/chain_roles/Gq_7F6G_chain_roles.json,yes,471,110f8a0a3fdad7ef06d8a3a4c20fa9c02581cb2ae1166fddf57bf4dcd5c0d70b,computed
Gq_7F6G,contacts,data/contacts/Gq_7F6G_contacts.parquet,yes,48161,,pending_binary_or_large_file
Gq_7F8W,viz_structure,data/viz/Gq_7F8W/structure.pdb,yes,1389150,,pending_binary_or_large_file
Gq_7F8W,viz_trajectory,data/viz/Gq_7F8W/traj.xtc,yes,163317840,,pending_binary_or_large_file
Gq_7F8W,api_index,data/api/v1/systems/Gq_7F8W/index.json,yes,1340,1498192aa9ceb38ae9444bf1a4be9d174922e9a535f8d452560893af1d2313f6,computed
Gq_7F8W,api_pockets,data/api/v1/systems/Gq_7F8W/pockets.json,yes,5400,5671d75a7081546218c3a8c712fb9da5593dd113f3adb8f41923c1a32b2006c9,computed
Gq_7F8W,api_pockets_gpcrdb,data/api/v1/systems/Gq_7F8W/pockets_gpcrdb.json,yes,8240,4c4fe0e50af209f6f3a418b4101fdcef8c6ec5788dccce187f3837730b0133e9,computed
Gq_7F8W,api_gateways,data/api/v1/systems/Gq_7F8W/gateways.json,yes,8051,8595c642c1883f2ab71b459ebc64765e530a4803f1570e943b364f29b42ec625,computed
Gq_7F8W,api_gprotein,data/api/v1/systems/Gq_7F8W/gprotein_metrics.json,yes,177723,d3f49fb1de016248db6c7c5d0e7cf142cfe67532f11d54fe7b424312bad82f03,computed
Gq_7F8W,api_pocketgrid,data/api/v1/systems/Gq_7F8W/pocketgrid.npz,yes,7898526,,pending_binary_or_large_file
Gq_7F8W,chain_roles,data/chain_roles/Gq_7F8W_chain_roles.json,yes,468,4086b23a5f9fa48967df8010a0b060179fa6265933b2371b20ac388e72e27604,computed
Gq_7F8W,contacts,data/contacts/Gq_7F8W_contacts.parquet,yes,51058,,pending_binary_or_large_file
Gq_7F9Z,viz_structure,data/viz/Gq_7F9Z/structure.pdb,yes,1195299,,pending_binary_or_large_file
Gq_7F9Z,viz_trajectory,data/viz/Gq_7F9Z/traj.xtc,yes,140369084,,pending_binary_or_large_file
Gq_7F9Z,api_index,data/api/v1/systems/Gq_7F9Z/index.json,yes,1323,99ad749c6d77f5d58ed983ad11a4a0cdf4dee324e5244b4af952cc8b8c1ccf4a,computed
Gq_7F9Z,api_pockets,data/api/v1/systems/Gq_7F9Z/pockets.json,yes,7240,a92730d219b26a60d064329591629386bc33d4c6716378216ed02a5186616083,computed
Gq_7F9Z,api_pockets_gpcrdb,data/api/v1/systems/Gq_7F9Z/pockets_gpcrdb.json,yes,11596,87c9b4f2223eeef547f854a6d6a02a512a2960ed03cfd585a561cbfdc1f72215,computed
Gq_7F9Z,api_gateways,data/api/v1/systems/Gq_7F9Z/gateways.json,yes,8066,678630d03b7ea1b13a8aeb57d6ea19f26cc63457a6bde7cfbb9c66d6f0dea2c8,computed
Gq_7F9Z,api_gprotein,data/api/v1/systems/Gq_7F9Z/gprotein_metrics.json,yes,113375,e1abdae0903bdf8b93fcdd195dd1c3e7b58badedfabad167a67577a56016b54b,computed
Gq_7F9Z,api_pocketgrid,data/api/v1/systems/Gq_7F9Z/pocketgrid.npz,yes,5758430,,pending_binary_or_large_file
Gq_7F9Z,chain_roles,data/chain_roles/Gq_7F9Z_chain_roles.json,yes,467,649aef2f5dddb2f9a35a5722f1da4424e3b2b70c034d813c859518ff66b2499e,computed
Gq_7F9Z,contacts,data/contacts/Gq_7F9Z_contacts.parquet,yes,41968,,pending_binary_or_large_file
Gq_7P00,viz_structure,data/viz/Gq_7P00/structure.pdb,yes,1193031,,pending_binary_or_large_file
Gq_7P00,viz_trajectory,data/viz/Gq_7P00/traj.xtc,yes,139952836,,pending_binary_or_large_file
Gq_7P00,api_index,data/api/v1/systems/Gq_7P00/index.json,yes,1321,3001302556c5c1a9a096474575457ad2c8636ad3fb0bfcd4f16b94ede00cee49,computed
Gq_7P00,api_pockets,data/api/v1/systems/Gq_7P00/pockets.json,yes,6044,931635cb96eba0d862ff92d2b4e8dd64ac0a07245ca4da4d9175b75fe3573aba,computed
Gq_7P00,api_pockets_gpcrdb,data/api/v1/systems/Gq_7P00/pockets_gpcrdb.json,yes,9807,cb8046b002feb261848bdfdc9e5d612c0c2fb2c22f361d1a9faf79b635836774,computed
Gq_7P00,api_gateways,data/api/v1/systems/Gq_7P00/gateways.json,yes,8057,7952544ea347fe7171d7d43b9e484ae266792440786c8ec4baa238e4e5ed9da2,computed
Gq_7P00,api_gprotein,data/api/v1/systems/Gq_7P00/gprotein_metrics.json,yes,114087,08c6283a7b7a89ab4386ba8aa27dce8b726244765ecfb32beeb729ea3748d351,computed
Gq_7P00,api_pocketgrid,data/api/v1/systems/Gq_7P00/pocketgrid.npz,yes,5892942,,pending_binary_or_large_file
Gq_7P00,chain_roles,data/chain_roles/Gq_7P00_chain_roles.json,yes,467,b63347633b6dbe54fe4c3b0d79d676a24bd4dfd6465e71490927bd1b1b6b155e,computed
Gq_7P00,contacts,data/contacts/Gq_7P00_contacts.parquet,yes,41702,,pending_binary_or_large_file
Gq_7S8L,viz_structure,data/viz/Gq_7S8L/structure.pdb,yes,1122417,,pending_binary_or_large_file
Gq_7S8L,viz_trajectory,data/viz/Gq_7S8L/traj.xtc,yes,131837724,,pending_binary_or_large_file
Gq_7S8L,api_index,data/api/v1/systems/Gq_7S8L/index.json,yes,1309,ef1ef8b46afb3b9c3f0d4aab3e2416afccc424d069d7f12825d042c980f72f2a,computed
Gq_7S8L,api_pockets,data/api/v1/systems/Gq_7S8L/pockets.json,yes,6678,d9387931d76297df274f97fcb7d456d787dc072cec2d895faa342a1a6d00e604,computed
Gq_7S8L,api_pockets_gpcrdb,data/api/v1/systems/Gq_7S8L/pockets_gpcrdb.json,yes,10191,1695248892c291c2c6917c288439f055578d4ccb4b1d3fab8f85371405442947,computed
Gq_7S8L,api_gateways,data/api/v1/systems/Gq_7S8L/gateways.json,yes,8053,7d12195be5346f925c32f1d6b76f680d8b46f81415e7e7adc41e07fadca4ce25,computed
Gq_7S8L,api_gprotein,data/api/v1/systems/Gq_7S8L/gprotein_metrics.json,yes,23454,1f9aa255ce3f34cb1391d1b07eea9c4d824fda79e3c4fc4ad3b369973889fafc,computed
Gq_7S8L,api_pocketgrid,data/api/v1/systems/Gq_7S8L/pocketgrid.npz,yes,5782878,,pending_binary_or_large_file
Gq_7S8L,chain_roles,data/chain_roles/Gq_7S8L_chain_roles.json,yes,550,8882d51a4b1e8ea718a7a8bc4b84e37b17220b69247fb7e8e451a051e87b5123,computed
Gq_7S8L,contacts,data/contacts/Gq_7S8L_contacts.parquet,yes,38648,,pending_binary_or_large_file
Gq_7S8P,viz_structure,data/viz/Gq_7S8P/structure.pdb,yes,1322163,,pending_binary_or_large_file
Gq_7S8P,viz_trajectory,data/viz/Gq_7S8P/traj.xtc,yes,155035588,,pending_binary_or_large_file
Gq_7S8P,api_index,data/api/v1/systems/Gq_7S8P/index.json,yes,1393,631a6ec45936895b06499fc13086e855f894ee2166e7a21a5818e46c15c66224,computed
Gq_7S8P,api_pockets,data/api/v1/systems/Gq_7S8P/pockets.json,yes,7793,e304a4d766f1237c552cba1db6ac740d987c49c5cfa2c9e0225320b604ef3845,computed
Gq_7S8P,api_pockets_gpcrdb,data/api/v1/systems/Gq_7S8P/pockets_gpcrdb.json,yes,12855,0a2c2416c65eb8163803978d5d2464aad2c8bcad1c2fd046700cdee1df09ca49,computed
Gq_7S8P,api_gateways,data/api/v1/systems/Gq_7S8P/gateways.json,yes,8017,ca955f242907b00818e00ed4a57037771baf41d26766784cc9727da6145a562b,computed
Gq_7S8P,api_gprotein,data/api/v1/systems/Gq_7S8P/gprotein_metrics.json,yes,177243,8e274422f9d253b9846ed3b6bca9056492d8485a8c046bb1d641f2288a39c9aa,computed
Gq_7S8P,api_pocketgrid,data/api/v1/systems/Gq_7S8P/pocketgrid.npz,yes,5958462,,pending_binary_or_large_file
Gq_7S8P,chain_roles,data/chain_roles/Gq_7S8P_chain_roles.json,yes,382,161f25d6d3877df2d8bb01c853a39bd06d5ba130812d0cc31d14bef3076c51e6,computed
Gq_7S8P,contacts,data/contacts/Gq_7S8P_contacts.parquet,yes,44011,,pending_binary_or_large_file
Gq_7SR8,viz_structure,data/viz/Gq_7SR8/structure.pdb,yes,1234908,,pending_binary_or_large_file
Gq_7SR8,viz_trajectory,data/viz/Gq_7SR8/traj.xtc,yes,144851176,,pending_binary_or_large_file
Gq_7SR8,api_index,data/api/v1/systems/Gq_7SR8/index.json,yes,1432,77dbcf110dd931e6d4af2cb44476055a382b2de4db3253cd4357ae975965ff00,computed
Gq_7SR8,api_pockets,data/api/v1/systems/Gq_7SR8/pockets.json,yes,6363,cb854ef6a7c4575159843cd21f16aaf4dc331c9acca2689399b97b141a69490a,computed
Gq_7SR8,api_pockets_gpcrdb,data/api/v1/systems/Gq_7SR8/pockets_gpcrdb.json,yes,10231,39ed56242ef7e0124162fbdeeb109c81ce019ba0f57949883e98c78073b3cf1a,computed
Gq_7SR8,api_gateways,data/api/v1/systems/Gq_7SR8/gateways.json,yes,8029,bb557670c9a266a9b69342b2a245995e6df28f62660e1145161da6e0871d2617,computed
Gq_7SR8,api_gprotein,data/api/v1/systems/Gq_7SR8/gprotein_metrics.json,yes,112584,8c1ec86f41640563dc3c87ceaa8b43adca502850ebc9becbb5c639ce24d75e53,computed
Gq_7SR8,api_pocketgrid,data/api/v1/systems/Gq_7SR8/pocketgrid.npz,yes,7047678,,pending_binary_or_large_file
Gq_7SR8,chain_roles,data/chain_roles/Gq_7SR8_chain_roles.json,yes,404,ce0d5cb40fec8f7a627deba092d2e70509d6796f89ccef4dd4d3ec9434ddb676,computed
Gq_7SR8,contacts,data/contacts/Gq_7SR8_contacts.parquet,yes,43990,,pending_binary_or_large_file
Gq_7SRR,viz_structure,data/viz/Gq_7SRR/structure.pdb,yes,1232478,,pending_binary_or_large_file
Gq_7SRR,viz_trajectory,data/viz/Gq_7SRR/traj.xtc,yes,145126096,,pending_binary_or_large_file
Gq_7SRR,api_index,data/api/v1/systems/Gq_7SRR/index.json,yes,1355,6bc78dfe71a4e0dff8e6c25b146f8e84b85a85375c1f9a51ab6a950b377f2862,computed
Gq_7SRR,api_pockets,data/api/v1/systems/Gq_7SRR/pockets.json,yes,7402,5434076b0fda8ef176b9b5beb752af2436be1876500d80b88c09c7f26ea3eb2a,computed
Gq_7SRR,api_pockets_gpcrdb,data/api/v1/systems/Gq_7SRR/pockets_gpcrdb.json,yes,12121,e9529744269c6d8e10443918ad3c89118c4e961556b853be1c11126b77bf77ed,computed
Gq_7SRR,api_gateways,data/api/v1/systems/Gq_7SRR/gateways.json,yes,8011,eda40dfe8d88e4a6e8b73e1b46b23b051a6b3b96ba92225b8544e4b770abb32f,computed
Gq_7SRR,api_gprotein,data/api/v1/systems/Gq_7SRR/gprotein_metrics.json,yes,33812,12702c66eaa9a21210276616792feb5f3ef6ba852a1e06fa7dfc485df58d016d,computed
Gq_7SRR,api_pocketgrid,data/api/v1/systems/Gq_7SRR/pocketgrid.npz,yes,7693182,,pending_binary_or_large_file
Gq_7SRR,chain_roles,data/chain_roles/Gq_7SRR_chain_roles.json,yes,479,4bdd4faae34fea294ca2a9ea293d231d819915e851af3437b8c6fa06ab53fe24,computed
Gq_7SRR,contacts,data/contacts/Gq_7SRR_contacts.parquet,yes,44543,,pending_binary_or_large_file
Gq_7W3Z,viz_structure,data/viz/Gq_7W3Z/structure.pdb,yes,1364202,,pending_binary_or_large_file
Gq_7W3Z,viz_trajectory,data/viz/Gq_7W3Z/traj.xtc,yes,160000632,,pending_binary_or_large_file
Gq_7W3Z,api_index,data/api/v1/systems/Gq_7W3Z/index.json,yes,1334,b962dc26b3b6c98ed9d853f39fd4da08bbe8ad4cc7e3b6aabdded088f02b67ba,computed
Gq_7W3Z,api_pockets,data/api/v1/systems/Gq_7W3Z/pockets.json,yes,5729,52bb6c06789fd928610eea253bb7aec0b6163317dac700d9e87afd521269e11c,computed
Gq_7W3Z,api_pockets_gpcrdb,data/api/v1/systems/Gq_7W3Z/pockets_gpcrdb.json,yes,8682,96a4f2b16fe3e1459d5ac9b2b50a683da4c78c1bf8d6c3884267affeeeaa00a8,computed
Gq_7W3Z,api_gateways,data/api/v1/systems/Gq_7W3Z/gateways.json,yes,8062,870c6d625e57642bcaccf66d940cfaef9d093274298cbfd420bf2f9cdb5a982f,computed
Gq_7W3Z,api_gprotein,data/api/v1/systems/Gq_7W3Z/gprotein_metrics.json,yes,174164,505738c174c2441474cebc31f8210f793c1fa23faddc74e2855af57fbfd0c9bf,computed
Gq_7W3Z,api_pocketgrid,data/api/v1/systems/Gq_7W3Z/pocketgrid.npz,yes,6254670,,pending_binary_or_large_file
Gq_7W3Z,chain_roles,data/chain_roles/Gq_7W3Z_chain_roles.json,yes,470,6e7ccbced18736972b63e79437b6a222c7fe8639b946583c04d5af0961d5dad5,computed
Gq_7W3Z,contacts,data/contacts/Gq_7W3Z_contacts.parquet,yes,47064,,pending_binary_or_large_file
Gq_7W53,viz_structure,data/viz/Gq_7W53/structure.pdb,yes,1177560,,pending_binary_or_large_file
Gq_7W53,viz_trajectory,data/viz/Gq_7W53/traj.xtc,yes,138118748,,pending_binary_or_large_file
Gq_7W53,api_index,data/api/v1/systems/Gq_7W53/index.json,yes,1324,17bc5fedaf8fac4ffac78f032ca3e08f09a41eb906942947fcfba7787e8b911d,computed
Gq_7W53,api_pockets,data/api/v1/systems/Gq_7W53/pockets.json,yes,6093,baf5397b8d1e27e0d31d79a13646126ba0d679e9ef28ff35f6bba71e6fa189cb,computed
Gq_7W53,api_pockets_gpcrdb,data/api/v1/systems/Gq_7W53/pockets_gpcrdb.json,yes,9697,ee481d8e3b92e6acd0cd371417b4a795fa8190a5d6759881a8f58059b477bc58,computed
Gq_7W53,api_gateways,data/api/v1/systems/Gq_7W53/gateways.json,yes,8061,705a649ead9da7376f22f247335c5bae5ef986a4aa6fe9a9f2cf740a5e9c8ea1,computed
Gq_7W53,api_gprotein,data/api/v1/systems/Gq_7W53/gprotein_metrics.json,yes,65714,275de6c380701f201a6d402bcf2a274c49684318b489adef991cf13aa866d057,computed
Gq_7W53,api_pocketgrid,data/api/v1/systems/Gq_7W53/pocketgrid.npz,yes,5927550,,pending_binary_or_large_file
Gq_7W53,chain_roles,data/chain_roles/Gq_7W53_chain_roles.json,yes,553,ac32605265594eee6c7a3f9aafe88020920331501198960d597f8cd4a889c416,computed
Gq_7W53,contacts,data/contacts/Gq_7W53_contacts.parquet,yes,42194,,pending_binary_or_large_file
Gq_7W55,viz_structure,data/viz/Gq_7W55/structure.pdb,yes,1214658,,pending_binary_or_large_file
Gq_7W55,viz_trajectory,data/viz/Gq_7W55/traj.xtc,yes,142407664,,pending_binary_or_large_file
Gq_7W55,api_index,data/api/v1/systems/Gq_7W55/index.json,yes,1324,c816e99db39e74e258d9b0a4655a3d4f15113f9ceaa937e4dd8e1e352687cba0,computed
Gq_7W55,api_pockets,data/api/v1/systems/Gq_7W55/pockets.json,yes,5333,4dbf187110d4df43c0324960c4ca912cc666b3fd6e944ade0818da680725418c,computed
Gq_7W55,api_pockets_gpcrdb,data/api/v1/systems/Gq_7W55/pockets_gpcrdb.json,yes,8179,5e6cc758425e3969760b5678d6ec5b7e6290d49c6fcdca76dcbd71bbe00ff767,computed
Gq_7W55,api_gateways,data/api/v1/systems/Gq_7W55/gateways.json,yes,8065,230344a6ebea847204e8ba81f35d2c1d35af895112079004832565686dce6942,computed
Gq_7W55,api_gprotein,data/api/v1/systems/Gq_7W55/gprotein_metrics.json,yes,117227,6b703773c2602ccca33cac6fd826cfe54218c47e28de4bb80275a2b21fcc5c98,computed
Gq_7W55,api_pocketgrid,data/api/v1/systems/Gq_7W55/pocketgrid.npz,yes,6019710,,pending_binary_or_large_file
Gq_7W55,chain_roles,data/chain_roles/Gq_7W55_chain_roles.json,yes,483,8d444a591f9f841013878e2e04dac13f32ee806b5601088402e845acb47c116d,computed
Gq_7W55,contacts,data/contacts/Gq_7W55_contacts.parquet,yes,43789,,pending_binary_or_large_file
Gq_7XJL,viz_structure,data/viz/Gq_7XJL/structure.pdb,yes,1364202,,pending_binary_or_large_file
Gq_7XJL,viz_trajectory,data/viz/Gq_7XJL/traj.xtc,yes,159954252,,pending_binary_or_large_file
Gq_7XJL,api_index,data/api/v1/systems/Gq_7XJL/index.json,yes,1324,c87c10bac1a9720811cfeaeb86bec3a367c54c7a3c89cdd03c34bcb0e0615533,computed
Gq_7XJL,api_pockets,data/api/v1/systems/Gq_7XJL/pockets.json,yes,7523,1d427b05d0c09fb986d9d6339b0b192933aad357229b8c24b80cf7345aba2392,computed
Gq_7XJL,api_pockets_gpcrdb,data/api/v1/systems/Gq_7XJL/pockets_gpcrdb.json,yes,12349,85e1fcf1950552f9aac07a3165478746a2a661ad3448486b971d6fbaf37f30e2,computed
Gq_7XJL,api_gateways,data/api/v1/systems/Gq_7XJL/gateways.json,yes,8069,8f8791d72e2055f42d61554703f03886eecc8d02b2d77b3aa4e0ee3fb97a5030,computed
Gq_7XJL,api_gprotein,data/api/v1/systems/Gq_7XJL/gprotein_metrics.json,yes,177125,00bea41037a49aa28750e395f6077dbe32ec3c0a537a5dc378b390e52fa31a31,computed
Gq_7XJL,api_pocketgrid,data/api/v1/systems/Gq_7XJL/pocketgrid.npz,yes,6293310,,pending_binary_or_large_file
Gq_7XJL,chain_roles,data/chain_roles/Gq_7XJL_chain_roles.json,yes,466,fb99b7cca568f2dae520f1c0f3797914f648ef74dc557cdb7b0cd52bc80efb79,computed
Gq_7XJL,contacts,data/contacts/Gq_7XJL_contacts.parquet,yes,46388,,pending_binary_or_large_file
Gq_7XW9,viz_structure,data/viz/Gq_7XW9/structure.pdb,yes,1219761,,pending_binary_or_large_file
Gq_7XW9,viz_trajectory,data/viz/Gq_7XW9/traj.xtc,yes,143100144,,pending_binary_or_large_file
Gq_7XW9,api_index,data/api/v1/systems/Gq_7XW9/index.json,yes,1338,6bf977ab5269c7348b3e96ddb3005abf8addb7d80f8d769c32330a9d7eb821b9,computed
Gq_7XW9,api_pockets,data/api/v1/systems/Gq_7XW9/pockets.json,yes,7285,eafba719ad0dcf6f033388655453fb5321efa5593c770c999544e68fc0392242,computed
Gq_7XW9,api_pockets_gpcrdb,data/api/v1/systems/Gq_7XW9/pockets_gpcrdb.json,yes,11959,39c4c21cf8029294dadeb3b13b6cabc0a1925bbb994ccd83d810953ba71c8b13,computed
Gq_7XW9,api_gateways,data/api/v1/systems/Gq_7XW9/gateways.json,yes,8052,eb8dd1a69171ba90b57189ed7215248cb1bcbaa0e5f99991afd16a113f13aeba,computed
Gq_7XW9,api_gprotein,data/api/v1/systems/Gq_7XW9/gprotein_metrics.json,yes,113228,f91ac88a849571625f23e03d55348ffae3fddbb7ff2efd7fb16ccfd8c9e86f46,computed
Gq_7XW9,api_pocketgrid,data/api/v1/systems/Gq_7XW9/pocketgrid.npz,yes,6875070,,pending_binary_or_large_file
Gq_7XW9,chain_roles,data/chain_roles/Gq_7XW9_chain_roles.json,yes,466,5b6db1067c6850ce87adf130a64f725dca9ee644a9391a02d5287ecdddbbd2b9,computed
Gq_7XW9,contacts,data/contacts/Gq_7XW9_contacts.parquet,yes,43861,,pending_binary_or_large_file
Gq_7XWO,viz_structure,data/viz/Gq_7XWO/structure.pdb,yes,1177560,,pending_binary_or_large_file
Gq_7XWO,viz_trajectory,data/viz/Gq_7XWO/traj.xtc,yes,138165160,,pending_binary_or_large_file
Gq_7XWO,api_index,data/api/v1/systems/Gq_7XWO/index.json,yes,1279,9163dddaba9a8e7f990d4329fb579576c2598f483b5e19b60124e1fb6fcd848d,computed
Gq_7XWO,api_pockets,data/api/v1/systems/Gq_7XWO/pockets.json,yes,6980,ef400983cbbce4258e45066346f9379a5124c287e0418ba3945dcd976c4e2c03,computed
Gq_7XWO,api_pockets_gpcrdb,data/api/v1/systems/Gq_7XWO/pockets_gpcrdb.json,yes,10653,b864ff6b7dab1a3f9387bb9bc491009cf05624f04a4f1f6acc8c6217cd5b01f6,computed
Gq_7XWO,api_gateways,data/api/v1/systems/Gq_7XWO/gateways.json,yes,8040,56a18fe0fde084060701e1f218b18a75f9c5a1738d28af796268968bcacaa68a,computed
Gq_7XWO,api_gprotein,data/api/v1/systems/Gq_7XWO/gprotein_metrics.json,yes,114144,5a7c08552ffc87d1464e6afaef5f8d2a0aa8995917b1256cbdf35392a1323e6c,computed
Gq_7XWO,api_pocketgrid,data/api/v1/systems/Gq_7XWO/pocketgrid.npz,yes,5365870,,pending_binary_or_large_file
Gq_7XWO,chain_roles,data/chain_roles/Gq_7XWO_chain_roles.json,yes,467,d548d55eb70f0231d11c251057e5e5ab3b2e30eacbcd6a3c068508b4e3e1ef75,computed
Gq_7XWO,contacts,data/contacts/Gq_7XWO_contacts.parquet,yes,42958,,pending_binary_or_large_file
Gq_7Y26,viz_structure,data/viz/Gq_7Y26/structure.pdb,yes,1359828,,pending_binary_or_large_file
Gq_7Y26,viz_trajectory,data/viz/Gq_7Y26/traj.xtc,yes,159313340,,pending_binary_or_large_file
Gq_7Y26,api_index,data/api/v1/systems/Gq_7Y26/index.json,yes,1329,9b0ed7eb8577c31c991dbde86f0e569082927d328e3ccb09de8cf778d6acd62b,computed
Gq_7Y26,api_pockets,data/api/v1/systems/Gq_7Y26/pockets.json,yes,6944,596dd882428f03c08cfb6225982b41232953e1c0233c136ca9351bfdea71ded0,computed
Gq_7Y26,api_pockets_gpcrdb,data/api/v1/systems/Gq_7Y26/pockets_gpcrdb.json,yes,11398,ce478f88d0af2107c84356a895c615e5b2c15fc09d27e887093695e33692e955,computed
Gq_7Y26,api_gateways,data/api/v1/systems/Gq_7Y26/gateways.json,yes,8076,48f5b83a03a40db6e4fa5689bc7a94e68f7680ba35f1fa724d9faae2943d6077,computed
Gq_7Y26,api_gprotein,data/api/v1/systems/Gq_7Y26/gprotein_metrics.json,yes,177492,19934331d36ec05f8c7fa1248d25e924b4ac062d1fc30e2725b413399d7ca82a,computed
Gq_7Y26,api_pocketgrid,data/api/v1/systems/Gq_7Y26/pocketgrid.npz,yes,6383838,,pending_binary_or_large_file
Gq_7Y26,chain_roles,data/chain_roles/Gq_7Y26_chain_roles.json,yes,384,a4cf883bada914b3c0e1edc2e14c9c0f36b9ac88bba59a38aee61e1f4c5665f2,computed
Gq_7Y26,contacts,data/contacts/Gq_7Y26_contacts.parquet,yes,47104,,pending_binary_or_large_file
Gq_8DWC,viz_structure,data/viz/Gq_8DWC/structure.pdb,yes,1129626,,pending_binary_or_large_file
Gq_8DWC,viz_trajectory,data/viz/Gq_8DWC/traj.xtc,yes,132799092,,pending_binary_or_large_file
Gq_8DWC,api_index,data/api/v1/systems/Gq_8DWC/index.json,yes,1309,64a88b3e0f916e6456223cc842b6f696cf07ebf6add9206e3b38c27dbe2ad6b8,computed
Gq_8DWC,api_pockets,data/api/v1/systems/Gq_8DWC/pockets.json,yes,7564,0299d106389b481a1e9d1c869f7851352e1c82d015c8089c064624113827b021,computed
Gq_8DWC,api_pockets_gpcrdb,data/api/v1/systems/Gq_8DWC/pockets_gpcrdb.json,yes,12738,70610b0e9416440c55f3edd1f22ea0a833e509d5f483b3a4f76513e8a5139339,computed
Gq_8DWC,api_gateways,data/api/v1/systems/Gq_8DWC/gateways.json,yes,8040,0c893643ac94fa608f7e2bde234cf551929e6984e059b57b06b32392b31665be,computed
Gq_8DWC,api_gprotein,data/api/v1/systems/Gq_8DWC/gprotein_metrics.json,yes,23461,bc7687379a17531ffe411a6dd591ae71fe8433e0e1738f1379425087d46691ca,computed
Gq_8DWC,api_pocketgrid,data/api/v1/systems/Gq_8DWC/pocketgrid.npz,yes,5398782,,pending_binary_or_large_file
Gq_8DWC,chain_roles,data/chain_roles/Gq_8DWC_chain_roles.json,yes,551,4a8a8fa4a1cdd0a442ccc629b7c7694b4620350f1b3bf1ed8694abcfba3ca50a,computed
Gq_8DWC,contacts,data/contacts/Gq_8DWC_contacts.parquet,yes,41198,,pending_binary_or_large_file
Gq_8E9W,viz_structure,data/viz/Gq_8E9W/structure.pdb,yes,1425015,,pending_binary_or_large_file
Gq_8E9W,viz_trajectory,data/viz/Gq_8E9W/traj.xtc,yes,167618172,,pending_binary_or_large_file
Gq_8E9W,api_index,data/api/v1/systems/Gq_8E9W/index.json,yes,1351,f83ae263a5c19aa2dc41452773333b50e20a39292de586b3dcaca54922ba33fd,computed
Gq_8E9W,api_pockets,data/api/v1/systems/Gq_8E9W/pockets.json,yes,5786,460055b6f5e867e2d741c1b3a670f12f6b5b2639bc32ac63cd44d9c810b1e26b,computed
Gq_8E9W,api_pockets_gpcrdb,data/api/v1/systems/Gq_8E9W/pockets_gpcrdb.json,yes,9666,241e158be3ae627df83f01722aa18e7490d06120dd69531840006ee23bda4b14,computed
Gq_8E9W,api_gateways,data/api/v1/systems/Gq_8E9W/gateways.json,yes,8062,9350a003935f61852c3587642a1f55fd68fccd1f0bde94aa205cf1b04d81dcbc,computed
Gq_8E9W,api_gprotein,data/api/v1/systems/Gq_8E9W/gprotein_metrics.json,yes,34088,7a9fe2dffb596b0c1c53cd30b8b7ae6a6d3a7b49b2a8ae498d7338d833777c18,computed
Gq_8E9W,api_pocketgrid,data/api/v1/systems/Gq_8E9W/pocketgrid.npz,yes,10099870,,pending_binary_or_large_file
Gq_8E9W,chain_roles,data/chain_roles/Gq_8E9W_chain_roles.json,yes,562,3ec037baaa54327171e7d8345c11cfaad78616bcb5189dd97ed815456946278a,computed
Gq_8E9W,contacts,data/contacts/Gq_8E9W_contacts.parquet,yes,56103,,pending_binary_or_large_file
Gq_8EJC,viz_structure,data/viz/Gq_8EJC/structure.pdb,yes,1142829,,pending_binary_or_large_file
Gq_8EJC,viz_trajectory,data/viz/Gq_8EJC/traj.xtc,yes,134199764,,pending_binary_or_large_file
Gq_8EJC,api_index,data/api/v1/systems/Gq_8EJC/index.json,yes,1445,a72e0e69f964bcd164d31f0d16d1fafa15aaaa4d07ec8a24341e59eed8c49944,computed
Gq_8EJC,api_pockets,data/api/v1/systems/Gq_8EJC/pockets.json,yes,6897,a3e41c25d7a12861f59cd3d8c27dd662711e9b44fa33116975b9ac614c9f37cb,computed
Gq_8EJC,api_pockets_gpcrdb,data/api/v1/systems/Gq_8EJC/pockets_gpcrdb.json,yes,11038,e706ac5a51644ea15b15c63115c3f4976a7dc19135f3624b075d949841ebdd66,computed
Gq_8EJC,api_gateways,data/api/v1/systems/Gq_8EJC/gateways.json,yes,8034,5a5a556c12c0b2520df969132695e27b50f46b8f27160983062d4a75a72e275b,computed
Gq_8EJC,api_gprotein,data/api/v1/systems/Gq_8EJC/gprotein_metrics.json,yes,116301,c24d70bd766cecf23058e0a329cfffb5e7e29f39a46700413aa50cea52cdbebb,computed
Gq_8EJC,api_pocketgrid,data/api/v1/systems/Gq_8EJC/pocketgrid.npz,yes,6033390,,pending_binary_or_large_file
Gq_8EJC,chain_roles,data/chain_roles/Gq_8EJC_chain_roles.json,yes,381,14cdaa9bd1831ca112b47e1b46255e62102a2135e3e3d7d49e5f2beac10c9032,computed
Gq_8EJC,contacts,data/contacts/Gq_8EJC_contacts.parquet,yes,41904,,pending_binary_or_large_file
Gq_8F7X,viz_structure,data/viz/Gq_8F7X/structure.pdb,yes,1323054,,pending_binary_or_large_file
Gq_8F7X,viz_trajectory,data/viz/Gq_8F7X/traj.xtc,yes,155775600,,pending_binary_or_large_file
Gq_8F7X,api_index,data/api/v1/systems/Gq_8F7X/index.json,yes,1320,85ff8af3e35d642c13bf74bc9965d9a3d097e0a295feea2a3052112008c53089,computed
Gq_8F7X,api_pockets,data/api/v1/systems/Gq_8F7X/pockets.json,yes,7361,96a58f00f822f8640ba82518c2fced2feef5a9cd53d0a791105c2ce67f2526c5,computed
Gq_8F7X,api_pockets_gpcrdb,data/api/v1/systems/Gq_8F7X/pockets_gpcrdb.json,yes,11723,ddbd0918d0cfb7004b29695b688b7d202996b5bf68d1febeacec2b1aeac6c783,computed
Gq_8F7X,api_gateways,data/api/v1/systems/Gq_8F7X/gateways.json,yes,8059,67aefc8eaca0a034aee440575f921d8c32b0d49672292f7fc943c5d25fe8b998,computed
Gq_8F7X,api_gprotein,data/api/v1/systems/Gq_8F7X/gprotein_metrics.json,yes,173275,5cc8eb84b8c497a00db3bcebd774fd3c5f135245551abd1c9496fe53a0f171f7,computed
Gq_8F7X,api_pocketgrid,data/api/v1/systems/Gq_8F7X/pocketgrid.npz,yes,6677502,,pending_binary_or_large_file
Gq_8F7X,chain_roles,data/chain_roles/Gq_8F7X_chain_roles.json,yes,468,f810f6a7a42698563db2cb3ed18a5bc987409984f3c0fb879b1d9bc96d9d235e,computed
Gq_8F7X,contacts,data/contacts/Gq_8F7X_contacts.parquet,yes,45781,,pending_binary_or_large_file
Gq_8H0P,viz_structure,data/viz/Gq_8H0P/structure.pdb,yes,1181853,,pending_binary_or_large_file
Gq_8H0P,viz_trajectory,data/viz/Gq_8H0P/traj.xtc,yes,138679464,,pending_binary_or_large_file
Gq_8H0P,api_index,data/api/v1/systems/Gq_8H0P/index.json,yes,1279,38b549d484ed065bc723efde368611fe15ac8b9cc66cef8f0758f277940b90d9,computed
Gq_8H0P,api_pockets,data/api/v1/systems/Gq_8H0P/pockets.json,yes,6653,f06892a3bbf9d48b4dad9ab890770f3d22668b4aeed84334da5c6508fd83f71c,computed
Gq_8H0P,api_pockets_gpcrdb,data/api/v1/systems/Gq_8H0P/pockets_gpcrdb.json,yes,10659,8d24b63e2fa225c5377deb074f37d9bd91dcf9249604ea2681d4984d4cb27a65,computed
Gq_8H0P,api_gateways,data/api/v1/systems/Gq_8H0P/gateways.json,yes,8059,9e44dd3be3bb7433e4a1655cc57a2a90f4fe448a553264584896f7aaa0ed7e30,computed
Gq_8H0P,api_gprotein,data/api/v1/systems/Gq_8H0P/gprotein_metrics.json,yes,87451,25771306335c704d13fa2d4a344cb2c6ae2379a06a52a0fe49dc69c321c52212,computed
Gq_8H0P,api_pocketgrid,data/api/v1/systems/Gq_8H0P/pocketgrid.npz,yes,5702910,,pending_binary_or_large_file
Gq_8H0P,chain_roles,data/chain_roles/Gq_8H0P_chain_roles.json,yes,481,f7301274afe377c0c7b54cd3bccbc3dbb6977180819512e3a588aa541775eb40,computed
Gq_8H0P,contacts,data/contacts/Gq_8H0P_contacts.parquet,yes,42434,,pending_binary_or_large_file
Gq_8HCQ,viz_structure,data/viz/Gq_8HCQ/structure.pdb,yes,1435320,,pending_binary_or_large_file
Gq_8HCQ,viz_trajectory,data/viz/Gq_8HCQ/traj.xtc,yes,168490476,,pending_binary_or_large_file
Gq_8HCQ,api_index,data/api/v1/systems/Gq_8HCQ/index.json,yes,1335,22f1e2b21a0f33d2a3fc2a8c5cd93780e87ad418647b430ee6409f1dec40494d,computed
Gq_8HCQ,api_pockets,data/api/v1/systems/Gq_8HCQ/pockets.json,yes,4364,f234fde31387b3afc1fa04d09faba3ecba5243c90b42f6dfe6a3dfe42b478f78,computed
Gq_8HCQ,api_pockets_gpcrdb,data/api/v1/systems/Gq_8HCQ/pockets_gpcrdb.json,yes,6994,32b7ee4fd240704b2d11cc9989421fded4ce012fc36aab0a22add5df0853d31a,computed
Gq_8HCQ,api_gateways,data/api/v1/systems/Gq_8HCQ/gateways.json,yes,8072,207e8fe63cb498dcd73378f0d66d4603de430fadb9bc20841f84ff02f9053f43,computed
Gq_8HCQ,api_gprotein,data/api/v1/systems/Gq_8HCQ/gprotein_metrics.json,yes,178241,ac78f7a602f905afc350a71e254e821762e1a7f80c1ae07120a76878a05d0afe,computed
Gq_8HCQ,api_pocketgrid,data/api/v1/systems/Gq_8HCQ/pocketgrid.npz,yes,6639422,,pending_binary_or_large_file
Gq_8HCQ,chain_roles,data/chain_roles/Gq_8HCQ_chain_roles.json,yes,468,a80793411b420ef76222fd5c3e721079379b5ed5405ea2753534daad70332ea6,computed
Gq_8HCQ,contacts,data/contacts/Gq_8HCQ_contacts.parquet,yes,55260,,pending_binary_or_large_file
Gq_8HCX,viz_structure,data/viz/Gq_8HCX/structure.pdb,yes,1431270,,pending_binary_or_large_file
Gq_8HCX,viz_trajectory,data/viz/Gq_8HCX/traj.xtc,yes,168260132,,pending_binary_or_large_file
Gq_8HCX,api_index,data/api/v1/systems/Gq_8HCX/index.json,yes,1335,f9dbb30cd55a46812ae067c1c4a91d5a0f78353ce6ab903348cdee3f3be0beac,computed
Gq_8HCX,api_pockets,data/api/v1/systems/Gq_8HCX/pockets.json,yes,5508,a0f4f61c4f61fdeb99e8fa6083121988ee7f5b11ba8d50dade3e3c92febcbf47,computed
Gq_8HCX,api_pockets_gpcrdb,data/api/v1/systems/Gq_8HCX/pockets_gpcrdb.json,yes,9389,98a351abdd0874417929c608a8217700cc9d7f9a1948089b474bc92c2d9347fa,computed
Gq_8HCX,api_gateways,data/api/v1/systems/Gq_8HCX/gateways.json,yes,8048,6aa85853acec63ebe718e896171fa0d7003e8b4d59a3a8a396e01c6f40526154,computed
Gq_8HCX,api_gprotein,data/api/v1/systems/Gq_8HCX/gprotein_metrics.json,yes,178284,053206caf220dfdd872ea121a742c863ccfb75a960ebd6c1640acadfd962f315,computed
Gq_8HCX,api_pocketgrid,data/api/v1/systems/Gq_8HCX/pocketgrid.npz,yes,6301630,,pending_binary_or_large_file
Gq_8HCX,chain_roles,data/chain_roles/Gq_8HCX_chain_roles.json,yes,472,b8036f7cfa32bef9e64a038e680205ac49cb57ee3234bc56d6642a7d9080ff8c,computed
Gq_8HCX,contacts,data/contacts/Gq_8HCX_contacts.parquet,yes,55727,,pending_binary_or_large_file
Gq_8IBV,viz_structure,data/viz/Gq_8IBV/structure.pdb,yes,1434510,,pending_binary_or_large_file
Gq_8IBV,viz_trajectory,data/viz/Gq_8IBV/traj.xtc,yes,168678552,,pending_binary_or_large_file
Gq_8IBV,api_index,data/api/v1/systems/Gq_8IBV/index.json,yes,1316,948ee0ac846b5fb2e5d130edff4726b80d23da9c41c3f2f9c0e96cc66a3bfea1,computed
Gq_8IBV,api_pockets,data/api/v1/systems/Gq_8IBV/pockets.json,yes,6692,b7fdeb98a8af177f7c1ea7d3803ea86add23757fa4a5a7435fde3c73fb1fb538,computed
Gq_8IBV,api_pockets_gpcrdb,data/api/v1/systems/Gq_8IBV/pockets_gpcrdb.json,yes,10668,503269f2b9d14d4577c7a8561c5652898c454f884967c95a648b76120a46be67,computed
Gq_8IBV,api_gateways,data/api/v1/systems/Gq_8IBV/gateways.json,yes,8090,a5518c250d592104ed067a63d4533c231143dbaf93d501f5f43fbdf77824be0f,computed
Gq_8IBV,api_gprotein,data/api/v1/systems/Gq_8IBV/gprotein_metrics.json,yes,177081,34b15b7771153959a861ea5c8b7404c8f7980785d3da4820012c83aa88cb3b08,computed
Gq_8IBV,api_pocketgrid,data/api/v1/systems/Gq_8IBV/pocketgrid.npz,yes,7572990,,pending_binary_or_large_file
Gq_8IBV,chain_roles,data/chain_roles/Gq_8IBV_chain_roles.json,yes,468,f3684a8e07e2bbae72c184968f13c6de2a0bc356c527c1d4b3b6858a1247d96d,computed
Gq_8IBV,contacts,data/contacts/Gq_8IBV_contacts.parquet,yes,51950,,pending_binary_or_large_file
Gq_8IUK,viz_structure,data/viz/Gq_8IUK/structure.pdb,yes,1180071,,pending_binary_or_large_file
Gq_8IUK,viz_trajectory,data/viz/Gq_8IUK/traj.xtc,yes,138604000,,pending_binary_or_large_file
Gq_8IUK,api_index,data/api/v1/systems/Gq_8IUK/index.json,yes,1388,c6ea99cb4d2b9b990939fb8217d36d85b6e53841c20a6b60eb7cb7146134229f,computed
Gq_8IUK,api_pockets,data/api/v1/systems/Gq_8IUK/pockets.json,yes,7517,6ff0e18029f8d1045b4d7fd8e513606a607970658d72b49bef3fa5eeb56bb923,computed
Gq_8IUK,api_pockets_gpcrdb,data/api/v1/systems/Gq_8IUK/pockets_gpcrdb.json,yes,12172,32fdfa334d1a22781a6a8ef195a086b2ff68aaf0ffe3854917123789479c4f00,computed
Gq_8IUK,api_gateways,data/api/v1/systems/Gq_8IUK/gateways.json,yes,8060,da4d58ae83c0ba8990f59eca2a7094d1588545d35636aa1e809cf1931885bc5b,computed
Gq_8IUK,api_gprotein,data/api/v1/systems/Gq_8IUK/gprotein_metrics.json,yes,80561,fff2260db811a9e11bfb69ce0aa79af10b5c52f1e9f68526db75f7e261a8c316,computed
Gq_8IUK,api_pocketgrid,data/api/v1/systems/Gq_8IUK/pocketgrid.npz,yes,5789566,,pending_binary_or_large_file
Gq_8IUK,chain_roles,data/chain_roles/Gq_8IUK_chain_roles.json,yes,481,8281646f49b96641c011fb60d6a5386a06d26df9cbcf11aa094990315fd9dd15,computed
Gq_8IUK,contacts,data/contacts/Gq_8IUK_contacts.parquet,yes,42198,,pending_binary_or_large_file
Gq_8IYS,viz_structure,data/viz/Gq_8IYS/structure.pdb,yes,1352619,,pending_binary_or_large_file
Gq_8IYS,viz_trajectory,data/viz/Gq_8IYS/traj.xtc,yes,158689284,,pending_binary_or_large_file
Gq_8IYS,api_index,data/api/v1/systems/Gq_8IYS/index.json,yes,1430,aa5c4f87574c48b786389e4222b4cd192e6a46f722421222789d0c4deb488277,computed
Gq_8IYS,api_pockets,data/api/v1/systems/Gq_8IYS/pockets.json,yes,7411,4c831fc72cf4b3c07b2e0e8501817c340a69a5bb844df67f03b7f9420c621942,computed
Gq_8IYS,api_pockets_gpcrdb,data/api/v1/systems/Gq_8IYS/pockets_gpcrdb.json,yes,11848,181d15cc729f0b74c3effd1c16f58bba3ec52e7d4361e682bb779eab4f24cce9,computed
Gq_8IYS,api_gateways,data/api/v1/systems/Gq_8IYS/gateways.json,yes,8081,303b4fb0f5989ffa52239480d1b6134a547b8a766396208bb7aac4891063b9a7,computed
Gq_8IYS,api_gprotein,data/api/v1/systems/Gq_8IYS/gprotein_metrics.json,yes,176194,ff65de55758f129c550fffa8521b62952fa7ec0286af38eb9122e8bf4f9e2460,computed
Gq_8IYS,api_pocketgrid,data/api/v1/systems/Gq_8IYS/pocketgrid.npz,yes,5792254,,pending_binary_or_large_file
Gq_8IYS,chain_roles,data/chain_roles/Gq_8IYS_chain_roles.json,yes,382,0a20b9a9c89b0a439ed98eef4977185b6f155f2226d5bdcaeffc3f21e4a27e56,computed
Gq_8IYS,contacts,data/contacts/Gq_8IYS_contacts.parquet,yes,45945,,pending_binary_or_large_file
Gq_8JBG,viz_structure,data/viz/Gq_8JBG/structure.pdb,yes,1392552,,pending_binary_or_large_file
Gq_8JBG,viz_trajectory,data/viz/Gq_8JBG/traj.xtc,yes,163144248,,pending_binary_or_large_file
Gq_8JBG,api_index,data/api/v1/systems/Gq_8JBG/index.json,yes,1280,906fd970baf2f3c28a57f1e20dbbcd736fe0bcb361a22d57d5fdba635b2a55be,computed
Gq_8JBG,api_pockets,data/api/v1/systems/Gq_8JBG/pockets.json,yes,6504,ee5a431e892c106694e9d5f97655bd71d6ec80c7628bce7f5f6731d1084ea83d,computed
Gq_8JBG,api_pockets_gpcrdb,data/api/v1/systems/Gq_8JBG/pockets_gpcrdb.json,yes,10660,84c6a6c59faae67fabaf9a06ce0ecc60f2fdd8bb1961c76b7724c0573a735361,computed
Gq_8JBG,api_gateways,data/api/v1/systems/Gq_8JBG/gateways.json,yes,8036,7775952e75653f16e9e08d67e6c7d345aadcce45e7e3bd3fc505c7c656650e52,computed
Gq_8JBG,api_gprotein,data/api/v1/systems/Gq_8JBG/gprotein_metrics.json,yes,177510,37d17c8d86e4800ae2b3a2a07602a7cf78374b3e45c38f3158bb526eebf68b89,computed
Gq_8JBG,api_pocketgrid,data/api/v1/systems/Gq_8JBG/pocketgrid.npz,yes,6421470,,pending_binary_or_large_file
Gq_8JBG,chain_roles,data/chain_roles/Gq_8JBG_chain_roles.json,yes,465,9da5951b14c4f169a9c7d8e3752ca17b08ef118ae0c6a19453fb9c862a44bda2,computed
Gq_8JBG,contacts,data/contacts/Gq_8JBG_contacts.parquet,yes,48428,,pending_binary_or_large_file
Gq_8WST,viz_structure,data/viz/Gq_8WST/structure.pdb,yes,1414179,,pending_binary_or_large_file
Gq_8WST,viz_trajectory,data/viz/Gq_8WST/traj.xtc,yes,166376580,,pending_binary_or_large_file
Gq_8WST,api_index,data/api/v1/systems/Gq_8WST/index.json,yes,1341,7d0f8d8493028c1ec0c5b10b7700ac6df2b51a96d56d66b63abc39ec26a9747d,computed
Gq_8WST,api_pockets,data/api/v1/systems/Gq_8WST/pockets.json,yes,3207,94a2e217836f7b66def04acc231e4933666f0ffb08df943e2a7c8adaaee12f48,computed
Gq_8WST,api_pockets_gpcrdb,data/api/v1/systems/Gq_8WST/pockets_gpcrdb.json,yes,5696,9a33e221dd54761340c22467ee7727bfee878a96be290c9ef8c0128dd28476ab,computed
Gq_8WST,api_gateways,data/api/v1/systems/Gq_8WST/gateways.json,yes,8041,45b1a80554b6e87f713c8ec46d5db900df9f0880acf9d22c2da75541ce3e7159,computed
Gq_8WST,api_gprotein,data/api/v1/systems/Gq_8WST/gprotein_metrics.json,yes,173514,090007fc3f733be04137af041f8c3d602479f388cba5aef1e4a1d9ddc40b3542,computed
Gq_8WST,api_pocketgrid,data/api/v1/systems/Gq_8WST/pocketgrid.npz,yes,19991166,,pending_binary_or_large_file
Gq_8WST,chain_roles,data/chain_roles/Gq_8WST_chain_roles.json,yes,468,a4937a51b904a21c9a0fb3ffdf521ef3504b3947f06389082a6ba0143bd312bd,computed
Gq_8WST,contacts,data/contacts/Gq_8WST_contacts.parquet,yes,49003,,pending_binary_or_large_file
Gq_8WZ2,viz_structure,data/viz/Gq_8WZ2/structure.pdb,yes,1477359,,pending_binary_or_large_file
Gq_8WZ2,viz_trajectory,data/viz/Gq_8WZ2/traj.xtc,yes,173393136,,pending_binary_or_large_file
Gq_8WZ2,api_index,data/api/v1/systems/Gq_8WZ2/index.json,yes,1301,92e3e981ceb52b0b55cd5d6a36b7a1e13e5b3f62ee30b3652fe21b39a8f36457,computed
Gq_8WZ2,api_pockets,data/api/v1/systems/Gq_8WZ2/pockets.json,yes,6541,0a0eaa0d874f56de0f002e03f8aecbb8ef97dce6c7091039ddc64f3f1945f3b6,computed
Gq_8WZ2,api_pockets_gpcrdb,data/api/v1/systems/Gq_8WZ2/pockets_gpcrdb.json,yes,10112,df7f193bc5ce05d599f2ffdbc5b3bfeab7517dbb03f4a235df5f34b641117499,computed
Gq_8WZ2,api_gateways,data/api/v1/systems/Gq_8WZ2/gateways.json,yes,8077,66e110b4f0d8b8e0b5a6bb2631b6ab2b0c3109b8f75914c8fa96434946084959,computed
Gq_8WZ2,api_gprotein,data/api/v1/systems/Gq_8WZ2/gprotein_metrics.json,yes,177782,2dc9d15e62bc25400b03807afa38b17a116987e0e305cb223b2b0d2de18bfb1e,computed
Gq_8WZ2,api_pocketgrid,data/api/v1/systems/Gq_8WZ2/pocketgrid.npz,yes,7398846,,pending_binary_or_large_file
Gq_8WZ2,chain_roles,data/chain_roles/Gq_8WZ2_chain_roles.json,yes,468,7d1a0742cdcac34899a57a73d63d02a5da8e502112be5e6e77fa4fbb1c1a1c8f,computed
Gq_8WZ2,contacts,data/contacts/Gq_8WZ2_contacts.parquet,yes,51657,,pending_binary_or_large_file
Gq_8XGS,viz_structure,data/viz/Gq_8XGS/structure.pdb,yes,1328238,,pending_binary_or_large_file
Gq_8XGS,viz_trajectory,data/viz/Gq_8XGS/traj.xtc,yes,155665532,,pending_binary_or_large_file
Gq_8XGS,api_index,data/api/v1/systems/Gq_8XGS/index.json,yes,1317,8dc4a7fc2b70148cb527a5f6bc8c1443fa6931ed4ba9c369b6ebd958c86ddf9c,computed
Gq_8XGS,api_pockets,data/api/v1/systems/Gq_8XGS/pockets.json,yes,3619,7c48e80ff58ff9242bd333a42ff4113519c566c7913f26384d3139253e916715,computed
Gq_8XGS,api_pockets_gpcrdb,data/api/v1/systems/Gq_8XGS/pockets_gpcrdb.json,yes,5623,8a9ba04feee52d9ce16ff0411dcc0bfcbba4876c45cd6bb99e44fdf9921e64b4,computed
Gq_8XGS,api_gateways,data/api/v1/systems/Gq_8XGS/gateways.json,yes,8054,2ba4e7cefefb07e5538dd4353ca5f40f6c611137d1ec7c7620a82c8f28020d81,computed
Gq_8XGS,api_gprotein,data/api/v1/systems/Gq_8XGS/gprotein_metrics.json,yes,170542,575986926303b65bfbf5f244a61a5f62443a67df36466caa8ff240b85ba86c5d,computed
Gq_8XGS,api_pocketgrid,data/api/v1/systems/Gq_8XGS/pocketgrid.npz,yes,5819486,,pending_binary_or_large_file
Gq_8XGS,chain_roles,data/chain_roles/Gq_8XGS_chain_roles.json,yes,470,e63111993f74db870e2c313003d9a585b8ddac0681836a773307c7ee63bf08ab,computed
Gq_8XGS,contacts,data/contacts/Gq_8XGS_contacts.parquet,yes,46711,,pending_binary_or_large_file
Gq_8XOJ,viz_structure,data/viz/Gq_8XOJ/structure.pdb,yes,1388178,,pending_binary_or_large_file
Gq_8XOJ,viz_trajectory,data/viz/Gq_8XOJ/traj.xtc,yes,162814040,,pending_binary_or_large_file
Gq_8XOJ,api_index,data/api/v1/systems/Gq_8XOJ/index.json,yes,1338,c50551b60928cbf5620c280381335c88efa2cb76f1888022c3afb91cf9b80aaa,computed
Gq_8XOJ,api_pockets,data/api/v1/systems/Gq_8XOJ/pockets.json,yes,6766,78024b378990564ab5f1002c038e0dd622457439a137a3d1fd31dd541196504b,computed
Gq_8XOJ,api_pockets_gpcrdb,data/api/v1/systems/Gq_8XOJ/pockets_gpcrdb.json,yes,10452,42fe5f636a26556612963b7a212df9fba0f5538a6519d914c0f9b2396bb9b308,computed
Gq_8XOJ,api_gateways,data/api/v1/systems/Gq_8XOJ/gateways.json,yes,8071,83b8c092e9e176943947f68a3bf9582d037599a3332e8a52a98ce9df6452e891,computed
Gq_8XOJ,api_gprotein,data/api/v1/systems/Gq_8XOJ/gprotein_metrics.json,yes,177436,26c611c7f6b0737181354cf8a2a3dc146960d9c2078aeebb572fa7b728c46a21,computed
Gq_8XOJ,api_pocketgrid,data/api/v1/systems/Gq_8XOJ/pocketgrid.npz,yes,9272542,,pending_binary_or_large_file
Gq_8XOJ,chain_roles,data/chain_roles/Gq_8XOJ_chain_roles.json,yes,382,20b947f4ffef275841739654fe898de74d55daadd3d8ca351988687c5e70862b,computed
Gq_8XOJ,contacts,data/contacts/Gq_8XOJ_contacts.parquet,yes,48236,,pending_binary_or_large_file
Gq_8XOR,viz_structure,data/viz/Gq_8XOR/structure.pdb,yes,1424547,,pending_binary_or_large_file
Gq_8XOR,viz_trajectory,data/viz/Gq_8XOR/traj.xtc,yes,167381444,,pending_binary_or_large_file
Gq_8XOR,api_index,data/api/v1/systems/Gq_8XOR/index.json,yes,1288,284b05698919b780629fc25f61f4c96ae62bee665834c67c0c9f73af27654332,computed
Gq_8XOR,api_pockets,data/api/v1/systems/Gq_8XOR/pockets.json,yes,5863,c2425061bfdbee10b534debb7e68b732e0447e22e3d843c712209fdb29ace484,computed
Gq_8XOR,api_pockets_gpcrdb,data/api/v1/systems/Gq_8XOR/pockets_gpcrdb.json,yes,9781,ce12ab7f310cef380aceda3af0d072d7de1d495747a1f605797954034af55cf1,computed
Gq_8XOR,api_gateways,data/api/v1/systems/Gq_8XOR/gateways.json,yes,8052,8a3e70f62addaacc0d0eb453df14ebe5275b4144cf252a487471dd21cfdda99b,computed
Gq_8XOR,api_gprotein,data/api/v1/systems/Gq_8XOR/gprotein_metrics.json,yes,177528,3da7f7cc75497be3cd13bd0ce327f8b073e3a2ae4c830853fc5c3617e008ed83,computed
Gq_8XOR,api_pocketgrid,data/api/v1/systems/Gq_8XOR/pocketgrid.npz,yes,8826990,,pending_binary_or_large_file
Gq_8XOR,chain_roles,data/chain_roles/Gq_8XOR_chain_roles.json,yes,382,de7aa916fe81d9b6c0ac0f2ff3902fbd58603beda69fa22fbc91768c9362931c,computed
Gq_8XOR,contacts,data/contacts/Gq_8XOR_contacts.parquet,yes,50885,,pending_binary_or_large_file
Gq_8Y53,viz_structure,data/viz/Gq_8Y53/structure.pdb,yes,1370682,,pending_binary_or_large_file
Gq_8Y53,viz_trajectory,data/viz/Gq_8Y53/traj.xtc,yes,160728596,,pending_binary_or_large_file
Gq_8Y53,api_index,data/api/v1/systems/Gq_8Y53/index.json,yes,1460,2bf2d3838d131882ee55d5921d22be6cf7d84bb3c069b19b8b450e4cd11f95c0,computed
Gq_8Y53,api_pockets,data/api/v1/systems/Gq_8Y53/pockets.json,yes,6958,7bcd1a0af51c92451d84b556f7cce41b779be7551a3bdea718776627804eb5f7,computed
Gq_8Y53,api_pockets_gpcrdb,data/api/v1/systems/Gq_8Y53/pockets_gpcrdb.json,yes,11540,0bfeebefa3813729cfe8bf2778277099d22d07d6ca8a4e94d9faf97e90c48084,computed
Gq_8Y53,api_gateways,data/api/v1/systems/Gq_8Y53/gateways.json,yes,8036,c2bf0b24487ad7ecf5864f6d22a680e53472bdc9fe49d01af4376b6a3303a21f,computed
Gq_8Y53,api_gprotein,data/api/v1/systems/Gq_8Y53/gprotein_metrics.json,yes,172527,612d9831da0edaec150a663af2250e084d2c25acca88b83e24fa39c005e647a9,computed
Gq_8Y53,api_pocketgrid,data/api/v1/systems/Gq_8Y53/pocketgrid.npz,yes,6872830,,pending_binary_or_large_file
Gq_8Y53,chain_roles,data/chain_roles/Gq_8Y53_chain_roles.json,yes,382,59f84dc59a09a2d76f583a719e19ffed2d9c5789058e1171b095ed2b69acb689,computed
Gq_8Y53,contacts,data/contacts/Gq_8Y53_contacts.parquet,yes,47597,,pending_binary_or_large_file
Gq_8ZPT,viz_structure,data/viz/Gq_8ZPT/structure.pdb,yes,1397250,,pending_binary_or_large_file
Gq_8ZPT,viz_trajectory,data/viz/Gq_8ZPT/traj.xtc,yes,164597088,,pending_binary_or_large_file
Gq_8ZPT,api_index,data/api/v1/systems/Gq_8ZPT/index.json,yes,1337,82523ae042faf83118a75163aeff8126cf0c837bd62991e48d4893513611a970,computed
Gq_8ZPT,api_pockets,data/api/v1/systems/Gq_8ZPT/pockets.json,yes,5363,ff76a5ba478b3b7796913ad01b72fa9c4b91812739a02b3c7baf00f0b11e8280,computed
Gq_8ZPT,api_pockets_gpcrdb,data/api/v1/systems/Gq_8ZPT/pockets_gpcrdb.json,yes,8492,f9f3ea1d8f7f3a23f5ce8d2b99aa3327a9b45a1f3b599b2c8e51d872ad6538b5,computed
Gq_8ZPT,api_gateways,data/api/v1/systems/Gq_8ZPT/gateways.json,yes,8076,5410e0e4729b4dd426e44afbe6f6c1f11151bddeb9078d96bd903d1cf0b10e1a,computed
Gq_8ZPT,api_gprotein,data/api/v1/systems/Gq_8ZPT/gprotein_metrics.json,yes,173860,f3383c885c62d2d343860c865433316b067f0ce55c70bd23d12c0dbdd0ced63b,computed
Gq_8ZPT,api_pocketgrid,data/api/v1/systems/Gq_8ZPT/pocketgrid.npz,yes,7563390,,pending_binary_or_large_file
Gq_8ZPT,chain_roles,data/chain_roles/Gq_8ZPT_chain_roles.json,yes,468,706147ee3b440ad5ad380e66813ac05b0d797d387275427d43792fec96f6f2e4,computed
Gq_8ZPT,contacts,data/contacts/Gq_8ZPT_contacts.parquet,yes,49382,,pending_binary_or_large_file
Gs_3SN6,viz_structure,data/viz/Gs_3SN6/structure.pdb,yes,1397655,,pending_binary_or_large_file
Gs_3SN6,viz_trajectory,data/viz/Gs_3SN6/traj.xtc,yes,13167468,,pending_binary_or_large_file
Gs_3SN6,api_index,data/api/v1/systems/Gs_3SN6/index.json,yes,1435,2784cb6aa8d015a93acbb86a10cdea938e06171d681757012b3494a2e1c1337c,computed
Gs_3SN6,api_pockets,data/api/v1/systems/Gs_3SN6/pockets.json,yes,4569,26c422496ce39d14517175da8264a31304c0315fffa2094f9dd5525b31c8569e,computed
Gs_3SN6,api_pockets_gpcrdb,data/api/v1/systems/Gs_3SN6/pockets_gpcrdb.json,yes,7287,7b39dd0f6910a95b0605545ee3b3c5b0c9c3665efdd119b3664380520cc02410,computed
Gs_3SN6,api_gateways,data/api/v1/systems/Gs_3SN6/gateways.json,yes,8079,9dc7b314895dd282b99c1a933a2b50daed40f1294e3664f6d5b4321064c5adc8,computed
Gs_3SN6,api_gprotein,data/api/v1/systems/Gs_3SN6/gprotein_metrics.json,yes,183919,136120d0da50ca47ab022212ea337e2d1be0df212927b912f87209c2c6fe114a,computed
Gs_3SN6,api_pocketgrid,data/api/v1/systems/Gs_3SN6/pocketgrid.npz,yes,7155038,,pending_binary_or_large_file
Gs_3SN6,chain_roles,data/chain_roles/Gs_3SN6_chain_roles.json,yes,382,3d0ab17b9187587f04277de06d516cdfda5212dc44a7bbd889924ba017c1a700,computed
Gs_3SN6,contacts,data/contacts/Gs_3SN6_contacts.parquet,yes,42071,,pending_binary_or_large_file
Gs_6GDG,viz_structure,data/viz/Gs_6GDG/structure.pdb,yes,1379673,,pending_binary_or_large_file
Gs_6GDG,viz_trajectory,data/viz/Gs_6GDG/traj.xtc,yes,162655432,,pending_binary_or_large_file
Gs_6GDG,api_index,data/api/v1/systems/Gs_6GDG/index.json,yes,1356,645b53e33eb5069a9a191145bd8e83631191fe87ecb09c41b0b8806a85c71952,computed
Gs_6GDG,api_pockets,data/api/v1/systems/Gs_6GDG/pockets.json,yes,8134,d14146513890b1ee69a6c9f1f0d952501d18221e33fcf2b900b42ed4c9c44316,computed
Gs_6GDG,api_pockets_gpcrdb,data/api/v1/systems/Gs_6GDG/pockets_gpcrdb.json,yes,14259,843765346047716e4b9a1a2566cc202ea284b1038eea2d79647670e461f149e7,computed
Gs_6GDG,api_gateways,data/api/v1/systems/Gs_6GDG/gateways.json,yes,8049,d4cbe9142d328d1ed35d63b0018939a9dd5458cda8dbcd069864fcd99f926363,computed
Gs_6GDG,api_gprotein,data/api/v1/systems/Gs_6GDG/gprotein_metrics.json,yes,191043,59e7a16efdad46edc3ef8d22f98e046589c92ee69d66b7edbba474258a17e0fe,computed
Gs_6GDG,api_pocketgrid,data/api/v1/systems/Gs_6GDG/pocketgrid.npz,yes,7169694,,pending_binary_or_large_file
Gs_6GDG,chain_roles,data/chain_roles/Gs_6GDG_chain_roles.json,yes,382,31fa33e1b8e4cdc4cf903f94e9b3ab3a22d2cd8bcbe856f8551f6914526ade76,computed
Gs_6GDG,contacts,data/contacts/Gs_6GDG_contacts.parquet,yes,53201,,pending_binary_or_large_file
Gs_6LI3,viz_structure,data/viz/Gs_6LI3/structure.pdb,yes,1390689,,pending_binary_or_large_file
Gs_6LI3,viz_trajectory,data/viz/Gs_6LI3/traj.xtc,yes,163044352,,pending_binary_or_large_file
Gs_6LI3,api_index,data/api/v1/systems/Gs_6LI3/index.json,yes,1330,69840ca15d59548a897f77acd5e4531a592c181f448e51f2c0381955b8c07991,computed
Gs_6LI3,api_pockets,data/api/v1/systems/Gs_6LI3/pockets.json,yes,5047,3d2bdcea5b6316485b62df3990235d83b2c95e11cd8ea3a92cc72f6a7acea10e,computed
Gs_6LI3,api_pockets_gpcrdb,data/api/v1/systems/Gs_6LI3/pockets_gpcrdb.json,yes,7995,2dcd7bc25a6d40dbc281c70be1be9e7db75440e6d4bc037577379e8e55678c38,computed
Gs_6LI3,api_gateways,data/api/v1/systems/Gs_6LI3/gateways.json,yes,8080,70db754357a208eb5ecd32ef9bd6c3a0903ec6872524faf7d9abbbc8b21c2886,computed
Gs_6LI3,api_gprotein,data/api/v1/systems/Gs_6LI3/gprotein_metrics.json,yes,190420,161105dca8474e043b57874c5f011d3be2de25d46e135bb076509c19ee4f27ce,computed
Gs_6LI3,api_pocketgrid,data/api/v1/systems/Gs_6LI3/pocketgrid.npz,yes,5725950,,pending_binary_or_large_file
Gs_6LI3,chain_roles,data/chain_roles/Gs_6LI3_chain_roles.json,yes,382,596699230594e8aacb94d96562840df3f458278f00647bc352ef1f5c4617d39e,computed
Gs_6LI3,contacts,data/contacts/Gs_6LI3_contacts.parquet,yes,53931,,pending_binary_or_large_file
Gs_7CFN,viz_structure,data/viz/Gs_7CFN/structure.pdb,yes,1380888,,pending_binary_or_large_file
Gs_7CFN,viz_trajectory,data/viz/Gs_7CFN/traj.xtc,yes,162065496,,pending_binary_or_large_file
Gs_7CFN,api_index,data/api/v1/systems/Gs_7CFN/index.json,yes,1542,5810fde98d76ee1efe8b76e41c65c1c0c12140ef5f41a0f7d5cc1375e56d1938,computed
Gs_7CFN,api_pockets,data/api/v1/systems/Gs_7CFN/pockets.json,yes,7043,e7150a62433d2bdb9b51a1a0c368b22ffb835b5395ba484fd7a6747cc624068b,computed
Gs_7CFN,api_pockets_gpcrdb,data/api/v1/systems/Gs_7CFN/pockets_gpcrdb.json,yes,11151,4b96f8565a4ac24adf3aff3d1d8cf1f848e51cb70b40b3c0b194ec3577222067,computed
Gs_7CFN,api_gateways,data/api/v1/systems/Gs_7CFN/gateways.json,yes,8085,39b4fcf6c56257336fc1652413402844686b229d573edced0411dad15502e01a,computed
Gs_7CFN,api_gprotein,data/api/v1/systems/Gs_7CFN/gprotein_metrics.json,yes,190540,ba6587e90cd8bf98bbb27d7ae2dac06ec48d8ea7a9801116e657ad863fee5c4c,computed
Gs_7CFN,api_pocketgrid,data/api/v1/systems/Gs_7CFN/pocketgrid.npz,yes,7071422,,pending_binary_or_large_file
Gs_7CFN,chain_roles,data/chain_roles/Gs_7CFN_chain_roles.json,yes,382,fa292f66eb2fcf24b730bf2355579fd5cb9eecc5371e929b64fc6e85c8a83078,computed
Gs_7CFN,contacts,data/contacts/Gs_7CFN_contacts.parquet,yes,47543,,pending_binary_or_large_file
Gs_7CX2,viz_structure,data/viz/Gs_7CX2/structure.pdb,yes,1400814,,pending_binary_or_large_file
Gs_7CX2,viz_trajectory,data/viz/Gs_7CX2/traj.xtc,yes,164397448,,pending_binary_or_large_file
Gs_7CX2,api_index,data/api/v1/systems/Gs_7CX2/index.json,yes,1432,d886a2916871687ae8f6308bd25c9d967a7320541d5b42fe6a7d589fe6626c99,computed
Gs_7CX2,api_pockets,data/api/v1/systems/Gs_7CX2/pockets.json,yes,7884,4d51a564d663e0f2dd3a77fc20252a0683b0ee798d47e3b5779d77bff0b04051,computed
Gs_7CX2,api_pockets_gpcrdb,data/api/v1/systems/Gs_7CX2/pockets_gpcrdb.json,yes,12356,4ae2a9320be2c04c812a8df2cf29f4194600c0fa6d15bb740d547068e910b3c8,computed
Gs_7CX2,api_gateways,data/api/v1/systems/Gs_7CX2/gateways.json,yes,8046,71e0e698a6dd5f4d60b02d88f3306b99bb45c41ee3e5d1424d7a28ef2e8125a5,computed
Gs_7CX2,api_gprotein,data/api/v1/systems/Gs_7CX2/gprotein_metrics.json,yes,183619,231ab2189564939948a8697ba695d8f7dbe60f108eda0e28ac12f93e0e3d100c,computed
Gs_7CX2,api_pocketgrid,data/api/v1/systems/Gs_7CX2/pocketgrid.npz,yes,7852542,,pending_binary_or_large_file
Gs_7CX2,chain_roles,data/chain_roles/Gs_7CX2_chain_roles.json,yes,382,7887c75f59eaae1e5e6f811404e8cf9af02937a8745842768024ae7dfc7983eb,computed
Gs_7CX2,contacts,data/contacts/Gs_7CX2_contacts.parquet,yes,49668,,pending_binary_or_large_file
Gs_7D7M,viz_structure,data/viz/Gs_7D7M/structure.pdb,yes,1444392,,pending_binary_or_large_file
Gs_7D7M,viz_trajectory,data/viz/Gs_7D7M/traj.xtc,yes,169772900,,pending_binary_or_large_file
Gs_7D7M,api_index,data/api/v1/systems/Gs_7D7M/index.json,yes,1432,219b3608b7b487665ad0c72b2865443096c52707d86f93dd321a7723d9907a0c,computed
Gs_7D7M,api_pockets,data/api/v1/systems/Gs_7D7M/pockets.json,yes,5913,4234b9dcf5764c0a1ba197c79120219e2ac25125f7686f1394926bc658c8f208,computed
Gs_7D7M,api_pockets_gpcrdb,data/api/v1/systems/Gs_7D7M/pockets_gpcrdb.json,yes,9251,1007509b4c454edfb283196980fcd419341414ffade58938de98ed12f5930f31,computed
Gs_7D7M,api_gateways,data/api/v1/systems/Gs_7D7M/gateways.json,yes,8071,89579af49b51598005e82d76bd8365d97783483578083cf9a23bf6eb40c4c688,computed
Gs_7D7M,api_gprotein,data/api/v1/systems/Gs_7D7M/gprotein_metrics.json,yes,194710,92458685a347700234c1d2306f771215e85751e1c2bdf7014827a4b2b6e1a3b5,computed
Gs_7D7M,api_pocketgrid,data/api/v1/systems/Gs_7D7M/pocketgrid.npz,yes,7080830,,pending_binary_or_large_file
Gs_7D7M,chain_roles,data/chain_roles/Gs_7D7M_chain_roles.json,yes,382,de57f4a97bdd845bae3269edb025232800b7b2688d150d071e00f4ba2b3399e0,computed
Gs_7D7M,contacts,data/contacts/Gs_7D7M_contacts.parquet,yes,51933,,pending_binary_or_large_file
Gs_7F4H,viz_structure,data/viz/Gs_7F4H/structure.pdb,yes,1367685,,pending_binary_or_large_file
Gs_7F4H,viz_trajectory,data/viz/Gs_7F4H/traj.xtc,yes,160572912,,pending_binary_or_large_file
Gs_7F4H,api_index,data/api/v1/systems/Gs_7F4H/index.json,yes,1344,a208005bb027fe62e7be67c73f979adeb5ea401ffbae750a12403dd13be7ca43,computed
Gs_7F4H,api_pockets,data/api/v1/systems/Gs_7F4H/pockets.json,yes,4311,460ab1d0ece2d9eefefe5aa6da2bae4ad06f9a5903ad2a8918ff7ebbdedeaf34,computed
Gs_7F4H,api_pockets_gpcrdb,data/api/v1/systems/Gs_7F4H/pockets_gpcrdb.json,yes,7032,c304ac5cd274cbe819a7427569b75781e8b7fd09d90198241e3d20a1f71b0976,computed
Gs_7F4H,api_gateways,data/api/v1/systems/Gs_7F4H/gateways.json,yes,8067,6f000ac1068b4ec4de9b45e8750fcf2dfc585fed8ea243a193403950d5821ab9,computed
Gs_7F4H,api_gprotein,data/api/v1/systems/Gs_7F4H/gprotein_metrics.json,yes,189733,e2a245fb17ea094f57322e24cb9212dc8c15f8038349ed2767b9b424ed842f1f,computed
Gs_7F4H,api_pocketgrid,data/api/v1/systems/Gs_7F4H/pocketgrid.npz,yes,6406910,,pending_binary_or_large_file
Gs_7F4H,chain_roles,data/chain_roles/Gs_7F4H_chain_roles.json,yes,468,fa58736639c98d3728ce924af3fda468f9ff237720077d0ded24475c4a9879d5,computed
Gs_7F4H,contacts,data/contacts/Gs_7F4H_contacts.parquet,yes,53870,,pending_binary_or_large_file
Gs_7F54,viz_structure,data/viz/Gs_7F54/structure.pdb,yes,1371978,,pending_binary_or_large_file
Gs_7F54,viz_trajectory,data/viz/Gs_7F54/traj.xtc,yes,161585892,,pending_binary_or_large_file
Gs_7F54,api_index,data/api/v1/systems/Gs_7F54/index.json,yes,1324,63f0b5be5f0c1af59b0ce7229aba54ba0877638783c4fd0b311166f7d57633ea,computed
Gs_7F54,api_pockets,data/api/v1/systems/Gs_7F54/pockets.json,yes,6302,6affac627b42eb13fc7f5f8f5e8557e7fc9f40c389904ade51b3de607daef0a4,computed
Gs_7F54,api_pockets_gpcrdb,data/api/v1/systems/Gs_7F54/pockets_gpcrdb.json,yes,10116,150ce5b31907945c6abb384e200f93b3a6124eaa0dd72e95c89fdc6c721a405a,computed
Gs_7F54,api_gateways,data/api/v1/systems/Gs_7F54/gateways.json,yes,8071,a1ec166f9f0c448d177c1ba04462a829288edcf88fde5217baabbdb461466bb2,computed
Gs_7F54,api_gprotein,data/api/v1/systems/Gs_7F54/gprotein_metrics.json,yes,189775,966c1b8dea68f0c750950a02f65b75e4d6fb2dcf2fb684c01925dc7111591bd2,computed
Gs_7F54,api_pocketgrid,data/api/v1/systems/Gs_7F54/pocketgrid.npz,yes,6391422,,pending_binary_or_large_file
Gs_7F54,chain_roles,data/chain_roles/Gs_7F54_chain_roles.json,yes,468,b8e99d232d2d122fed53a149cd609cf1ecc9ec994ae197dad959ec70aae97735,computed
Gs_7F54,contacts,data/contacts/Gs_7F54_contacts.parquet,yes,47580,,pending_binary_or_large_file
Gs_7FIG,viz_structure,data/viz/Gs_7FIG/structure.pdb,yes,1729269,,pending_binary_or_large_file
Gs_7FIG,viz_trajectory,data/viz/Gs_7FIG/traj.xtc,yes,203376364,,pending_binary_or_large_file
Gs_7FIG,api_index,data/api/v1/systems/Gs_7FIG/index.json,yes,1384,00bfdbd33fcd703fc94bb82b3c9fcc4e9f51cfbc67cf6b97f78e619280113049,computed
Gs_7FIG,api_pockets,data/api/v1/systems/Gs_7FIG/pockets.json,yes,6666,fcf44eb6dddda78f6c7f1b0b4d0d737daf12b6d77cdcc029fa2176c35ba7284f,computed
Gs_7FIG,api_pockets_gpcrdb,data/api/v1/systems/Gs_7FIG/pockets_gpcrdb.json,yes,10039,8a42653cf949395b931c5a5bab5790832d31f5b6abf8030a705e748406dd6dc0,computed
Gs_7FIG,api_gateways,data/api/v1/systems/Gs_7FIG/gateways.json,yes,8071,8e9a214d5ead57d47c19187f8c84118949419a710654c374d11250d3780bb436,computed
Gs_7FIG,api_gprotein,data/api/v1/systems/Gs_7FIG/gprotein_metrics.json,yes,177155,0920193f96aafdedcb347f2d96b07f85ede6493764b5be71a42d4b689aaf08d6,computed
Gs_7FIG,api_pocketgrid,data/api/v1/systems/Gs_7FIG/pocketgrid.npz,yes,9015806,,pending_binary_or_large_file
Gs_7FIG,chain_roles,data/chain_roles/Gs_7FIG_chain_roles.json,yes,382,0005f6f953bce6e7282ae998f272bf1f71065c75cfaeb698a0901abe269714a5,computed
Gs_7FIG,contacts,data/contacts/Gs_7FIG_contacts.parquet,yes,60972,,pending_binary_or_large_file
Gs_7JVQ,viz_structure,data/viz/Gs_7JVQ/structure.pdb,yes,1460835,,pending_binary_or_large_file
Gs_7JVQ,viz_trajectory,data/viz/Gs_7JVQ/traj.xtc,yes,171579472,,pending_binary_or_large_file
Gs_7JVQ,api_index,data/api/v1/systems/Gs_7JVQ/index.json,yes,1351,fd33f6a598436da840b30959c2990fce15ec77f05ee0dfe4622b5214f085d9a6,computed
Gs_7JVQ,api_pockets,data/api/v1/systems/Gs_7JVQ/pockets.json,yes,8248,2edbb0a690e81cd68eff0169fe33c4b2cf0c271a29624d3fa84e7dddcf430c4b,computed
Gs_7JVQ,api_pockets_gpcrdb,data/api/v1/systems/Gs_7JVQ/pockets_gpcrdb.json,yes,14075,4d93a9ea2eee2c126581354ea9ed2a449e3dfd66d60b16d7626c11e40d3035b6,computed
Gs_7JVQ,api_gateways,data/api/v1/systems/Gs_7JVQ/gateways.json,yes,8036,f3cc8f3059a303eb2c663da937b24899fb75dc63d85ae4a2ffd7bba3748d511f,computed
Gs_7JVQ,api_gprotein,data/api/v1/systems/Gs_7JVQ/gprotein_metrics.json,yes,194640,04c13e5645c3d44edf8be3a214e96d46796a836189e47869c2807cd4306bf3dc,computed
Gs_7JVQ,api_pocketgrid,data/api/v1/systems/Gs_7JVQ/pocketgrid.npz,yes,7468542,,pending_binary_or_large_file
Gs_7JVQ,chain_roles,data/chain_roles/Gs_7JVQ_chain_roles.json,yes,382,319d5ea2921b16f68f9c223c325cd2c8decd31554ea9c968c13073c100e700da,computed
Gs_7JVQ,contacts,data/contacts/Gs_7JVQ_contacts.parquet,yes,52237,,pending_binary_or_large_file
Gs_7KH0,viz_structure,data/viz/Gs_7KH0/structure.pdb,yes,1401219,,pending_binary_or_large_file
Gs_7KH0,viz_trajectory,data/viz/Gs_7KH0/traj.xtc,yes,164316400,,pending_binary_or_large_file
Gs_7KH0,api_index,data/api/v1/systems/Gs_7KH0/index.json,yes,1324,e88a1f990576ba95fef302a47c7322e0f872e623f7b31104ea5d2bf9b010cc3e,computed
Gs_7KH0,api_pockets,data/api/v1/systems/Gs_7KH0/pockets.json,yes,6362,9d8091ccccdb8737f81574cd127dc01691e8e0f167461b8f8b7eb4e71c5b766b,computed
Gs_7KH0,api_pockets_gpcrdb,data/api/v1/systems/Gs_7KH0/pockets_gpcrdb.json,yes,9716,2735fa1aae1e276c171313da81abcafe1d0c242f41b4591650b1e63c34ba1c76,computed
Gs_7KH0,api_gateways,data/api/v1/systems/Gs_7KH0/gateways.json,yes,8070,9c93684f50f6fe08fc35e58a2b50bfbe9ed87a7dc1781583a2c46a74b8ee404b,computed
Gs_7KH0,api_gprotein,data/api/v1/systems/Gs_7KH0/gprotein_metrics.json,yes,190648,26def69a378155ce7490b8647cd37b0c3b85e996b037d910cf53632ecdce7f9c,computed
Gs_7KH0,api_pocketgrid,data/api/v1/systems/Gs_7KH0/pocketgrid.npz,yes,6931070,,pending_binary_or_large_file
Gs_7KH0,chain_roles,data/chain_roles/Gs_7KH0_chain_roles.json,yes,467,0377e5469177bfd51bd5f7eb248fc534515aa58d60b5f33c792f17750f123c7a,computed
Gs_7KH0,contacts,data/contacts/Gs_7KH0_contacts.parquet,yes,50102,,pending_binary_or_large_file
Gs_7L1V,viz_structure,data/viz/Gs_7L1V/structure.pdb,yes,1231443,,pending_binary_or_large_file
Gs_7L1V,viz_trajectory,data/viz/Gs_7L1V/traj.xtc,yes,144626296,,pending_binary_or_large_file
Gs_7L1V,api_index,data/api/v1/systems/Gs_7L1V/index.json,yes,1461,02ea14076a9cbeae429fcc5814c3fb01d69264a63999729026202d317008cdcc,computed
Gs_7L1V,api_pockets,data/api/v1/systems/Gs_7L1V/pockets.json,yes,7740,00425d5635556b7e3e72fcdce769db542b2f66e4d85d6a702a8781751c557a43,computed
Gs_7L1V,api_pockets_gpcrdb,data/api/v1/systems/Gs_7L1V/pockets_gpcrdb.json,yes,12311,395bae1b884c7e95d748a96d71ea44f590a3f711c269d6e80c4a2bd21d547e62,computed
Gs_7L1V,api_gateways,data/api/v1/systems/Gs_7L1V/gateways.json,yes,8042,6cbac74fd9de397ef33cd5aede43ec28eff7e2cb517fa311b37ea8ae6dedac92,computed
Gs_7L1V,api_gprotein,data/api/v1/systems/Gs_7L1V/gprotein_metrics.json,yes,113525,055dbe55ca83faa12ea3c8ea92580d55243863aa8d47251e7aad523e76567068,computed
Gs_7L1V,api_pocketgrid,data/api/v1/systems/Gs_7L1V/pocketgrid.npz,yes,7374030,,pending_binary_or_large_file
Gs_7L1V,chain_roles,data/chain_roles/Gs_7L1V_chain_roles.json,yes,404,6c2d3e09bec8b828c2d477095133eeaace26fc88d3b70faccaeaa0c940c5751a,computed
Gs_7L1V,contacts,data/contacts/Gs_7L1V_contacts.parquet,yes,43086,,pending_binary_or_large_file
Gs_7MBX,viz_structure,data/viz/Gs_7MBX/structure.pdb,yes,1468935,,pending_binary_or_large_file
Gs_7MBX,viz_trajectory,data/viz/Gs_7MBX/traj.xtc,yes,172904384,,pending_binary_or_large_file
Gs_7MBX,api_index,data/api/v1/systems/Gs_7MBX/index.json,yes,1356,633c4b967d99d41c7f61fd952f25dd936fe570e2a980a90c4a5c6a3d2afaed88,computed
Gs_7MBX,api_pockets,data/api/v1/systems/Gs_7MBX/pockets.json,yes,5557,3cd0ae1503a6e83cb743a3eaf5c013e87dfc5852d41f3ef5884df465db4798a0,computed
Gs_7MBX,api_pockets_gpcrdb,data/api/v1/systems/Gs_7MBX/pockets_gpcrdb.json,yes,7546,5c427f10379ace07f0cad084c1b16ac2b9f0aa7bad53adfca1fe4cc6ddf3e0ac,computed
Gs_7MBX,api_gateways,data/api/v1/systems/Gs_7MBX/gateways.json,yes,8057,e35ba96ec931191873a023c861e786589837d59cdf24b939cf86f722d474e22e,computed
Gs_7MBX,api_gprotein,data/api/v1/systems/Gs_7MBX/gprotein_metrics.json,yes,192090,627daea40687711f6a3d0b0429c4d13065019bd20ef9e378950de8e0231f201d,computed
Gs_7MBX,api_pocketgrid,data/api/v1/systems/Gs_7MBX/pocketgrid.npz,yes,9384510,,pending_binary_or_large_file
Gs_7MBX,chain_roles,data/chain_roles/Gs_7MBX_chain_roles.json,yes,467,a90086638e9bf637501624763e384e3c58a3c1d6d4f5a7c250ecfe0e20b24afa,computed
Gs_7MBX,contacts,data/contacts/Gs_7MBX_contacts.parquet,yes,50954,,pending_binary_or_large_file
Gs_7RMH,viz_structure,data/viz/Gs_7RMH/structure.pdb,yes,1383075,,pending_binary_or_large_file
Gs_7RMH,viz_trajectory,data/viz/Gs_7RMH/traj.xtc,yes,162692788,,pending_binary_or_large_file
Gs_7RMH,api_index,data/api/v1/systems/Gs_7RMH/index.json,yes,1321,43d24e36ebf4f05e548715197277107501558e3f02185233eeb5cac5e570bab1,computed
Gs_7RMH,api_pockets,data/api/v1/systems/Gs_7RMH/pockets.json,yes,6491,70998d22fbe25b4659e3cfac6bde1006505bdfc5c3a02bee187aafb8ed4e1223,computed
Gs_7RMH,api_pockets_gpcrdb,data/api/v1/systems/Gs_7RMH/pockets_gpcrdb.json,yes,10216,3f8786bdf56e4d08148b973d71b32edde772bf7774bfad61b43c477980217ab5,computed
Gs_7RMH,api_gateways,data/api/v1/systems/Gs_7RMH/gateways.json,yes,8071,f447c93f0edfbd37ebcab4d252b4087616975efd06f17c9847f9b376f319e044,computed
Gs_7RMH,api_gprotein,data/api/v1/systems/Gs_7RMH/gprotein_metrics.json,yes,190990,6197bd49ca218f901d4f8d2f26f15f5679bd56d65953960e364d63013642801b,computed
Gs_7RMH,api_pocketgrid,data/api/v1/systems/Gs_7RMH/pocketgrid.npz,yes,7057278,,pending_binary_or_large_file
Gs_7RMH,chain_roles,data/chain_roles/Gs_7RMH_chain_roles.json,yes,470,695f89794a64e391300b42dff9ad1f1704930efea4d20aaedf5622870e466344,computed
Gs_7RMH,contacts,data/contacts/Gs_7RMH_contacts.parquet,yes,47916,,pending_binary_or_large_file
Gs_7T9N,viz_structure,data/viz/Gs_7T9N/structure.pdb,yes,1667061,,pending_binary_or_large_file
Gs_7T9N,viz_trajectory,data/viz/Gs_7T9N/traj.xtc,yes,196111092,,pending_binary_or_large_file
Gs_7T9N,api_index,data/api/v1/systems/Gs_7T9N/index.json,yes,1410,3f6e6b91c68a0c700ed42b510cf69e6ef44425c9d1ee6b64d3d32752392a380c,computed
Gs_7T9N,api_pockets,data/api/v1/systems/Gs_7T9N/pockets.json,yes,3332,4a6acecb8472d1b1c004a8249ac1a89296f65fc2af36f18445bd149b5b49b255,computed
Gs_7T9N,api_pockets_gpcrdb,data/api/v1/systems/Gs_7T9N/pockets_gpcrdb.json,yes,5505,422214434801fd81d1b1ba283b6cfcedf84f2d53182e050bd9f673a1c8ffd477,computed
Gs_7T9N,api_gateways,data/api/v1/systems/Gs_7T9N/gateways.json,yes,8073,37841e55f187ae8713da8e20d49398567d573e35751c11345bf30f358831c645,computed
Gs_7T9N,api_gprotein,data/api/v1/systems/Gs_7T9N/gprotein_metrics.json,yes,109685,2e51fab50c2c77bdfc5cb165bb5e2838c5de42d3842fc0f8774239215d019e78,computed
Gs_7T9N,api_pocketgrid,data/api/v1/systems/Gs_7T9N/pocketgrid.npz,yes,11899390,,pending_binary_or_large_file
Gs_7T9N,chain_roles,data/chain_roles/Gs_7T9N_chain_roles.json,yes,384,cc521c3ea4fc1a3c521bbc3050ad0da44e85d4888668be1a28b4ea44b58ce2d1,computed
Gs_7T9N,contacts,data/contacts/Gs_7T9N_contacts.parquet,yes,56488,,pending_binary_or_large_file
Gs_7TMW,viz_structure,data/viz/Gs_7TMW/structure.pdb,yes,1593594,,pending_binary_or_large_file
Gs_7TMW,viz_trajectory,data/viz/Gs_7TMW/traj.xtc,yes,187284716,,pending_binary_or_large_file
Gs_7TMW,api_index,data/api/v1/systems/Gs_7TMW/index.json,yes,1319,f48b100f30296792bef820c2aeb03ec689bc9ab36cabcd73e333d65ad4693e2d,computed
Gs_7TMW,api_pockets,data/api/v1/systems/Gs_7TMW/pockets.json,yes,4405,9c63394286dd1df6ad4dcd0088c064bb16b5c2c9f14df8f4c5e63cb86e4bba40,computed
Gs_7TMW,api_pockets_gpcrdb,data/api/v1/systems/Gs_7TMW/pockets_gpcrdb.json,yes,6823,67f8d4145758490ea6d68f7ac29e93188d88d8ca6a5f0383ae4a46cd79696437,computed
Gs_7TMW,api_gateways,data/api/v1/systems/Gs_7TMW/gateways.json,yes,8056,ec79a921bb87a732a2afb992ef98d1b896d476ef59259cd5b65e47096b5fffeb,computed
Gs_7TMW,api_gprotein,data/api/v1/systems/Gs_7TMW/gprotein_metrics.json,yes,110945,c33a86a713a48e2b9d9d073679eca012d0968e63def7bf4a64840fa8beaf23bc,computed
Gs_7TMW,api_pocketgrid,data/api/v1/systems/Gs_7TMW/pocketgrid.npz,yes,9234366,,pending_binary_or_large_file
Gs_7TMW,chain_roles,data/chain_roles/Gs_7TMW_chain_roles.json,yes,382,82832e595fc5c2142405cb81e9fdd90e7b3a200a643b2dbdd1cfedcad4d5f3c3,computed
Gs_7TMW,contacts,data/contacts/Gs_7TMW_contacts.parquet,yes,55821,,pending_binary_or_large_file
Gs_7XT8,viz_structure,data/viz/Gs_7XT8/structure.pdb,yes,1406241,,pending_binary_or_large_file
Gs_7XT8,viz_trajectory,data/viz/Gs_7XT8/traj.xtc,yes,164800800,,pending_binary_or_large_file
Gs_7XT8,api_index,data/api/v1/systems/Gs_7XT8/index.json,yes,1338,57de5ed823c4c4e09a600770f9bacc1613e7342e367359c1c1c6704dcee15291,computed
Gs_7XT8,api_pockets,data/api/v1/systems/Gs_7XT8/pockets.json,yes,7248,0659774ba954ee0eb5cbbb075dd5f00d7113a2e940a4b71d6c706c26aca7b48f,computed
Gs_7XT8,api_pockets_gpcrdb,data/api/v1/systems/Gs_7XT8/pockets_gpcrdb.json,yes,11699,3075f3963945aae40a5ec9dc17dbc746ed9046aeb1fd35d46f5f3382f6053fcf,computed
Gs_7XT8,api_gateways,data/api/v1/systems/Gs_7XT8/gateways.json,yes,8030,1308fd58fc99dc294bb841ca92cde8e50bca456439914369f48b189d1cad7817,computed
Gs_7XT8,api_gprotein,data/api/v1/systems/Gs_7XT8/gprotein_metrics.json,yes,190552,e97fd47ee070412cfa97e544bc239c4da2a8bac1ae47ffa0658a3991a07c762f,computed
Gs_7XT8,api_pocketgrid,data/api/v1/systems/Gs_7XT8/pocketgrid.npz,yes,6059262,,pending_binary_or_large_file
Gs_7XT8,chain_roles,data/chain_roles/Gs_7XT8_chain_roles.json,yes,470,c5f0c419b9ac971bfeaff5fa888a712f6a860a3d6f82babd61337d0fd7d9e06e,computed
Gs_7XT8,contacts,data/contacts/Gs_7XT8_contacts.parquet,yes,49204,,pending_binary_or_large_file
Gs_7XTB,viz_structure,data/viz/Gs_7XTB/structure.pdb,yes,1419201,,pending_binary_or_large_file
Gs_7XTB,viz_trajectory,data/viz/Gs_7XTB/traj.xtc,yes,166580448,,pending_binary_or_large_file
Gs_7XTB,api_index,data/api/v1/systems/Gs_7XTB/index.json,yes,1338,c814fe5bc04799846ab4452df6f2e7a2801b746d4313032c9f822d9a31918981,computed
Gs_7XTB,api_pockets,data/api/v1/systems/Gs_7XTB/pockets.json,yes,7137,14c728ca108a8283a7793721dab5861d27c7b4b658cd95763ff3a436b731c9c7,computed
Gs_7XTB,api_pockets_gpcrdb,data/api/v1/systems/Gs_7XTB/pockets_gpcrdb.json,yes,11346,6c55f00a0003e01d9e2feb0a2fb39e66c9b3b50612dd58d68cb37d3b9bdfb135,computed
Gs_7XTB,api_gateways,data/api/v1/systems/Gs_7XTB/gateways.json,yes,8048,886c01854aec3caa51ee4b09dd883d994d306c6497dcde329801e2d991dcacc2,computed
Gs_7XTB,api_gprotein,data/api/v1/systems/Gs_7XTB/gprotein_metrics.json,yes,193980,9d3305bb7e28ee91fb4c85b7be04be699f15d0c69a9b3be6967e60d73817a2d5,computed
Gs_7XTB,api_pocketgrid,data/api/v1/systems/Gs_7XTB/pocketgrid.npz,yes,6297726,,pending_binary_or_large_file
Gs_7XTB,chain_roles,data/chain_roles/Gs_7XTB_chain_roles.json,yes,407,3296c411624e12632bfd2a40dd0136a195b7724288ccf76ef77d803833579afe,computed
Gs_7XTB,contacts,data/contacts/Gs_7XTB_contacts.parquet,yes,50335,,pending_binary_or_large_file
Gs_7XTC,viz_structure,data/viz/Gs_7XTC/structure.pdb,yes,1438722,,pending_binary_or_large_file
Gs_7XTC,viz_trajectory,data/viz/Gs_7XTC/traj.xtc,yes,169463832,,pending_binary_or_large_file
Gs_7XTC,api_index,data/api/v1/systems/Gs_7XTC/index.json,yes,1370,ce092d9441f47fdd9df1d2fd77f57ef5ca947700128397c674791049d06afd71,computed
Gs_7XTC,api_pockets,data/api/v1/systems/Gs_7XTC/pockets.json,yes,7291,1cc1d0801fa16031c3b51b7c6f4601d92dd5955c019ce456942485466bd02753,computed
Gs_7XTC,api_pockets_gpcrdb,data/api/v1/systems/Gs_7XTC/pockets_gpcrdb.json,yes,11491,334318fddd2191f583ddf9f960001a334044598ff17f9fcf8ccb784b1fe7b40f,computed
Gs_7XTC,api_gateways,data/api/v1/systems/Gs_7XTC/gateways.json,yes,8046,db83f4b3aea7cfbe84ce4ada09e1a70f5681e6952e19fd60e99fc8b234326581,computed
Gs_7XTC,api_gprotein,data/api/v1/systems/Gs_7XTC/gprotein_metrics.json,yes,190932,48f223628bc70da93f7698c3b6b34eaf668b45f963940e6d21503672905c9240,computed
Gs_7XTC,api_pocketgrid,data/api/v1/systems/Gs_7XTC/pocketgrid.npz,yes,7932030,,pending_binary_or_large_file
Gs_7XTC,chain_roles,data/chain_roles/Gs_7XTC_chain_roles.json,yes,382,64e1b4985ae4e5ce9f72ec491d0d3d65ceb8a918dae31549624f3fb67f3460ad,computed
Gs_7XTC,contacts,data/contacts/Gs_7XTC_contacts.parquet,yes,49604,,pending_binary_or_large_file
Gs_7XV3,viz_structure,data/viz/Gs_7XV3/structure.pdb,yes,1418148,,pending_binary_or_large_file
Gs_7XV3,viz_trajectory,data/viz/Gs_7XV3/traj.xtc,yes,166212600,,pending_binary_or_large_file
Gs_7XV3,api_index,data/api/v1/systems/Gs_7XV3/index.json,yes,1431,313210f5f2ed966beae058795679f28d3ddd7d87480a84e1fcd25762155a57b5,computed
Gs_7XV3,api_pockets,data/api/v1/systems/Gs_7XV3/pockets.json,yes,7320,3b2d3a8764e141ae92fd8360914af0f79c4949e18652fa992aa44ee64c454871,computed
Gs_7XV3,api_pockets_gpcrdb,data/api/v1/systems/Gs_7XV3/pockets_gpcrdb.json,yes,11560,259557cdafd783bd173efb9431ca5fd9ca1d2d0c007b1bb0cfc610df8ed0a3a8,computed
Gs_7XV3,api_gateways,data/api/v1/systems/Gs_7XV3/gateways.json,yes,8062,8e6558e2e1efdc9b88a5c8ed5e75e911e5b48951f45adbed91e299e097f34eff,computed
Gs_7XV3,api_gprotein,data/api/v1/systems/Gs_7XV3/gprotein_metrics.json,yes,191230,f0efb9ecff771a9678d18a1b0b053d9f8031f058b8eec4ea7157497ef0bf8142,computed
Gs_7XV3,api_pocketgrid,data/api/v1/systems/Gs_7XV3/pocketgrid.npz,yes,6041598,,pending_binary_or_large_file
Gs_7XV3,chain_roles,data/chain_roles/Gs_7XV3_chain_roles.json,yes,382,263b3eaacf4a8da8cdc9e4947cdb71cb522d053ff79fe21629b0ad0cb6263928,computed
Gs_7XV3,contacts,data/contacts/Gs_7XV3_contacts.parquet,yes,49752,,pending_binary_or_large_file
Gs_7XZ5,viz_structure,data/viz/Gs_7XZ5/structure.pdb,yes,1384614,,pending_binary_or_large_file
Gs_7XZ5,viz_trajectory,data/viz/Gs_7XZ5/traj.xtc,yes,162378952,,pending_binary_or_large_file
Gs_7XZ5,api_index,data/api/v1/systems/Gs_7XZ5/index.json,yes,1445,fc4cc2ff71f70e4f0b6d9a858f09bb6e31a80d1be16c541690942f9baf9ec42b,computed
Gs_7XZ5,api_pockets,data/api/v1/systems/Gs_7XZ5/pockets.json,yes,5929,cb7e2e25454d5cf8fbeafea8ce98fad9f6ca737250e0eb80d94073390bfd177f,computed
Gs_7XZ5,api_pockets_gpcrdb,data/api/v1/systems/Gs_7XZ5/pockets_gpcrdb.json,yes,9537,2c65b87d4a735fd770be6a5cca9b3b2fc03e49668caaf62ec85cb8f41450c39d,computed
Gs_7XZ5,api_gateways,data/api/v1/systems/Gs_7XZ5/gateways.json,yes,8047,7e4ed053243bc4de6acdac0e718911e4dac8182cce647ed0c4c1b8b4978b3050,computed
Gs_7XZ5,api_gprotein,data/api/v1/systems/Gs_7XZ5/gprotein_metrics.json,yes,190932,700e00eefee6532392cf54dcf1ebd6be2be92f84f884796274bbadaf9b7f5f2e,computed
Gs_7XZ5,api_pocketgrid,data/api/v1/systems/Gs_7XZ5/pocketgrid.npz,yes,5852814,,pending_binary_or_large_file
Gs_7XZ5,chain_roles,data/chain_roles/Gs_7XZ5_chain_roles.json,yes,382,ed3ff305225e851c689345bc61c80b47838eef9c6efff12a0d4c276efa1092e8,computed
Gs_7XZ5,contacts,data/contacts/Gs_7XZ5_contacts.parquet,yes,48722,,pending_binary_or_large_file
Gs_7Y3G,viz_structure,data/viz/Gs_7Y3G/structure.pdb,yes,1368495,,pending_binary_or_large_file
Gs_7Y3G,viz_trajectory,data/viz/Gs_7Y3G/traj.xtc,yes,160576144,,pending_binary_or_large_file
Gs_7Y3G,api_index,data/api/v1/systems/Gs_7Y3G/index.json,yes,1331,0646367c077867655c4d9085cf7847ae2c0c72341f6f178757fd1d2e0db057bf,computed
Gs_7Y3G,api_pockets,data/api/v1/systems/Gs_7Y3G/pockets.json,yes,7910,c9ddac1b069965b1428943a9010e613b5f6cde7aafcc40014a6ee7c019b89dd3,computed
Gs_7Y3G,api_pockets_gpcrdb,data/api/v1/systems/Gs_7Y3G/pockets_gpcrdb.json,yes,13092,5a3a3ce88c0f4de88da2e983aa750d9343f43b85bbd66ff7e1c56a48f301f953,computed
Gs_7Y3G,api_gateways,data/api/v1/systems/Gs_7Y3G/gateways.json,yes,8065,d34207d54b1a0abaa96944f0990b85c4486821e1cfc1fb3ec3939af2cf063190,computed
Gs_7Y3G,api_gprotein,data/api/v1/systems/Gs_7Y3G/gprotein_metrics.json,yes,194547,6cd09c1fb5410e907310de84bbb7a4bce6adecff11b7508f6267df71f8bb3727,computed
Gs_7Y3G,api_pocketgrid,data/api/v1/systems/Gs_7Y3G/pocketgrid.npz,yes,6636830,,pending_binary_or_large_file
Gs_7Y3G,chain_roles,data/chain_roles/Gs_7Y3G_chain_roles.json,yes,382,d1828df35b260449f5d4061e3b857b150394204e82ad045abd50758317618951,computed
Gs_7Y3G,contacts,data/contacts/Gs_7Y3G_contacts.parquet,yes,49259,,pending_binary_or_large_file
Gs_8F76,viz_structure,data/viz/Gs_8F76/structure.pdb,yes,1405674,,pending_binary_or_large_file
Gs_8F76,viz_trajectory,data/viz/Gs_8F76/traj.xtc,yes,165421172,,pending_binary_or_large_file
Gs_8F76,api_index,data/api/v1/systems/Gs_8F76/index.json,yes,1338,4196be3ac6b419e60dc1542d944e4a151c7a151d7997037eea7249b6c93ce482,computed
Gs_8F76,api_pockets,data/api/v1/systems/Gs_8F76/pockets.json,yes,7014,df97770b6127345f50a9727fd4770cd58adb16f20051e0e5b087f85c89870f38,computed
Gs_8F76,api_pockets_gpcrdb,data/api/v1/systems/Gs_8F76/pockets_gpcrdb.json,yes,11237,530d70232c609ab85fb9e21b77521db11ce6a4b81a98374240c020d52225eed7,computed
Gs_8F76,api_gateways,data/api/v1/systems/Gs_8F76/gateways.json,yes,8048,67487ca77ff6e2af36949bbeccebc9533341954a63a25b59f9c04bf8025f39d4,computed
Gs_8F76,api_gprotein,data/api/v1/systems/Gs_8F76/gprotein_metrics.json,yes,190607,3fb5b8f4e65a302cb68a33168eda08cf69729d0dcd3b09fe7f5bd93a8cad5012,computed
Gs_8F76,api_pocketgrid,data/api/v1/systems/Gs_8F76/pocketgrid.npz,yes,7784062,,pending_binary_or_large_file
Gs_8F76,chain_roles,data/chain_roles/Gs_8F76_chain_roles.json,yes,382,53ac6ea625d02271e2350d6a58551d0bb87ab1967485614a968be81b5a4fee44,computed
Gs_8F76,contacts,data/contacts/Gs_8F76_contacts.parquet,yes,48660,,pending_binary_or_large_file
Gs_8GY7,viz_structure,data/viz/Gs_8GY7/structure.pdb,yes,1418472,,pending_binary_or_large_file
Gs_8GY7,viz_trajectory,data/viz/Gs_8GY7/traj.xtc,yes,166590968,,pending_binary_or_large_file
Gs_8GY7,api_index,data/api/v1/systems/Gs_8GY7/index.json,yes,1337,1d8efff8a7f220b3b139977e72a05570e54f76ac4a896c026a80af07ad856553,computed
Gs_8GY7,api_pockets,data/api/v1/systems/Gs_8GY7/pockets.json,yes,7272,c3b90a64eafa868f57353d5b1e84812ede4749a1f02e085c105e682a10194635,computed
Gs_8GY7,api_pockets_gpcrdb,data/api/v1/systems/Gs_8GY7/pockets_gpcrdb.json,yes,11657,225d4996c5fbfa9f5e2109e4b12dcf28bf583cf204510a424c72e2b09d722660,computed
Gs_8GY7,api_gateways,data/api/v1/systems/Gs_8GY7/gateways.json,yes,8070,2d3280245214530095e11f068891141e67a780d841a86c8db5dcbd13d2ea3bd7,computed
Gs_8GY7,api_gprotein,data/api/v1/systems/Gs_8GY7/gprotein_metrics.json,yes,177942,a4a47b1cec68d0fa9e7cc88b940e95dc23c4fffad7a694de58dfff8909ea044c,computed
Gs_8GY7,api_pocketgrid,data/api/v1/systems/Gs_8GY7/pocketgrid.npz,yes,6963710,,pending_binary_or_large_file
Gs_8GY7,chain_roles,data/chain_roles/Gs_8GY7_chain_roles.json,yes,554,e084a05596f2dde486d1ee2283335e041ec0cab45c61afdefb50a29d284c90d1,computed
Gs_8GY7,contacts,data/contacts/Gs_8GY7_contacts.parquet,yes,48082,,pending_binary_or_large_file
Gs_8H4I,viz_structure,data/viz/Gs_8H4I/structure.pdb,yes,1206153,,pending_binary_or_large_file
Gs_8H4I,viz_trajectory,data/viz/Gs_8H4I/traj.xtc,yes,141493508,,pending_binary_or_large_file
Gs_8H4I,api_index,data/api/v1/systems/Gs_8H4I/index.json,yes,1345,aa1254428f9660a0539c4dabae4533595ea3d583c372278599635ff2c99ce2ad,computed
Gs_8H4I,api_pockets,data/api/v1/systems/Gs_8H4I/pockets.json,yes,6689,dcf019c66718911a643e9024cd0835210e1de47916021fa6acf4e689ef48e66e,computed
Gs_8H4I,api_pockets_gpcrdb,data/api/v1/systems/Gs_8H4I/pockets_gpcrdb.json,yes,10981,4249c81ffbfe4e235ff14a9ae0b46e9c6653b32f9b50198d1116fcc0c55e8fea,computed
Gs_8H4I,api_gateways,data/api/v1/systems/Gs_8H4I/gateways.json,yes,8075,6a0b34a1e513ca71769537798569fee40feb3c6f619d16e6ca8fa3f65ba9c199,computed
Gs_8H4I,api_gprotein,data/api/v1/systems/Gs_8H4I/gprotein_metrics.json,yes,114641,5ba5535e276828d2f6d5f16b5c4758d58f5f93fd09291234e78cdec48b450130,computed
Gs_8H4I,api_pocketgrid,data/api/v1/systems/Gs_8H4I/pocketgrid.npz,yes,5767998,,pending_binary_or_large_file
Gs_8H4I,chain_roles,data/chain_roles/Gs_8H4I_chain_roles.json,yes,404,1d4e59e8cc4b16557878f21bf6800454de58da21d605b3eddd589b4f89556b5a,computed
Gs_8H4I,contacts,data/contacts/Gs_8H4I_contacts.parquet,yes,41561,,pending_binary_or_large_file
Gs_8HDP,viz_structure,data/viz/Gs_8HDP/structure.pdb,yes,1203822,,pending_binary_or_large_file
Gs_8HDP,viz_trajectory,data/viz/Gs_8HDP/traj.xtc,yes,141388132,,pending_binary_or_large_file
Gs_8HDP,api_index,data/api/v1/systems/Gs_8HDP/index.json,yes,1291,8bdfd79299b142668cd6319b04f5479d945a2e54c3ec6a0775f7b0178febe685,computed
Gs_8HDP,api_pockets,data/api/v1/systems/Gs_8HDP/pockets.json,yes,7746,b3c2f3a8b6f0cb9a4ebc32035cbf901a8724b508c43d3ea1496c9d98501ec9c6,computed
Gs_8HDP,api_pockets_gpcrdb,data/api/v1/systems/Gs_8HDP/pockets_gpcrdb.json,yes,13316,eecec54bebf95a7a0450db375f9dbd42904a713c62db6ec977f62579e51d0783,computed
Gs_8HDP,api_gateways,data/api/v1/systems/Gs_8HDP/gateways.json,yes,8043,35bd8279e23f66fcb4c5b5330de00c5f8976463ff6ec8e26c91c923d40b59e60,computed
Gs_8HDP,api_gprotein,data/api/v1/systems/Gs_8HDP/gprotein_metrics.json,yes,117972,d18114cb1d8b3cb9baedba33b8470b7d8d73b1f01e8ae0101d426df1d6a438b8,computed
Gs_8HDP,api_pocketgrid,data/api/v1/systems/Gs_8HDP/pocketgrid.npz,yes,6722222,,pending_binary_or_large_file
Gs_8HDP,chain_roles,data/chain_roles/Gs_8HDP_chain_roles.json,yes,381,174f387d6e7412e184b35e529fb50137b1fb55f75e4c0fbea406731b054769e5,computed
Gs_8HDP,contacts,data/contacts/Gs_8HDP_contacts.parquet,yes,42975,,pending_binary_or_large_file
Gs_8HJ1,viz_structure,data/viz/Gs_8HJ1/structure.pdb,yes,1427139,,pending_binary_or_large_file
Gs_8HJ1,viz_trajectory,data/viz/Gs_8HJ1/traj.xtc,yes,167183260,,pending_binary_or_large_file
Gs_8HJ1,api_index,data/api/v1/systems/Gs_8HJ1/index.json,yes,1339,a00f45b41169a79e9b6c73f6bfe147a1f4e38b3465b17d363cab33b0bba4d84e,computed
Gs_8HJ1,api_pockets,data/api/v1/systems/Gs_8HJ1/pockets.json,yes,6926,9abc783522ede827f8f66b3e743cacfd8860bd4f51284e51cbfa80703a37ce78,computed
Gs_8HJ1,api_pockets_gpcrdb,data/api/v1/systems/Gs_8HJ1/pockets_gpcrdb.json,yes,10983,631f5f1ea606aebe14384c426a5f72b612b323e63996f121e3525f04ce0a41d8,computed
Gs_8HJ1,api_gateways,data/api/v1/systems/Gs_8HJ1/gateways.json,yes,8029,cc8ab48fedd588ebb6bb439fe5d5dd348507946147845e26bede8bfd25e0dc78,computed
Gs_8HJ1,api_gprotein,data/api/v1/systems/Gs_8HJ1/gprotein_metrics.json,yes,194700,961ccf5535867e75e53b846154673f4c346e92f58335e1bd8c22a2b174a7e8ba,computed
Gs_8HJ1,api_pocketgrid,data/api/v1/systems/Gs_8HJ1/pocketgrid.npz,yes,6659070,,pending_binary_or_large_file
Gs_8HJ1,chain_roles,data/chain_roles/Gs_8HJ1_chain_roles.json,yes,382,1fc77a87622ed5aefd425b0fea28704d2e0ead54c24948453c8275a5a0e3d45c,computed
Gs_8HJ1,contacts,data/contacts/Gs_8HJ1_contacts.parquet,yes,53333,,pending_binary_or_large_file
Gs_8HJ2,viz_structure,data/viz/Gs_8HJ2/structure.pdb,yes,1392795,,pending_binary_or_large_file
Gs_8HJ2,viz_trajectory,data/viz/Gs_8HJ2/traj.xtc,yes,163337652,,pending_binary_or_large_file
Gs_8HJ2,api_index,data/api/v1/systems/Gs_8HJ2/index.json,yes,1339,9489610e6978ca78103130e2b17f472ada2e0f593014a824657246a425d079a2,computed
Gs_8HJ2,api_pockets,data/api/v1/systems/Gs_8HJ2/pockets.json,yes,8011,19e910614895a847a97d4e0771a72ad47de59cba9a50d224aa9f59648cae1f83,computed
Gs_8HJ2,api_pockets_gpcrdb,data/api/v1/systems/Gs_8HJ2/pockets_gpcrdb.json,yes,13083,8900c2f78032b784b47a55b1cfbffda5d8dcc1aea55f18ffcb8b79ce46e8573c,computed
Gs_8HJ2,api_gateways,data/api/v1/systems/Gs_8HJ2/gateways.json,yes,8103,28a352174bf59374bcee156142a33eedae5b69a18a199cbcd15a978f475895c9,computed
Gs_8HJ2,api_gprotein,data/api/v1/systems/Gs_8HJ2/gprotein_metrics.json,yes,191906,bffabd912e0dfd03893a7cf98bb0844050b6511ea625d3835c21fca2393f3954,computed
Gs_8HJ2,api_pocketgrid,data/api/v1/systems/Gs_8HJ2/pocketgrid.npz,yes,7599102,,pending_binary_or_large_file
Gs_8HJ2,chain_roles,data/chain_roles/Gs_8HJ2_chain_roles.json,yes,382,e210c0154dc57f6e11e888fabb0bcd7348203db420d7d513512871d882062cf9,computed
Gs_8HJ2,contacts,data/contacts/Gs_8HJ2_contacts.parquet,yes,52016,,pending_binary_or_large_file
Gs_8HNK,viz_structure,data/viz/Gs_8HNK/structure.pdb,yes,1417500,,pending_binary_or_large_file
Gs_8HNK,viz_trajectory,data/viz/Gs_8HNK/traj.xtc,yes,166976980,,pending_binary_or_large_file
Gs_8HNK,api_index,data/api/v1/systems/Gs_8HNK/index.json,yes,1332,fbd106d5f016c1ca38eb00f35812361c4ba34242bdd4a71fd5e0c26dfea65eda,computed
Gs_8HNK,api_pockets,data/api/v1/systems/Gs_8HNK/pockets.json,yes,6558,ecb4aa4e3c65cd3f49cb3d7bd90c5c810c2d609b9073985a2798ba80fa8fcc54,computed
Gs_8HNK,api_pockets_gpcrdb,data/api/v1/systems/Gs_8HNK/pockets_gpcrdb.json,yes,10832,01879f772a5ed0f6f1bc586296228f2aaaecdb4d7cf30be265a885db618775d0,computed
Gs_8HNK,api_gateways,data/api/v1/systems/Gs_8HNK/gateways.json,yes,8060,c644c2b9101538108a00f4d1c2eeb0435d0720be3fa493c3c9082a1a89132868,computed
Gs_8HNK,api_gprotein,data/api/v1/systems/Gs_8HNK/gprotein_metrics.json,yes,172657,1d006b451e1d72af1e131584da3d6c1ee5de788eac713ef06f71f3d37152f6dc,computed
Gs_8HNK,api_pocketgrid,data/api/v1/systems/Gs_8HNK/pocketgrid.npz,yes,6902046,,pending_binary_or_large_file
Gs_8HNK,chain_roles,data/chain_roles/Gs_8HNK_chain_roles.json,yes,468,5a3ebe6b4647d7b5a7ced01d2bbd24d177b9691e63fa22f41183fa318dbd42e7,computed
Gs_8HNK,contacts,data/contacts/Gs_8HNK_contacts.parquet,yes,48561,,pending_binary_or_large_file
Gs_8HTI,viz_structure,data/viz/Gs_8HTI/structure.pdb,yes,1322082,,pending_binary_or_large_file
Gs_8HTI,viz_trajectory,data/viz/Gs_8HTI/traj.xtc,yes,155092536,,pending_binary_or_large_file
Gs_8HTI,api_index,data/api/v1/systems/Gs_8HTI/index.json,yes,1356,3c406f089597a7df4355d1d4aa786e9b29280dd10120dfea454459dd0124f841,computed
Gs_8HTI,api_pockets,data/api/v1/systems/Gs_8HTI/pockets.json,yes,6005,9a8d8fb3234647f478f1a956925cf3847dc4d79535ec3eeb5db1b602e5bfdffe,computed
Gs_8HTI,api_pockets_gpcrdb,data/api/v1/systems/Gs_8HTI/pockets_gpcrdb.json,yes,10152,3f4dc01ad8483c92f0bca7ca2d3aa0a6ea30d05f04b6bd95a8f926488f10c5ad,computed
Gs_8HTI,api_gateways,data/api/v1/systems/Gs_8HTI/gateways.json,yes,8081,f05fd1c8c468358fea75ad2108d73940e20e16c4d4cd978f377f5c1cd1cfc225,computed
Gs_8HTI,api_gprotein,data/api/v1/systems/Gs_8HTI/gprotein_metrics.json,yes,166103,b99e6e8cebe4348d448c061fa3acb608049442c50b59182c1a551e991cc5497f,computed
Gs_8HTI,api_pocketgrid,data/api/v1/systems/Gs_8HTI/pocketgrid.npz,yes,6829150,,pending_binary_or_large_file
Gs_8HTI,chain_roles,data/chain_roles/Gs_8HTI_chain_roles.json,yes,382,f5be8e888cb034e8a3be1b3e983c707e366c2c10c621537a58e9a5dab9d1cc84,computed
Gs_8HTI,contacts,data/contacts/Gs_8HTI_contacts.parquet,yes,46708,,pending_binary_or_large_file
Gs_8I2G,viz_structure,data/viz/Gs_8I2G/structure.pdb,yes,1627695,,pending_binary_or_large_file
Gs_8I2G,viz_trajectory,data/viz/Gs_8I2G/traj.xtc,yes,191552500,,pending_binary_or_large_file
Gs_8I2G,api_index,data/api/v1/systems/Gs_8I2G/index.json,yes,1504,1a1da9dad4e342332af2aeef2829304bedc69f727fe9c4dbdecd098830215043,computed
Gs_8I2G,api_pockets,data/api/v1/systems/Gs_8I2G/pockets.json,yes,4139,afcc52385b51d962edf213cbe65637cf50bff0ad7be640407a54a953d278b041,computed
Gs_8I2G,api_pockets_gpcrdb,data/api/v1/systems/Gs_8I2G/pockets_gpcrdb.json,yes,6972,f5ad0fc44f18165660b7c941859203327f56343a28534f4e0f6364ba93c99246,computed
Gs_8I2G,api_gateways,data/api/v1/systems/Gs_8I2G/gateways.json,yes,8054,0eed9c68f9ddd084e1d77da95006e35dac30984871a8f6b2f68e2cd4c45dda37,computed
Gs_8I2G,api_gprotein,data/api/v1/systems/Gs_8I2G/gprotein_metrics.json,yes,118401,23c010b83111e66826ac8db1aa2020207508fd314a3be7c5cfbba24ebb039636,computed
Gs_8I2G,api_pocketgrid,data/api/v1/systems/Gs_8I2G/pocketgrid.npz,yes,9536190,,pending_binary_or_large_file
Gs_8I2G,chain_roles,data/chain_roles/Gs_8I2G_chain_roles.json,yes,382,be7c7d87758b52bd9d8166833ffa3e32729c7c07b12384b39876e0fa1c46edbc,computed
Gs_8I2G,contacts,data/contacts/Gs_8I2G_contacts.parquet,yes,57515,,pending_binary_or_large_file
Gs_8INR,viz_structure,data/viz/Gs_8INR/structure.pdb,yes,1357074,,pending_binary_or_large_file
Gs_8INR,viz_trajectory,data/viz/Gs_8INR/traj.xtc,yes,159867440,,pending_binary_or_large_file
Gs_8INR,api_index,data/api/v1/systems/Gs_8INR/index.json,yes,1324,61002b638ec127a6a4af85d76661fbe561a716859bcd7dc7b7eab45f237cd381,computed
Gs_8INR,api_pockets,data/api/v1/systems/Gs_8INR/pockets.json,yes,8812,a1679f3c272bf7e15d355f3eba7030cbae2b8e5c24e22a48d8eecbbbe76f9f16,computed
Gs_8INR,api_pockets_gpcrdb,data/api/v1/systems/Gs_8INR/pockets_gpcrdb.json,yes,13978,8e6d8d77584a942abe978ba7aac83aaa9c0dcf12e84d07fe750e7e4d4124c68e,computed
Gs_8INR,api_gateways,data/api/v1/systems/Gs_8INR/gateways.json,yes,8052,0a4dbf18a3e6f71d57a380c01232673b17eecb13a1eed0bf98116787f4c7feae,computed
Gs_8INR,api_gprotein,data/api/v1/systems/Gs_8INR/gprotein_metrics.json,yes,189974,bda3e2412e62a361d824b01246daf56c2875ed0f88dfd6d553effe0946e41944,computed
Gs_8INR,api_pocketgrid,data/api/v1/systems/Gs_8INR/pocketgrid.npz,yes,6580446,,pending_binary_or_large_file
Gs_8INR,chain_roles,data/chain_roles/Gs_8INR_chain_roles.json,yes,468,fa31d78676563039db27ecff5c551b135932c1c5a937fb0988f7f3e84a325924,computed
Gs_8INR,contacts,data/contacts/Gs_8INR_contacts.parquet,yes,46707,,pending_binary_or_large_file
Gs_8IOC,viz_structure,data/viz/Gs_8IOC/structure.pdb,yes,1183248,,pending_binary_or_large_file
Gs_8IOC,viz_trajectory,data/viz/Gs_8IOC/traj.xtc,yes,138824432,,pending_binary_or_large_file
Gs_8IOC,api_index,data/api/v1/systems/Gs_8IOC/index.json,yes,1324,812b1eb4998fbeddfaf09b7d73b765e61d5b390c49b97ad437d02093d69f1277,computed
Gs_8IOC,api_pockets,data/api/v1/systems/Gs_8IOC/pockets.json,yes,8136,ab0ffd760fec3095a91b10597b5c33c7ba2093c0a5be5d9bc4852dce81f9c38b,computed
Gs_8IOC,api_pockets_gpcrdb,data/api/v1/systems/Gs_8IOC/pockets_gpcrdb.json,yes,12950,819ca0a8494afd0e53bb7688a98e615e81760ad061305e48289713340f5f2752,computed
Gs_8IOC,api_gateways,data/api/v1/systems/Gs_8IOC/gateways.json,yes,8064,c8ef4ec608a0cd6be25dbcee59790fd823d430d599b9f7fcea631e4d6f7f474c,computed
Gs_8IOC,api_gprotein,data/api/v1/systems/Gs_8IOC/gprotein_metrics.json,yes,117348,d131f677ccf39b8c341b2047ebfe7342d13381b46e37cffcbca35377dcbc87e1,computed
Gs_8IOC,api_pocketgrid,data/api/v1/systems/Gs_8IOC/pocketgrid.npz,yes,5757822,,pending_binary_or_large_file
Gs_8IOC,chain_roles,data/chain_roles/Gs_8IOC_chain_roles.json,yes,467,3386317a324bcc6477ee6cc10b7d039b4863ff0db4546ea63625cd94ed98d6d6,computed
Gs_8IOC,contacts,data/contacts/Gs_8IOC_contacts.parquet,yes,41741,,pending_binary_or_large_file
Gs_8IRV,viz_structure,data/viz/Gs_8IRV/structure.pdb,yes,1443258,,pending_binary_or_large_file
Gs_8IRV,viz_trajectory,data/viz/Gs_8IRV/traj.xtc,yes,169471656,,pending_binary_or_large_file
Gs_8IRV,api_index,data/api/v1/systems/Gs_8IRV/index.json,yes,1332,d68b8a8bbe8cd67d05355e4363b19bc18673f3e251122beeb3c07e2a22123fa7,computed
Gs_8IRV,api_pockets,data/api/v1/systems/Gs_8IRV/pockets.json,yes,8953,0d5c7d7d440a55cf440557ee58676f1c32cad65f23a7ffddfbd433c5bd173835,computed
Gs_8IRV,api_pockets_gpcrdb,data/api/v1/systems/Gs_8IRV/pockets_gpcrdb.json,yes,15233,003d7073de22b6a611015318c51985e48850be3fffe407a13b58ed9cefa82a41,computed
Gs_8IRV,api_gateways,data/api/v1/systems/Gs_8IRV/gateways.json,yes,8061,cfe637bb62e840871955aa232186295850f2f2216a457e02a774da4c98ce3081,computed
Gs_8IRV,api_gprotein,data/api/v1/systems/Gs_8IRV/gprotein_metrics.json,yes,191087,e60ebb71b92e70b24d2e71d9a10550fed8219f92c53c7a92d265b1fdd179face,computed
Gs_8IRV,api_pocketgrid,data/api/v1/systems/Gs_8IRV/pocketgrid.npz,yes,7015934,,pending_binary_or_large_file
Gs_8IRV,chain_roles,data/chain_roles/Gs_8IRV_chain_roles.json,yes,382,ac488efd6b292b7733421d972b60605be013541580f21f5052f0b4f9c5c5ceab,computed
Gs_8IRV,contacts,data/contacts/Gs_8IRV_contacts.parquet,yes,50935,,pending_binary_or_large_file
Gs_8JPP,viz_structure,data/viz/Gs_8JPP/structure.pdb,yes,1374570,,pending_binary_or_large_file
Gs_8JPP,viz_trajectory,data/viz/Gs_8JPP/traj.xtc,yes,161207812,,pending_binary_or_large_file
Gs_8JPP,api_index,data/api/v1/systems/Gs_8JPP/index.json,yes,1334,b2d026a3626b20399612e2e7b734ba65b6e0fc8115efa9385d9b07ea3ddd1efb,computed
Gs_8JPP,api_pockets,data/api/v1/systems/Gs_8JPP/pockets.json,yes,6420,52cee3921110db322aa4b3ba4985343c9d7de9a6b9a2c89652da06a6a0e8e842,computed
Gs_8JPP,api_pockets_gpcrdb,data/api/v1/systems/Gs_8JPP/pockets_gpcrdb.json,yes,10124,95a3be5f68f68b22ffa99437010ec2f07a08c996108155ac4134db61585d6153,computed
Gs_8JPP,api_gateways,data/api/v1/systems/Gs_8JPP/gateways.json,yes,8080,a112378f740f2eb6363f3ab44876a9c19ad9e7543be64225cf98234409dcf253,computed
Gs_8JPP,api_gprotein,data/api/v1/systems/Gs_8JPP/gprotein_metrics.json,yes,185520,bf1461c1b8dc5bb4b6c478f27610b973b575087dc184c4b0209342bc5292328d,computed
Gs_8JPP,api_pocketgrid,data/api/v1/systems/Gs_8JPP/pocketgrid.npz,yes,5842878,,pending_binary_or_large_file
Gs_8JPP,chain_roles,data/chain_roles/Gs_8JPP_chain_roles.json,yes,382,ac71c5e3b6f6ffa21577bd5e964a6248b583b5ced7e7e990e8b0b4c552237ff7,computed
Gs_8JPP,contacts,data/contacts/Gs_8JPP_contacts.parquet,yes,47365,,pending_binary_or_large_file
Gs_8KGK,viz_structure,data/viz/Gs_8KGK/structure.pdb,yes,1429488,,pending_binary_or_large_file
Gs_8KGK,viz_trajectory,data/viz/Gs_8KGK/traj.xtc,yes,167962492,,pending_binary_or_large_file
Gs_8KGK,api_index,data/api/v1/systems/Gs_8KGK/index.json,yes,1330,b6b078654ece96e718c91dd09e95b87d09e22091b2edb115b2053861b5dbafc0,computed
Gs_8KGK,api_pockets,data/api/v1/systems/Gs_8KGK/pockets.json,yes,4645,43bc07f716e1d73286a3539b875b114d19ba8d1ad46318d87600ee60a2554338,computed
Gs_8KGK,api_pockets_gpcrdb,data/api/v1/systems/Gs_8KGK/pockets_gpcrdb.json,yes,7291,4ec3927310c90ccab66adccb16b4414fce42e60a87b4866f41e74faed119a3f9,computed
Gs_8KGK,api_gateways,data/api/v1/systems/Gs_8KGK/gateways.json,yes,8060,9538df31b78e1d682f7b92b07b9428acceb8d93e94bcbc527fda3f303c5c16e0,computed
Gs_8KGK,api_gprotein,data/api/v1/systems/Gs_8KGK/gprotein_metrics.json,yes,194721,e8513ca03eff0a9fc01246e9545d445571bac0999c4da2741e93cd779088ecb6,computed
Gs_8KGK,api_pocketgrid,data/api/v1/systems/Gs_8KGK/pocketgrid.npz,yes,6746622,,pending_binary_or_large_file
Gs_8KGK,chain_roles,data/chain_roles/Gs_8KGK_chain_roles.json,yes,384,36fa5a66671289d75b9bba806cc5c1ac60993e13b32a7c299048ee6faa923fe3,computed
Gs_8KGK,contacts,data/contacts/Gs_8KGK_contacts.parquet,yes,51937,,pending_binary_or_large_file
Gs_8KH5,viz_structure,data/viz/Gs_8KH5/structure.pdb,yes,1385181,,pending_binary_or_large_file
Gs_8KH5,viz_trajectory,data/viz/Gs_8KH5/traj.xtc,yes,162837108,,pending_binary_or_large_file
Gs_8KH5,api_index,data/api/v1/systems/Gs_8KH5/index.json,yes,1431,aa4ca18e3d350cbfc1cdb2c45f44c1c549ac6f9de0179b4109fc25bbd3371ec6,computed
Gs_8KH5,api_pockets,data/api/v1/systems/Gs_8KH5/pockets.json,yes,6211,696213a7ffb2c7e5a8371eb34caff348cc7e6c05c166b030456345a145bc2580,computed
Gs_8KH5,api_pockets_gpcrdb,data/api/v1/systems/Gs_8KH5/pockets_gpcrdb.json,yes,10458,dc7bd1ebf94cc29ff5b91c7b0226ea34fdc32ef3d1d3b8d9cfa7696e3a9ea572,computed
Gs_8KH5,api_gateways,data/api/v1/systems/Gs_8KH5/gateways.json,yes,8055,cadb55790ff9261f706ae1edcdce5586ce8a928f64d40e48034bd8f8b57b72c3,computed
Gs_8KH5,api_gprotein,data/api/v1/systems/Gs_8KH5/gprotein_metrics.json,yes,189052,af49b67b962a2493252a7dd1146ffd98a1f359f56dde6548e4c96d2a8f6ff6bc,computed
Gs_8KH5,api_pocketgrid,data/api/v1/systems/Gs_8KH5/pocketgrid.npz,yes,7389582,,pending_binary_or_large_file
Gs_8KH5,chain_roles,data/chain_roles/Gs_8KH5_chain_roles.json,yes,384,f8828cd1d56771cedebc33170f96ee1db47ec9f7474228fc828a4d818cec3938,computed
Gs_8KH5,contacts,data/contacts/Gs_8KH5_contacts.parquet,yes,47698,,pending_binary_or_large_file
Gs_8SMV,viz_structure,data/viz/Gs_8SMV/structure.pdb,yes,1450224,,pending_binary_or_large_file
Gs_8SMV,viz_trajectory,data/viz/Gs_8SMV/traj.xtc,yes,170554568,,pending_binary_or_large_file
Gs_8SMV,api_index,data/api/v1/systems/Gs_8SMV/index.json,yes,1332,ede14c055469feb22af93facb5b561db83aaef96b8e10615e0430c086f880633,computed
Gs_8SMV,api_pockets,data/api/v1/systems/Gs_8SMV/pockets.json,yes,6542,bade27546d87287591bd9b0f4f6a3e208371f5f49882a545007a139c7ece37c6,computed
Gs_8SMV,api_pockets_gpcrdb,data/api/v1/systems/Gs_8SMV/pockets_gpcrdb.json,yes,9691,967c978ec8a6d1bcf3cce05b14a579af590c671454240b57521c19ba45a977ea,computed
Gs_8SMV,api_gateways,data/api/v1/systems/Gs_8SMV/gateways.json,yes,8049,068bed97265224dd5dc311fe1215c4a9c0f55b547e57bcb7716ed06f506b16fe,computed
Gs_8SMV,api_gprotein,data/api/v1/systems/Gs_8SMV/gprotein_metrics.json,yes,191153,86430b271591c0b4292e20d8de513fd8bebd464ff1a97b5689c0e45a2f45f3d7,computed
Gs_8SMV,api_pocketgrid,data/api/v1/systems/Gs_8SMV/pocketgrid.npz,yes,8316510,,pending_binary_or_large_file
Gs_8SMV,chain_roles,data/chain_roles/Gs_8SMV_chain_roles.json,yes,382,3312e8964e5896150ffda2685603e889d4f64171c28edaae88f07bd310bf49e1,computed
Gs_8SMV,contacts,data/contacts/Gs_8SMV_contacts.parquet,yes,55420,,pending_binary_or_large_file
Gs_8U8F,viz_structure,data/viz/Gs_8U8F/structure.pdb,yes,1359018,,pending_binary_or_large_file
Gs_8U8F,viz_trajectory,data/viz/Gs_8U8F/traj.xtc,yes,159247112,,pending_binary_or_large_file
Gs_8U8F,api_index,data/api/v1/systems/Gs_8U8F/index.json,yes,1329,6749260088a049bd7992fbf5dd78c859441f976fb63b9f3e7d3f4e6bcb28709d,computed
Gs_8U8F,api_pockets,data/api/v1/systems/Gs_8U8F/pockets.json,yes,7925,813ad13f810eabd89645937bf5e009053815e8486a6ed36a9f001ce2096ab3d5,computed
Gs_8U8F,api_pockets_gpcrdb,data/api/v1/systems/Gs_8U8F/pockets_gpcrdb.json,yes,13047,a72992b0c9b483e457bbce6c33cbb4f2c5284eeab258cbdc90d08204f97b2398,computed
Gs_8U8F,api_gateways,data/api/v1/systems/Gs_8U8F/gateways.json,yes,8053,d340f7028e4db231e723bd0309c2403ff1dfb401030a2b8b61a86e0edec4cb55,computed
Gs_8U8F,api_gprotein,data/api/v1/systems/Gs_8U8F/gprotein_metrics.json,yes,193788,094d3a8614acc7327b61ac1704884f899b02d0c6476937050e170e2ce6fecf55,computed
Gs_8U8F,api_pocketgrid,data/api/v1/systems/Gs_8U8F/pocketgrid.npz,yes,6459774,,pending_binary_or_large_file
Gs_8U8F,chain_roles,data/chain_roles/Gs_8U8F_chain_roles.json,yes,470,b14efd8b98319aaa1fa0c22b953c336312b439c09d43e15e95e175ff563fa658,computed
Gs_8U8F,contacts,data/contacts/Gs_8U8F_contacts.parquet,yes,51489,,pending_binary_or_large_file
Gs_8W87,viz_structure,data/viz/Gs_8W87/structure.pdb,yes,1345329,,pending_binary_or_large_file
Gs_8W87,viz_trajectory,data/viz/Gs_8W87/traj.xtc,yes,157744424,,pending_binary_or_large_file
Gs_8W87,api_index,data/api/v1/systems/Gs_8W87/index.json,yes,1369,db1214684ebcdd9ff4c93ac8d321fb79b91298e7e15c49357226c6e043417d5f,computed
Gs_8W87,api_pockets,data/api/v1/systems/Gs_8W87/pockets.json,yes,9152,a7513a05863e6f5d997d53644ced8a07692004cba671023b84df7af6bf1e6c07,computed
Gs_8W87,api_pockets_gpcrdb,data/api/v1/systems/Gs_8W87/pockets_gpcrdb.json,yes,15370,409457ad1402f9361ec077b0fdb87d0cce8df9ec2c4f62ffdafbe8bfef09d16d,computed
Gs_8W87,api_gateways,data/api/v1/systems/Gs_8W87/gateways.json,yes,8035,3eb78142a136cfacdb4b68c07e17424e8a0754c91c333fcbe9c32e52e7040ded,computed
Gs_8W87,api_gprotein,data/api/v1/systems/Gs_8W87/gprotein_metrics.json,yes,173293,ac8e31afd411c22a07a2893faae46a30d3c1c430ed5b82c3b5aa90b076505055,computed
Gs_8W87,api_pocketgrid,data/api/v1/systems/Gs_8W87/pocketgrid.npz,yes,5916798,,pending_binary_or_large_file
Gs_8W87,chain_roles,data/chain_roles/Gs_8W87_chain_roles.json,yes,470,272b03bd6b5efffc0008d916a00b9a4546999b3294d9d419063006c75704c7fa,computed
Gs_8W87,contacts,data/contacts/Gs_8W87_contacts.parquet,yes,47062,,pending_binary_or_large_file
Gs_8W8Q,viz_structure,data/viz/Gs_8W8Q/structure.pdb,yes,1601208,,pending_binary_or_large_file
Gs_8W8Q,viz_trajectory,data/viz/Gs_8W8Q/traj.xtc,yes,188258448,,pending_binary_or_large_file
Gs_8W8Q,api_index,data/api/v1/systems/Gs_8W8Q/index.json,yes,1341,5dba083b8ef67fd143e703587ea0f4af90b06e5f66a1546f45f8c3826d801e25,computed
Gs_8W8Q,api_pockets,data/api/v1/systems/Gs_8W8Q/pockets.json,yes,5891,e8b0db686f686a8be75ee8f0373d9ae0f851ca52618bd7bcd3ccaba079da815f,computed
Gs_8W8Q,api_pockets_gpcrdb,data/api/v1/systems/Gs_8W8Q/pockets_gpcrdb.json,yes,9537,0ba34ac27daf067144faed74afc087855a0dbd3fb7d444228ae8db84e715e22f,computed
Gs_8W8Q,api_gateways,data/api/v1/systems/Gs_8W8Q/gateways.json,yes,8067,fcd4166634d415bb32770e5f331f023926d00374d3250dc3e8de219b447533f7,computed
Gs_8W8Q,api_gprotein,data/api/v1/systems/Gs_8W8Q/gprotein_metrics.json,yes,194602,749f7597f5e77f6d0ced2c07be200efdb783ae62f5f7f36a1b3aa8264f465c8b,computed
Gs_8W8Q,api_pocketgrid,data/api/v1/systems/Gs_8W8Q/pocketgrid.npz,yes,12211710,,pending_binary_or_large_file
Gs_8W8Q,chain_roles,data/chain_roles/Gs_8W8Q_chain_roles.json,yes,384,dedccfb8207cb1efd6d94a03f284df0922d71d3fbdd6caf0a74a2d9bf6a32457,computed
Gs_8W8Q,contacts,data/contacts/Gs_8W8Q_contacts.parquet,yes,60366,,pending_binary_or_large_file
Gs_8WJX,viz_structure,data/viz/Gs_8WJX/structure.pdb,yes,1346706,,pending_binary_or_large_file
Gs_8WJX,viz_trajectory,data/viz/Gs_8WJX/traj.xtc,yes,158668868,,pending_binary_or_large_file
Gs_8WJX,api_index,data/api/v1/systems/Gs_8WJX/index.json,yes,1310,dab55c96e910ea830501130852bd67fcd05de0a57714c2c1cfe5de3fd2fcb8a8,computed
Gs_8WJX,api_pockets,data/api/v1/systems/Gs_8WJX/pockets.json,yes,5761,1bd2ed61f88cafebac604ab2ef1939ff78f8afb91445aafcaec3ce2674da0c88,computed
Gs_8WJX,api_pockets_gpcrdb,data/api/v1/systems/Gs_8WJX/pockets_gpcrdb.json,yes,9122,5760748e342d57a343a2085d58a09ea6398ee0b63ffeea5733657bfe1b74ba1b,computed
Gs_8WJX,api_gateways,data/api/v1/systems/Gs_8WJX/gateways.json,yes,8057,5f0d3a2374a380a71596ca9a910073191b89ed73eca3b102ff5a3927323d2ccd,computed
Gs_8WJX,api_gprotein,data/api/v1/systems/Gs_8WJX/gprotein_metrics.json,yes,185659,6431f037aa56d7c44b315c682c3870fd2fc605de4717ef012da4dd8a8dda1a01,computed
Gs_8WJX,api_pocketgrid,data/api/v1/systems/Gs_8WJX/pocketgrid.npz,yes,6846398,,pending_binary_or_large_file
Gs_8WJX,chain_roles,data/chain_roles/Gs_8WJX_chain_roles.json,yes,382,1d6c4b115b1405093662c7e067a9f3edda09950d0107267fc223857c40bd1e53,computed
Gs_8WJX,contacts,data/contacts/Gs_8WJX_contacts.parquet,yes,47005,,pending_binary_or_large_file
Gs_8X79,viz_structure,data/viz/Gs_8X79/structure.pdb,yes,1396359,,pending_binary_or_large_file
Gs_8X79,viz_trajectory,data/viz/Gs_8X79/traj.xtc,yes,163921100,,pending_binary_or_large_file
Gs_8X79,api_index,data/api/v1/systems/Gs_8X79/index.json,yes,1392,6b365559c2ab198d57635e094a586089003b57fc3b104a8dd70327b55d26f624,computed
Gs_8X79,api_pockets,data/api/v1/systems/Gs_8X79/pockets.json,yes,7437,e6ce0248b066bd775a563677bc9f5c42fe6b87d8dd75b2299d0a08fb3c339dca,computed
Gs_8X79,api_pockets_gpcrdb,data/api/v1/systems/Gs_8X79/pockets_gpcrdb.json,yes,11821,8c9502ffd82d7e073cc1beffd012f2da163a255cde9bac96d2332c759c55b3a0,computed
Gs_8X79,api_gateways,data/api/v1/systems/Gs_8X79/gateways.json,yes,8036,fc19054fbdbd3e3f45a63bec916cd484fdc6810cc853e56ab62ca1654fd6ab2c,computed
Gs_8X79,api_gprotein,data/api/v1/systems/Gs_8X79/gprotein_metrics.json,yes,189840,d296c4119a820ff0c979e0286409d6533d9949b557376a4126bde63ab7cb8b8f,computed
Gs_8X79,api_pocketgrid,data/api/v1/systems/Gs_8X79/pocketgrid.npz,yes,6449662,,pending_binary_or_large_file
Gs_8X79,chain_roles,data/chain_roles/Gs_8X79_chain_roles.json,yes,382,b5cf6fc10324b251860b528aa8e9cec762fdd5c2cef5d5caa9e80045cbc199f1,computed
Gs_8X79,contacts,data/contacts/Gs_8X79_contacts.parquet,yes,50763,,pending_binary_or_large_file
Gs_8XVI,viz_structure,data/viz/Gs_8XVI/structure.pdb,yes,1477521,,pending_binary_or_large_file
Gs_8XVI,viz_trajectory,data/viz/Gs_8XVI/traj.xtc,yes,173324760,,pending_binary_or_large_file
Gs_8XVI,api_index,data/api/v1/systems/Gs_8XVI/index.json,yes,1322,c182ffbc1c5759282ee7e05ba689d02ca8833bdc4d55c0cbe622290fd3e05c43,computed
Gs_8XVI,api_pockets,data/api/v1/systems/Gs_8XVI/pockets.json,yes,6075,31f6ca0ba4a474ba044fe3ac06de3267a4ef14b4ff174c85c47d76c64590c099,computed
Gs_8XVI,api_pockets_gpcrdb,data/api/v1/systems/Gs_8XVI/pockets_gpcrdb.json,yes,9808,2d9ceec7b46990c67d1997e7b04d1c2241abd63573718a769fcf845a1d138093,computed
Gs_8XVI,api_gateways,data/api/v1/systems/Gs_8XVI/gateways.json,yes,8072,425d9556ade8b3fbc729c0139e334380e0ae950cb8b8e8f1f6ad6debb9a63cbc,computed
Gs_8XVI,api_gprotein,data/api/v1/systems/Gs_8XVI/gprotein_metrics.json,yes,194387,e980fce7bd4c32060ec53c4d4db1529bf6f089d8688aad6f78d364e2ecc66e28,computed
Gs_8XVI,api_pocketgrid,data/api/v1/systems/Gs_8XVI/pocketgrid.npz,yes,6948478,,pending_binary_or_large_file
Gs_8XVI,chain_roles,data/chain_roles/Gs_8XVI_chain_roles.json,yes,470,c89c37954919217a02890c49036d490adc5585b8ba8b1d54bbc03cf5e687115d,computed
Gs_8XVI,contacts,data/contacts/Gs_8XVI_contacts.parquet,yes,52266,,pending_binary_or_large_file
Gs_8YN2,viz_structure,data/viz/Gs_8YN2/structure.pdb,yes,1406484,,pending_binary_or_large_file
Gs_8YN2,viz_trajectory,data/viz/Gs_8YN2/traj.xtc,yes,165341044,,pending_binary_or_large_file
Gs_8YN2,api_index,data/api/v1/systems/Gs_8YN2/index.json,yes,1329,5c0bfa384301075502a112387249de0c065ee142e06196c5ba4701f9412c55c1,computed
Gs_8YN2,api_pockets,data/api/v1/systems/Gs_8YN2/pockets.json,yes,8982,aba363e71686e21d34f1d1aba77aa09df47612d50fab8626a5a74cccb7a7deb4,computed
Gs_8YN2,api_pockets_gpcrdb,data/api/v1/systems/Gs_8YN2/pockets_gpcrdb.json,yes,14783,d13d6e7d322b9053f506eb3aa7d9f7c2c6666da0685f5e49ef71baef931a1928,computed
Gs_8YN2,api_gateways,data/api/v1/systems/Gs_8YN2/gateways.json,yes,8034,09734adcd9ed89e491b961f5f335e8649b98550b32e04fa418abaa4e0ceef86e,computed
Gs_8YN2,api_gprotein,data/api/v1/systems/Gs_8YN2/gprotein_metrics.json,yes,120593,fc4ea7bdaf60637ba0b7fbd14e212bca4fb8a721965dd736370838597e38c0e5,computed
Gs_8YN2,api_pocketgrid,data/api/v1/systems/Gs_8YN2/pocketgrid.npz,yes,7074942,,pending_binary_or_large_file
Gs_8YN2,chain_roles,data/chain_roles/Gs_8YN2_chain_roles.json,yes,470,2f364f0682953e0c661a87699b8479462b9a6361cc86d0eb420f17314d0cf35a,computed
Gs_8YN2,contacts,data/contacts/Gs_8YN2_contacts.parquet,yes,53621,,pending_binary_or_large_file
Gs_8YUT,viz_structure,data/viz/Gs_8YUT/structure.pdb,yes,1348326,,pending_binary_or_large_file
Gs_8YUT,viz_trajectory,data/viz/Gs_8YUT/traj.xtc,yes,158224820,,pending_binary_or_large_file
Gs_8YUT,api_index,data/api/v1/systems/Gs_8YUT/index.json,yes,1368,80fd25712683dc0ede4d3196e3fb5d2995eef6811e8ca84e51a7677b1ab3e8c8,computed
Gs_8YUT,api_pockets,data/api/v1/systems/Gs_8YUT/pockets.json,yes,8447,bb65141088f85b9480ec7308f7d1ab607f846d34af9a0c3ab362960e5f37e0ca,computed
Gs_8YUT,api_pockets_gpcrdb,data/api/v1/systems/Gs_8YUT/pockets_gpcrdb.json,yes,13595,f5cd3b42e19c04e12c7d7e39a5dca9c31c34598988abc34a3096971bff2d404d,computed
Gs_8YUT,api_gateways,data/api/v1/systems/Gs_8YUT/gateways.json,yes,8065,a5e6286923244ab79326bed6fd0e03c896cf0c5fb03b34b00a5f96bc9eab93b2,computed
Gs_8YUT,api_gprotein,data/api/v1/systems/Gs_8YUT/gprotein_metrics.json,yes,178237,5db6a1592377ed5c13f839cce88ed2b68445b8cc5e38e022c28a6b78b2c5c70a,computed
Gs_8YUT,api_pocketgrid,data/api/v1/systems/Gs_8YUT/pocketgrid.npz,yes,5975710,,pending_binary_or_large_file
Gs_8YUT,chain_roles,data/chain_roles/Gs_8YUT_chain_roles.json,yes,382,a8a34d6649f3824067a47047df4116d91cba5c57f95796f89edcd6d428bc1789,computed
Gs_8YUT,contacts,data/contacts/Gs_8YUT_contacts.parquet,yes,46950,,pending_binary_or_large_file
Gs_8YUV,viz_structure,data/viz/Gs_8YUV/structure.pdb,yes,1447551,,pending_binary_or_large_file
Gs_8YUV,viz_trajectory,data/viz/Gs_8YUV/traj.xtc,yes,170252900,,pending_binary_or_large_file
Gs_8YUV,api_index,data/api/v1/systems/Gs_8YUV/index.json,yes,1358,132f1eea6eceb3c58011672a8966aec2d566b046125b90bebd84ab50e5cfe86a,computed
Gs_8YUV,api_pockets,data/api/v1/systems/Gs_8YUV/pockets.json,yes,7075,be999ceba3d5c067e9599f4ac726f609c49d80a6668e91cf2e81c6334b9369a6,computed
Gs_8YUV,api_pockets_gpcrdb,data/api/v1/systems/Gs_8YUV/pockets_gpcrdb.json,yes,11540,7bb255225a6eda2a181f0bfc3f61ce882f8633f66fe3c0fe36edeb833365f666,computed
Gs_8YUV,api_gateways,data/api/v1/systems/Gs_8YUV/gateways.json,yes,8076,6bf55c85117465bc4138d073a5633736de977ced38924d04941a291a8293bb2c,computed
Gs_8YUV,api_gprotein,data/api/v1/systems/Gs_8YUV/gprotein_metrics.json,yes,174261,0e0926e5a7b66b6ba531206510c5d16f18cf1173edea2b3d80a462138b62ac56,computed
Gs_8YUV,api_pocketgrid,data/api/v1/systems/Gs_8YUV/pocketgrid.npz,yes,9778110,,pending_binary_or_large_file
Gs_8YUV,chain_roles,data/chain_roles/Gs_8YUV_chain_roles.json,yes,382,18473087b3143bb2d7f35b614541f5f3d843d7df310f996c0016b8746b118bac,computed
Gs_8YUV,contacts,data/contacts/Gs_8YUV_contacts.parquet,yes,54597,,pending_binary_or_large_file
Gs_9BLC,viz_structure,data/viz/Gs_9BLC/structure.pdb,yes,1539891,,pending_binary_or_large_file
Gs_9BLC,viz_trajectory,data/viz/Gs_9BLC/traj.xtc,yes,181230412,,pending_binary_or_large_file
Gs_9BLC,api_index,data/api/v1/systems/Gs_9BLC/index.json,yes,1320,d04de6086dca8db76afe5aae9c7ea8041093b0914554e651d736f0118b52d775,computed
Gs_9BLC,api_pockets,data/api/v1/systems/Gs_9BLC/pockets.json,yes,5042,bb2590f9fa89e9dd879a13e4f3c51b3e74084697f9d7059b0e07747fa41e61fb,computed
Gs_9BLC,api_pockets_gpcrdb,data/api/v1/systems/Gs_9BLC/pockets_gpcrdb.json,yes,7422,f7ef6ef6fdec4de4075bf336aaefd7fc5b7f2108ae24aa1ee23b48cd1354c35f,computed
Gs_9BLC,api_gateways,data/api/v1/systems/Gs_9BLC/gateways.json,yes,8007,b26886aaa8bc22c21e125d931243f13876f45846454d72aa2bac5642cf3dd5b2,computed
Gs_9BLC,api_gprotein,data/api/v1/systems/Gs_9BLC/gprotein_metrics.json,yes,189236,73c3e58ac973fe51db8c52374f532f5c9c5bdf06cc0a49ddc7121272b4ff9cac,computed
Gs_9BLC,api_pocketgrid,data/api/v1/systems/Gs_9BLC/pocketgrid.npz,yes,8326014,,pending_binary_or_large_file
Gs_9BLC,chain_roles,data/chain_roles/Gs_9BLC_chain_roles.json,yes,468,40fc06e0d6d9cd6a2a1314cf390fc575cc96d9963587f4f2440bd994b1e4d198,computed
Gs_9BLC,contacts,data/contacts/Gs_9BLC_contacts.parquet,yes,53338,,pending_binary_or_large_file
Gi_6LML,viz_structure,data/viz/Gi_6LML/structure.pdb,yes,1426086,,pending_binary_or_large_file
Gi_6LML,viz_trajectory,data/viz/Gi_6LML/traj.xtc,yes,167816420,,pending_binary_or_large_file
Gi_6LML,api_index,data/api/v1/systems/Gi_6LML/index.json,yes,1316,76608438f20c9eca26a7cad0edca48866d1468b8ed14f16c0fad1a9ff6f9c3f1,computed
Gi_6LML,api_pockets,data/api/v1/systems/Gi_6LML/pockets.json,yes,6910,e7c9206b10cbff279423f3eadd39d168c19e5ec1315f4709180c2ec3e4e1f621,computed
Gi_6LML,api_pockets_gpcrdb,data/api/v1/systems/Gi_6LML/pockets_gpcrdb.json,yes,10843,ca00a19f6ace9f9912ff9c71321721eade881fa9a7a888ee5065509ba60bf06d,computed
Gi_6LML,api_gateways,data/api/v1/systems/Gi_6LML/gateways.json,yes,8042,769b3d2921cd6f116ac6bbf3c8dc6833165d53496bf3daec9e0332af987b022c,computed
Gi_6LML,api_gprotein,data/api/v1/systems/Gi_6LML/gprotein_metrics.json,yes,172856,0cf021b457e16c33f1864a534b49389d9cdb17ca2d12f734f033fdf91e84a343,computed
Gi_6LML,api_pocketgrid,data/api/v1/systems/Gi_6LML/pocketgrid.npz,yes,8416190,,pending_binary_or_large_file
Gi_6LML,chain_roles,data/chain_roles/Gi_6LML_chain_roles.json,yes,468,2804d1f2ae6b5ae9be3368e498dde1d4137edb722d051f02b84b300eba23bbf2,computed
Gi_6LML,contacts,data/contacts/Gi_6LML_contacts.parquet,yes,50177,,pending_binary_or_large_file
Gi_7TS0,viz_structure,data/viz/Gi_7TS0/structure.pdb,yes,1518669,,pending_binary_or_large_file
Gi_7TS0,viz_trajectory,data/viz/Gi_7TS0/traj.xtc,yes,178667040,,pending_binary_or_large_file
Gi_7TS0,api_index,data/api/v1/systems/Gi_7TS0/index.json,yes,1341,d447a089ee13660fcdb37cf0f1e9af6fea706f16366643ec23d25c24c8559256,computed
Gi_7TS0,api_pockets,data/api/v1/systems/Gi_7TS0/pockets.json,yes,5262,4439dc27f979f3b2136fb28bb6c2efa248fdc64b9c7a6818c9869e6309a4d39f,computed
Gi_7TS0,api_pockets_gpcrdb,data/api/v1/systems/Gi_7TS0/pockets_gpcrdb.json,yes,7854,061f12e00ee08f19752421539fd3ef6ace6bd0728a553ab8d90eb860b440b00a,computed
Gi_7TS0,api_gateways,data/api/v1/systems/Gi_7TS0/gateways.json,yes,8027,0de118c8ff843891f288dc6ad3449ffd172b9d45b6bfdd927242313d0bf9cdb8,computed
Gi_7TS0,api_gprotein,data/api/v1/systems/Gi_7TS0/gprotein_metrics.json,yes,174569,676d0606f3bc5f1e77bf0e871c0b69099e7f4396cf097387e803e6b8dff49185,computed
Gi_7TS0,api_pocketgrid,data/api/v1/systems/Gi_7TS0/pocketgrid.npz,yes,8014718,,pending_binary_or_large_file
Gi_7TS0,chain_roles,data/chain_roles/Gi_7TS0_chain_roles.json,yes,470,677fa1193a4020bbea5eb9fd742e5149811415931d12055e0b520a90b5ed6633,computed
Gi_7TS0,contacts,data/contacts/Gi_7TS0_contacts.parquet,yes,52750,,pending_binary_or_large_file
Gq_7TRY,viz_structure,data/viz/Gq_7TRY/structure.pdb,yes,1467072,,pending_binary_or_large_file
Gq_7TRY,viz_trajectory,data/viz/Gq_7TRY/traj.xtc,yes,172529592,,pending_binary_or_large_file
Gq_7TRY,api_index,data/api/v1/systems/Gq_7TRY/index.json,yes,1341,0308daf385725cb8679316aaf006b871c469a6aa8e3092bc4411a0c378ce0c0d,computed
Gq_7TRY,api_pockets,data/api/v1/systems/Gq_7TRY/pockets.json,yes,4014,9c8adccf71044110dcd74462de33c7d58eae6186aa38beccb1686ece0271158d,computed
Gq_7TRY,api_pockets_gpcrdb,data/api/v1/systems/Gq_7TRY/pockets_gpcrdb.json,yes,5676,771fa08a599de9de1d0c6037c2a9c90ceb9481d043e83605ecd8a143f6dece82,computed
Gq_7TRY,api_gateways,data/api/v1/systems/Gq_7TRY/gateways.json,yes,8029,a64cbb5774b333c9c21a926406a756b20b52c3c5f2bb2d0dbbc3708365411cac,computed
Gq_7TRY,api_gprotein,data/api/v1/systems/Gq_7TRY/gprotein_metrics.json,yes,172531,b2555bb8ad82d8d71702bff1cd63edc9c76cdb3cb1ecd19d6960c597769d29b1,computed
Gq_7TRY,api_pocketgrid,data/api/v1/systems/Gq_7TRY/pocketgrid.npz,yes,7806462,,pending_binary_or_large_file
Gq_7TRY,chain_roles,data/chain_roles/Gq_7TRY_chain_roles.json,yes,470,08ea1296342abc9ddb9f7a16128efea6f821130570dd650a5849f0acdc797a06,computed
Gq_7TRY,contacts,data/contacts/Gq_7TRY_contacts.parquet,yes,50984,,pending_binary_or_large_file
Gs_6NBI,viz_structure,data/viz/Gs_6NBI/structure.pdb,yes,1624941,,pending_binary_or_large_file
Gs_6NBI,viz_trajectory,data/viz/Gs_6NBI/traj.xtc,yes,191097428,,pending_binary_or_large_file
Gs_6NBI,api_index,data/api/v1/systems/Gs_6NBI/index.json,yes,1364,f2e0eca7454f2119e96e8e46430c9e42b6cb490877e637b9211f3932234bd449,computed
Gs_6NBI,api_pockets,data/api/v1/systems/Gs_6NBI/pockets.json,yes,7351,d482ab6adcf7533e7a27b4d464ec679298afee612c5b6b8818a67dfe19d2d963,computed
Gs_6NBI,api_pockets_gpcrdb,data/api/v1/systems/Gs_6NBI/pockets_gpcrdb.json,yes,11245,9c9904f6eccc011f47c330c88a7d2dda2c3be3d029b2c7b1ba927e25d3c0fda1,computed
Gs_6NBI,api_gateways,data/api/v1/systems/Gs_6NBI/gateways.json,yes,8033,d19cfe76d296d96c9d863aa01862a639a3b674bfe0a6b6b303c3c9927caecf2c,computed
Gs_6NBI,api_gprotein,data/api/v1/systems/Gs_6NBI/gprotein_metrics.json,yes,189392,a218cb1694f67c9ae33c7e09f47e9baeffb745db87aeba4c1b7632863dd0697d,computed
Gs_6NBI,api_pocketgrid,data/api/v1/systems/Gs_6NBI/pocketgrid.npz,yes,10017278,,pending_binary_or_large_file
Gs_6NBI,chain_roles,data/chain_roles/Gs_6NBI_chain_roles.json,yes,468,9ecfe765e385d62b26e43472c59b28f1606f084c5528927ba3f5c8600619efc1,computed
Gs_6NBI,contacts,data/contacts/Gs_6NBI_contacts.parquet,yes,56576,,pending_binary_or_large_file
Gs_6PB0,viz_structure,data/viz/Gs_6PB0/structure.pdb,yes,1527174,,pending_binary_or_large_file
Gs_6PB0,viz_trajectory,data/viz/Gs_6PB0/traj.xtc,yes,179561560,,pending_binary_or_large_file
Gs_6PB0,api_index,data/api/v1/systems/Gs_6PB0/index.json,yes,1341,e98a3b17f67b790c8ee5290d40616300045a20662011f644d5a414d972deffe1,computed
Gs_6PB0,api_pockets,data/api/v1/systems/Gs_6PB0/pockets.json,yes,6042,85c77a7e60056ff6d444c5947a0101366934fb27d090dae2486fc76a7c0fecab,computed
Gs_6PB0,api_pockets_gpcrdb,data/api/v1/systems/Gs_6PB0/pockets_gpcrdb.json,yes,9142,5fa97a738897246f3ea7b872a8af93c24a8b692414820612559a161417667430,computed
Gs_6PB0,api_gateways,data/api/v1/systems/Gs_6PB0/gateways.json,yes,8012,7e0bf4e6456cbb5eade7a8e4043f8682559233efa77af0830c2a7161ba368fe3,computed
Gs_6PB0,api_gprotein,data/api/v1/systems/Gs_6PB0/gprotein_metrics.json,yes,188886,1528db502080141d89fdee7b3f980c2ce7e9fced30dbae165167465003ad80e3,computed
Gs_6PB0,api_pocketgrid,data/api/v1/systems/Gs_6PB0/pocketgrid.npz,yes,8680510,,pending_binary_or_large_file
Gs_6PB0,chain_roles,data/chain_roles/Gs_6PB0_chain_roles.json,yes,470,b5d78d8e02144b2b6025a3ff34b58f7d5bc1fad3d39aa2baa976e5097f98ca01,computed
Gs_6PB0,contacts,data/contacts/Gs_6PB0_contacts.parquet,yes,53103,,pending_binary_or_large_file
Gs_6PB1,viz_structure,data/viz/Gs_6PB1/structure.pdb,yes,1518588,,pending_binary_or_large_file
Gs_6PB1,viz_trajectory,data/viz/Gs_6PB1/traj.xtc,yes,178706404,,pending_binary_or_large_file
Gs_6PB1,api_index,data/api/v1/systems/Gs_6PB1/index.json,yes,1341,47fde731115af4d9c24c921f5220178461d22ce193b20d96c8596d51bfb87e6a,computed
Gs_6PB1,api_pockets,data/api/v1/systems/Gs_6PB1/pockets.json,yes,5681,0c7b5d29f0745ef05be1d063e4eaa39bb581c1381e4f9f98da45069a49dde234,computed
Gs_6PB1,api_pockets_gpcrdb,data/api/v1/systems/Gs_6PB1/pockets_gpcrdb.json,yes,8490,f70062407f66c5e3fb3c26c7aab8af064e7efb83f2cd6fc480f3907f703a05bd,computed
Gs_6PB1,api_gateways,data/api/v1/systems/Gs_6PB1/gateways.json,yes,8004,74a558b90c978068c7dda68e768ad4c6d822621ce6a08ca1febed07134da5965,computed
Gs_6PB1,api_gprotein,data/api/v1/systems/Gs_6PB1/gprotein_metrics.json,yes,189068,d5db77d5c21e27d2e5c3b93772b9b20ee725a20ad0c9ee94ec7644e6b134b4c6,computed
Gs_6PB1,api_pocketgrid,data/api/v1/systems/Gs_6PB1/pocketgrid.npz,yes,8663710,,pending_binary_or_large_file
Gs_6PB1,chain_roles,data/chain_roles/Gs_6PB1_chain_roles.json,yes,470,7b279102c72064b08659e38bc396d4f3270299bbe6fd6a6bbf005bf8a53c32fd,computed
Gs_6PB1,contacts,data/contacts/Gs_6PB1_contacts.parquet,yes,52190,,pending_binary_or_large_file
Gs_6UVA,viz_structure,data/viz/Gs_6UVA/structure.pdb,yes,1677753,,pending_binary_or_large_file
Gs_6UVA,viz_trajectory,data/viz/Gs_6UVA/traj.xtc,yes,197280700,,pending_binary_or_large_file
Gs_6UVA,api_index,data/api/v1/systems/Gs_6UVA/index.json,yes,1348,b0f2be1a9fafa2ae0d7f40542b32c586a2dad61adfb7930de0d650edb0bd9253,computed
Gs_6UVA,api_pockets,data/api/v1/systems/Gs_6UVA/pockets.json,yes,7269,63d0f8e16bb6f02181480cbff8b67280a3f30cf6153c064d70cf7136fa685db0,computed
Gs_6UVA,api_pockets_gpcrdb,data/api/v1/systems/Gs_6UVA/pockets_gpcrdb.json,yes,11189,3f80cdfcd1839806e82977080d52aebe0c166cb7330f9b81f7561c9e85bf0f66,computed
Gs_6UVA,api_gateways,data/api/v1/systems/Gs_6UVA/gateways.json,yes,7948,d6b6fff1ee1b44527cbf0c2f9ae7778fdf3e6cf970606202446727be181c3f09,computed
Gs_6UVA,api_gprotein,data/api/v1/systems/Gs_6UVA/gprotein_metrics.json,yes,186749,0d1a946ee22ce3aea0ecf51e17b429eedafeb0337c1f90f625dcab670fcc8048,computed
Gs_6UVA,api_pocketgrid,data/api/v1/systems/Gs_6UVA/pocketgrid.npz,yes,8745982,,pending_binary_or_large_file
Gs_6UVA,chain_roles,data/chain_roles/Gs_6UVA_chain_roles.json,yes,555,9946c0340138df5bc8f52c2a7dc805aaa7fd3799016d184555bf33b250cd9b30,computed
Gs_6UVA,contacts,data/contacts/Gs_6UVA_contacts.parquet,yes,56299,,pending_binary_or_large_file
Gs_6WZG,viz_structure,data/viz/Gs_6WZG/structure.pdb,yes,1521099,,pending_binary_or_large_file
Gs_6WZG,viz_trajectory,data/viz/Gs_6WZG/traj.xtc,yes,178935120,,pending_binary_or_large_file
Gs_6WZG,api_index,data/api/v1/systems/Gs_6WZG/index.json,yes,1316,1efa803f7cda8be50fcc1198108fbc7aaecbe7c79349e876cdc447be2ee254e0,computed
Gs_6WZG,api_pockets,data/api/v1/systems/Gs_6WZG/pockets.json,yes,6723,444eb81bdb25ca2c7d46f31d3f58a6b2a2f02f7fe51f8d631c3d2653db4da2c5,computed
Gs_6WZG,api_pockets_gpcrdb,data/api/v1/systems/Gs_6WZG/pockets_gpcrdb.json,yes,10679,8fa58bba9de9bb226fa0c7938aa159fb6e2b11ab7ac3467b9ddc0592d591b5e5,computed
Gs_6WZG,api_gateways,data/api/v1/systems/Gs_6WZG/gateways.json,yes,8038,574680f458927f5138c785134e20d2b92f22c676e55ac18df5ef9c0606413e0c,computed
Gs_6WZG,api_gprotein,data/api/v1/systems/Gs_6WZG/gprotein_metrics.json,yes,189008,a3b560be629546c940bc48e102ebd5ffa6502e0ceee04dea13f45437f70a3749,computed
Gs_6WZG,api_pocketgrid,data/api/v1/systems/Gs_6WZG/pocketgrid.npz,yes,8370686,,pending_binary_or_large_file
Gs_6WZG,chain_roles,data/chain_roles/Gs_6WZG_chain_roles.json,yes,468,e4de245c08bdb6d3230b05cc8fd1145ee372568242ee4fd9d9abea37f5e9f4fb,computed
Gs_6WZG,contacts,data/contacts/Gs_6WZG_contacts.parquet,yes,53725,,pending_binary_or_large_file
Gs_7D68,viz_structure,data/viz/Gs_7D68/structure.pdb,yes,1561356,,pending_binary_or_large_file
Gs_7D68,viz_trajectory,data/viz/Gs_7D68/traj.xtc,yes,183487528,,pending_binary_or_large_file
Gs_7D68,api_index,data/api/v1/systems/Gs_7D68/index.json,yes,1332,c2dd72c1b43f089c3a611098ab78dea18004e43f434de38e6451a59695059e3e,computed
Gs_7D68,api_pockets,data/api/v1/systems/Gs_7D68/pockets.json,yes,9066,5d3616a35d6f72560e6729a5902a72f01b2cc898f6e11c771786399beeb84339,computed
Gs_7D68,api_pockets_gpcrdb,data/api/v1/systems/Gs_7D68/pockets_gpcrdb.json,yes,14377,d0713ba1781b7d1b442a297e3cec995af5efa27641061f7f570304804208ebd4,computed
Gs_7D68,api_gateways,data/api/v1/systems/Gs_7D68/gateways.json,yes,8040,d481b4f3bd9a76aa5f5fb8d6565b35e4c7bd0f2bea9dbdfa69e7b508c62ddc9e,computed
Gs_7D68,api_gprotein,data/api/v1/systems/Gs_7D68/gprotein_metrics.json,yes,189564,62c58b244f56adb8c71f6464ff29e183aa4f220140886fc66b3e8d6e56f93fb7,computed
Gs_7D68,api_pocketgrid,data/api/v1/systems/Gs_7D68/pocketgrid.npz,yes,9039614,,pending_binary_or_large_file
Gs_7D68,chain_roles,data/chain_roles/Gs_7D68_chain_roles.json,yes,468,3b3e2029ce71aec1a59b0d039f7589f00aa238d046aef7ef337f9205ece2b040,computed
Gs_7D68,contacts,data/contacts/Gs_7D68_contacts.parquet,yes,53049,,pending_binary_or_large_file
Gs_7DUQ,viz_structure,data/viz/Gs_7DUQ/structure.pdb,yes,1553661,,pending_binary_or_large_file
Gs_7DUQ,viz_trajectory,data/viz/Gs_7DUQ/traj.xtc,yes,182317468,,pending_binary_or_large_file
Gs_7DUQ,api_index,data/api/v1/systems/Gs_7DUQ/index.json,yes,1380,6d8db09a50063d7255cf645569336b806a6d88d248f6de12ef14a7e0d540e847,computed
Gs_7DUQ,api_pockets,data/api/v1/systems/Gs_7DUQ/pockets.json,yes,7364,36f7aad9c10f502554eca3fcd11dd8a9730a3b2250575c31dac5ba13d5d23a97,computed
Gs_7DUQ,api_pockets_gpcrdb,data/api/v1/systems/Gs_7DUQ/pockets_gpcrdb.json,yes,11760,bea5b4b38ed00ee4245a9f12d10a430fbcc0b32ded7719d673e58af9a717c134,computed
Gs_7DUQ,api_gateways,data/api/v1/systems/Gs_7DUQ/gateways.json,yes,8049,1c0fe66c451ae922830daea4db521e600421de3092e826c4740d36160b8a81c8,computed
Gs_7DUQ,api_gprotein,data/api/v1/systems/Gs_7DUQ/gprotein_metrics.json,yes,189310,dbc0c008d291fab6469b4902ff15cb2494448d2967e7197ffff9df41faffdabf,computed
Gs_7DUQ,api_pocketgrid,data/api/v1/systems/Gs_7DUQ/pocketgrid.npz,yes,7419390,,pending_binary_or_large_file
Gs_7DUQ,chain_roles,data/chain_roles/Gs_7DUQ_chain_roles.json,yes,468,945a821bd088b257ee18139f3cbc530219574b058e43e0f1df5b786ba853c396,computed
Gs_7DUQ,contacts,data/contacts/Gs_7DUQ_contacts.parquet,yes,53470,,pending_binary_or_large_file
Gs_7F16,viz_structure,data/viz/Gs_7F16/structure.pdb,yes,1567107,,pending_binary_or_large_file
Gs_7F16,viz_trajectory,data/viz/Gs_7F16/traj.xtc,yes,184313860,,pending_binary_or_large_file
Gs_7F16,api_index,data/api/v1/systems/Gs_7F16/index.json,yes,1330,d8164aa94bcd53fe474dbd67f62b1b4b9e2c00b269ca63e53b31ddc155e5abdd,computed
Gs_7F16,api_pockets,data/api/v1/systems/Gs_7F16/pockets.json,yes,7909,f252c8b8cc0ddc7f80f69dffb2ab2337d3a0232758ec08c7f8da7581bed6bcce,computed
Gs_7F16,api_pockets_gpcrdb,data/api/v1/systems/Gs_7F16/pockets_gpcrdb.json,yes,12309,ece69af3f0a4aa56f850aa13deb421c0137735e785ff956a586fa50ae81c866d,computed
Gs_7F16,api_gateways,data/api/v1/systems/Gs_7F16/gateways.json,yes,8069,4fee452f3e7645a0d928db3fdd8a40ff480f040e7d3e2131d8fc6f64ad25b76a,computed
Gs_7F16,api_gprotein,data/api/v1/systems/Gs_7F16/gprotein_metrics.json,yes,189964,e22c2de9b86ebba29716e22aea52396352660d27c78245290a5634dac0898a18,computed
Gs_7F16,api_pocketgrid,data/api/v1/systems/Gs_7F16/pocketgrid.npz,yes,8305950,,pending_binary_or_large_file
Gs_7F16,chain_roles,data/chain_roles/Gs_7F16_chain_roles.json,yes,468,13cbe5738c5061989dc09081ca602fc7fb2b5b0be6284c85a3ff6f2cde0d22db,computed
Gs_7F16,contacts,data/contacts/Gs_7F16_contacts.parquet,yes,52342,,pending_binary_or_large_file
Gs_7FIN,viz_structure,data/viz/Gs_7FIN/structure.pdb,yes,1545804,,pending_binary_or_large_file
Gs_7FIN,viz_trajectory,data/viz/Gs_7FIN/traj.xtc,yes,181821792,,pending_binary_or_large_file
Gs_7FIN,api_index,data/api/v1/systems/Gs_7FIN/index.json,yes,1358,4dd7efe5f484f6cba9ebc20b2a456633b57fe7da402f9715aa4a3875a78f4a29,computed
Gs_7FIN,api_pockets,data/api/v1/systems/Gs_7FIN/pockets.json,yes,7744,94a2468c80e5b2d7caea7337164bf0ead13a68700c213e1d4bba9bc83b2ea37e,computed
Gs_7FIN,api_pockets_gpcrdb,data/api/v1/systems/Gs_7FIN/pockets_gpcrdb.json,yes,12157,6cee96240cf4c17274c9ce046d3f7c0a827ca7c96206e1a29058bcfec60014d7,computed
Gs_7FIN,api_gateways,data/api/v1/systems/Gs_7FIN/gateways.json,yes,8030,cd40f8f6a85757201a4c9a1ab3103c648ad8f0cfc10ea1d0c5514324d4a897ac,computed
Gs_7FIN,api_gprotein,data/api/v1/systems/Gs_7FIN/gprotein_metrics.json,yes,190336,1b664c60268a48c00684d8dd29a972bb8a99fa8bad3fc8f9f3e8d33d564e57c8,computed
Gs_7FIN,api_pocketgrid,data/api/v1/systems/Gs_7FIN/pocketgrid.npz,yes,9484974,,pending_binary_or_large_file
Gs_7FIN,chain_roles,data/chain_roles/Gs_7FIN_chain_roles.json,yes,468,59a2004d471ac639928a7a76e8e95322223784a55979d9de8a7086db5885f204,computed
Gs_7FIN,contacts,data/contacts/Gs_7FIN_contacts.parquet,yes,52323,,pending_binary_or_large_file
Gs_7V9M,viz_structure,data/viz/Gs_7V9M/structure.pdb,yes,1373598,,pending_binary_or_large_file
Gs_7V9M,viz_trajectory,data/viz/Gs_7V9M/traj.xtc,yes,161232348,,pending_binary_or_large_file
Gs_7V9M,api_index,data/api/v1/systems/Gs_7V9M/index.json,yes,1330,effb79eaaef41cc8dc1b052ffa724ac29337f6487931130722fcc6e8f25ecdcb,computed
Gs_7V9M,api_pockets,data/api/v1/systems/Gs_7V9M/pockets.json,yes,8077,62d8f4d913e6eb0a07d409538eaaafc8e6dd8e27b620c5bab40623baa32a1973,computed
Gs_7V9M,api_pockets_gpcrdb,data/api/v1/systems/Gs_7V9M/pockets_gpcrdb.json,yes,12890,180ad1130ad8846bfa2b51589c2dfc5497662d3aac91929068dad09dba29bab9,computed
Gs_7V9M,api_gateways,data/api/v1/systems/Gs_7V9M/gateways.json,yes,8043,c997f256dbd3f7659335f00c0b354af5ac60c68e30059819b980b59efa3acdc0,computed
Gs_7V9M,api_gprotein,data/api/v1/systems/Gs_7V9M/gprotein_metrics.json,yes,189872,0a631d57bbf372f78875579537eeb1ae98c897058f7f48bfe483b1079afa451f,computed
Gs_7V9M,api_pocketgrid,data/api/v1/systems/Gs_7V9M/pocketgrid.npz,yes,6633150,,pending_binary_or_large_file
Gs_7V9M,chain_roles,data/chain_roles/Gs_7V9M_chain_roles.json,yes,470,408bd6676d0802481b3410f3febb55138a5f4d9fddbbcb3a2011c76d8b3b23fd,computed
Gs_7V9M,contacts,data/contacts/Gs_7V9M_contacts.parquet,yes,50456,,pending_binary_or_large_file
Gs_7WBJ,viz_structure,data/viz/Gs_7WBJ/structure.pdb,yes,1509192,,pending_binary_or_large_file
Gs_7WBJ,viz_trajectory,data/viz/Gs_7WBJ/traj.xtc,yes,177641396,,pending_binary_or_large_file
Gs_7WBJ,api_index,data/api/v1/systems/Gs_7WBJ/index.json,yes,1344,34d38573b5a885d6cb8b23318494fb084da3a6e997d081b50d62279e9df5bd63,computed
Gs_7WBJ,api_pockets,data/api/v1/systems/Gs_7WBJ/pockets.json,yes,6661,d512e72c113700408b8644c720773b7edd86b2c06856952ca0b135f7bb9edfb2,computed
Gs_7WBJ,api_pockets_gpcrdb,data/api/v1/systems/Gs_7WBJ/pockets_gpcrdb.json,yes,10122,cfb3bee65f25a508c4c4bbe641c3c8834beabcb7e988f5e3152cfae00a11f16e,computed
Gs_7WBJ,api_gateways,data/api/v1/systems/Gs_7WBJ/gateways.json,yes,8018,66facdfbcb8f3fc97f444aa1d6f97e6fc7e6fc16bd4c3e08807de229d12a81a1,computed
Gs_7WBJ,api_gprotein,data/api/v1/systems/Gs_7WBJ/gprotein_metrics.json,yes,190630,e084624a60956399ffcd0a0cee17643a7094afadeb228cad085def2188f6acba,computed
Gs_7WBJ,api_pocketgrid,data/api/v1/systems/Gs_7WBJ/pocketgrid.npz,yes,8138094,,pending_binary_or_large_file
Gs_7WBJ,chain_roles,data/chain_roles/Gs_7WBJ_chain_roles.json,yes,468,688421ad16fef7364e373cc6225ce7c1c82e7c0f5cd3c4b09b5888d62e14eed8,computed
Gs_7WBJ,contacts,data/contacts/Gs_7WBJ_contacts.parquet,yes,51778,,pending_binary_or_large_file
Gs_8E3X,viz_structure,data/viz/Gs_8E3X/structure.pdb,yes,1536975,,pending_binary_or_large_file
Gs_8E3X,viz_trajectory,data/viz/Gs_8E3X/traj.xtc,yes,180871056,,pending_binary_or_large_file
Gs_8E3X,api_index,data/api/v1/systems/Gs_8E3X/index.json,yes,1370,bcce0a9949a58c8014390d0dc616397486ea33215007590593c9e03381e85805,computed
Gs_8E3X,api_pockets,data/api/v1/systems/Gs_8E3X/pockets.json,yes,6297,bec0d03845928aa5125aa4a7f89a0c7f42242e02871b2530a4939688f2e92ed7,computed
Gs_8E3X,api_pockets_gpcrdb,data/api/v1/systems/Gs_8E3X/pockets_gpcrdb.json,yes,9445,5a3441f165c61d6b8f62ea0a07f01ba322d9177b311476cfc0070ca184f63630,computed
Gs_8E3X,api_gateways,data/api/v1/systems/Gs_8E3X/gateways.json,yes,8008,020863ac1e7f118bc0e6c53865352f8216c015694820926f4a26d6a99aeb735e,computed
Gs_8E3X,api_gprotein,data/api/v1/systems/Gs_8E3X/gprotein_metrics.json,yes,189152,b5f47318177d77258ac487a18997e6212f51c20ee41f219351cbf4e0377c165d,computed
Gs_8E3X,api_pocketgrid,data/api/v1/systems/Gs_8E3X/pocketgrid.npz,yes,9605310,,pending_binary_or_large_file
Gs_8E3X,chain_roles,data/chain_roles/Gs_8E3X_chain_roles.json,yes,468,9c51914f0a94493d3703c3d82a92483e86f365fb3016f973d47f049388b04796,computed
Gs_8E3X,contacts,data/contacts/Gs_8E3X_contacts.parquet,yes,54100,,pending_binary_or_large_file
Gs_8E3Y,viz_structure,data/viz/Gs_8E3Y/structure.pdb,yes,1511298,,pending_binary_or_large_file
Gs_8E3Y,viz_trajectory,data/viz/Gs_8E3Y/traj.xtc,yes,177799360,,pending_binary_or_large_file
Gs_8E3Y,api_index,data/api/v1/systems/Gs_8E3Y/index.json,yes,1344,7266d55d344995207d28103c6295660354ea9dc77c510bbed4a8702886df6cf8,computed
Gs_8E3Y,api_pockets,data/api/v1/systems/Gs_8E3Y/pockets.json,yes,6506,c1eb02f5298b45b03854c2d02329635d4599b837224f9c413f5a9f437a3984b4,computed
Gs_8E3Y,api_pockets_gpcrdb,data/api/v1/systems/Gs_8E3Y/pockets_gpcrdb.json,yes,9570,b29571e3ed9168516e77bc9cb8ea9e9f7814f85e318e23083f6a2ab15f5f9ccd,computed
Gs_8E3Y,api_gateways,data/api/v1/systems/Gs_8E3Y/gateways.json,yes,8029,54e8741efc8f155eb781ae1475eda0602b256cac41d08d35636c412a6adcd9b7,computed
Gs_8E3Y,api_gprotein,data/api/v1/systems/Gs_8E3Y/gprotein_metrics.json,yes,188929,27d6a0df3c141530deec86769c81c5106e1671b9ee6806e7ed5e7d51d9797881,computed
Gs_8E3Y,api_pocketgrid,data/api/v1/systems/Gs_8E3Y/pocketgrid.npz,yes,7997310,,pending_binary_or_large_file
Gs_8E3Y,chain_roles,data/chain_roles/Gs_8E3Y_chain_roles.json,yes,468,6539a2a5f72d86baa380d4f00c5745e5e69da72f601c55fdcbce1b1af688ac9b,computed
Gs_8E3Y,contacts,data/contacts/Gs_8E3Y_contacts.parquet,yes,52885,,pending_binary_or_large_file
Gs_8F0J,viz_structure,data/viz/Gs_8F0J/structure.pdb,yes,1531629,,pending_binary_or_large_file
Gs_8F0J,viz_trajectory,data/viz/Gs_8F0J/traj.xtc,yes,179568076,,pending_binary_or_large_file
Gs_8F0J,api_index,data/api/v1/systems/Gs_8F0J/index.json,yes,1569,6dc49e32f235450eced780b7cf272041e26cb9a81727de9d072cf24796498aaf,computed
Gs_8F0J,api_pockets,data/api/v1/systems/Gs_8F0J/pockets.json,yes,6075,eef4e0fc347df024cceaae1ed23e0d40359135d4e9046ea54576e2c759e9087d,computed
Gs_8F0J,api_pockets_gpcrdb,data/api/v1/systems/Gs_8F0J/pockets_gpcrdb.json,yes,8709,d9225e20d01caa555fd7d2f23b7464e951a9273ebb07dccd4df7553c283046f1,computed
Gs_8F0J,api_gateways,data/api/v1/systems/Gs_8F0J/gateways.json,yes,7981,1d94432034ee88a86e0259b1bf29134dc78a810400b8186578f6bff841a7eeb0,computed
Gs_8F0J,api_gprotein,data/api/v1/systems/Gs_8F0J/gprotein_metrics.json,yes,189098,c42558268e1ecab19e50f6c299a3543fc67c8da9c97ec1f4ca9e27d480d63f20,computed
Gs_8F0J,api_pocketgrid,data/api/v1/systems/Gs_8F0J/pocketgrid.npz,yes,6809950,,pending_binary_or_large_file
Gs_8F0J,chain_roles,data/chain_roles/Gs_8F0J_chain_roles.json,yes,468,47d7ecee6e3c069861e0b91ea63d09fc0fa52783f9d16fbc55eb53edd63f4519,computed
Gs_8F0J,contacts,data/contacts/Gs_8F0J_contacts.parquet,yes,53084,,pending_binary_or_large_file
Gs_8FU6,viz_structure,data/viz/Gs_8FU6/structure.pdb,yes,1558764,,pending_binary_or_large_file
Gs_8FU6,viz_trajectory,data/viz/Gs_8FU6/traj.xtc,yes,183321688,,pending_binary_or_large_file
Gs_8FU6,api_index,data/api/v1/systems/Gs_8FU6/index.json,yes,1316,98ccad4484baba553d95679f6f7bfc9ae9134542c6df2b5fd51e907a7339bfb9,computed
Gs_8FU6,api_pockets,data/api/v1/systems/Gs_8FU6/pockets.json,yes,8510,25ae143db34011b56f17f1787866d03d7dfd6c2ff85880a427d42a10891d87a4,computed
Gs_8FU6,api_pockets_gpcrdb,data/api/v1/systems/Gs_8FU6/pockets_gpcrdb.json,yes,13297,6d86946e44a763bb9b695c6fcf9e681a154fcda8edcaf2c976a18501c6232d4b,computed
Gs_8FU6,api_gateways,data/api/v1/systems/Gs_8FU6/gateways.json,yes,8023,78a233fe72d6e5c26340d1a1a188c7e7ba04530cc501d2b09eb92b57984f5f0d,computed
Gs_8FU6,api_gprotein,data/api/v1/systems/Gs_8FU6/gprotein_metrics.json,yes,190512,d29cf13a4f74b5bd5fe6dab04c32d4834924fd6ceee5061cdc99a767aff275bd,computed
Gs_8FU6,api_pocketgrid,data/api/v1/systems/Gs_8FU6/pocketgrid.npz,yes,8522782,,pending_binary_or_large_file
Gs_8FU6,chain_roles,data/chain_roles/Gs_8FU6_chain_roles.json,yes,468,450a6c2e47c97ff4936c907c27aa8909ba754fbb5ef64e4c340495c080481554,computed
Gs_8FU6,contacts,data/contacts/Gs_8FU6_contacts.parquet,yes,52282,,pending_binary_or_large_file
G12_7SF7,viz_structure,data/viz/G12_7SF7/structure.pdb,yes,1146150,,pending_binary_or_large_file
G12_7SF7,viz_trajectory,data/viz/G12_7SF7/traj.xtc,yes,134520700,,pending_binary_or_large_file
G12_7SF7,api_index,data/api/v1/systems/G12_7SF7/index.json,yes,1349,fc47f69a05420be218716bc3eb234435f35d80311154b9d1b27c29fb4e5ba650,computed
G12_7SF7,api_pockets,data/api/v1/systems/G12_7SF7/pockets.json,yes,6007,daedef6a9f0fa4ab42bfdd26507737a44341792fa8d4f35bf5533cc7ed66416f,computed
G12_7SF7,api_pockets_gpcrdb,data/api/v1/systems/G12_7SF7/pockets_gpcrdb.json,yes,9530,442d575d4391325799250d68e288af9488808dea1d305f50fba8ec5b363c0dc4,computed
G12_7SF7,api_gateways,data/api/v1/systems/G12_7SF7/gateways.json,yes,8186,c61388f544f85e574972530c76fc15d07f9c12f25f15731b8f2930ed08f341ee,computed
G12_7SF7,api_gprotein,data/api/v1/systems/G12_7SF7/gprotein_metrics.json,yes,105924,3f86e2da0122086da9e4477e22fe2127aeacaec0d5ddca0ddf0cd18edb42d14a,computed
G12_7SF7,api_pocketgrid,data/api/v1/systems/G12_7SF7/pocketgrid.npz,yes,5086910,,pending_binary_or_large_file
G12_7SF7,chain_roles,data/chain_roles/G12_7SF7_chain_roles.json,yes,382,7641ced058854a3a2356305c4166d7f0cb686b9c44f376d3fb69eee5772f9f33,computed
G12_7SF7,contacts,data/contacts/G12_7SF7_contacts.parquet,yes,41776,,pending_binary_or_large_file
G12_7SF8,viz_structure,data/viz/G12_7SF8/structure.pdb,yes,1122255,,pending_binary_or_large_file
G12_7SF8,viz_trajectory,data/viz/G12_7SF8/traj.xtc,yes,131802396,,pending_binary_or_large_file
G12_7SF8,api_index,data/api/v1/systems/G12_7SF8/index.json,yes,1349,cbcc6b5fffa6a326711bd47187831e77e5f102393269c57708a75cacee619d31,computed
G12_7SF8,api_pockets,data/api/v1/systems/G12_7SF8/pockets.json,yes,1677,9eb2457144ee12ba39487db06d150fcf62cd3ac77ee2381b3761366019893896,computed
G12_7SF8,api_pockets_gpcrdb,data/api/v1/systems/G12_7SF8/pockets_gpcrdb.json,yes,2493,baf826b0621404625620982f536608ec27fa0a9403c0d1e09838cbbb5e3ad645,computed
G12_7SF8,api_gateways,data/api/v1/systems/G12_7SF8/gateways.json,yes,8159,e51dd330432547abe0d9afdd8ab16143c90c9dfbfc898f92b7fd9a90673f0d78,computed
G12_7SF8,api_gprotein,data/api/v1/systems/G12_7SF8/gprotein_metrics.json,yes,107940,b5bf2eff4f48ab5098f44183810eb145eb1dfb0ef8f4fd7e5d7fc871b0764d53,computed
G12_7SF8,api_pocketgrid,data/api/v1/systems/G12_7SF8/pocketgrid.npz,yes,10133054,,pending_binary_or_large_file
G12_7SF8,chain_roles,data/chain_roles/G12_7SF8_chain_roles.json,yes,382,ac3a82687cd64a680b0ed4195dc6174d0725a9a11d942302aa4a6f71ff5f35d6,computed
G12_7SF8,contacts,data/contacts/G12_7SF8_contacts.parquet,yes,40680,,pending_binary_or_large_file
Gi_7D77,viz_structure,data/viz/Gi_7D77/structure.pdb,yes,1285470,,pending_binary_or_large_file
Gi_7D77,viz_trajectory,data/viz/Gi_7D77/traj.xtc,yes,150946120,,pending_binary_or_large_file
Gi_7D77,api_index,data/api/v1/systems/Gi_7D77/index.json,yes,1434,31010c1a412c00e86fa3c62d39efb314e6dfae9bedf93d4d7eb9a731b890e810,computed
Gi_7D77,api_pockets,data/api/v1/systems/Gi_7D77/pockets.json,yes,5817,ae2a24f625860a1e8093136ac4ed92b56de3a5307ea4ecd29f1190e1cffbec3d,computed
Gi_7D77,api_pockets_gpcrdb,data/api/v1/systems/Gi_7D77/pockets_gpcrdb.json,yes,9563,ecda5ecac2ab3db67d58a9863c83e9f9135812862d5f304e6ad65e3d26809754,computed
Gi_7D77,api_gateways,data/api/v1/systems/Gi_7D77/gateways.json,yes,8032,66dc3a7f94969b583fb79246ae1bc0a44f6cb8fd2d5323d554fe14b325b2ac1a,computed
Gi_7D77,api_gprotein,data/api/v1/systems/Gi_7D77/gprotein_metrics.json,yes,173273,c80c6c10bfd2f437d44db8957beb3f241db1784dc9c0499ce936ea8338a7fa69,computed
Gi_7D77,api_pocketgrid,data/api/v1/systems/Gi_7D77/pocketgrid.npz,yes,6579390,,pending_binary_or_large_file
Gi_7D77,chain_roles,data/chain_roles/Gi_7D77_chain_roles.json,yes,382,b1d2ed046c31fdcc4ef8c761720b78072ec97907808a00081be67413899a9fa8,computed
Gi_7D77,contacts,data/contacts/Gi_7D77_contacts.parquet,yes,44746,,pending_binary_or_large_file
Gq_7YDM,viz_structure,data/viz/Gq_7YDM/structure.pdb,yes,1165572,,pending_binary_or_large_file
Gq_7YDM,viz_trajectory,data/viz/Gq_7YDM/traj.xtc,yes,136792756,,pending_binary_or_large_file
Gq_7YDM,api_index,data/api/v1/systems/Gq_7YDM/index.json,yes,1308,c4b689b419a00497c2eff9e76eabaed2d61bd93f16d6aacbaf40a970b1e33faa,computed
Gq_7YDM,api_pockets,data/api/v1/systems/Gq_7YDM/pockets.json,yes,6069,3afa1066faca90c715a4eab4c39d8b7b550ad56e387084868ef935ae692b0d82,computed
Gq_7YDM,api_pockets_gpcrdb,data/api/v1/systems/Gq_7YDM/pockets_gpcrdb.json,yes,9078,a38f2e2c4d98c2a11e1cffcbbddbc8236b0481463fdba477223fc59954ac4ff1,computed
Gq_7YDM,api_gateways,data/api/v1/systems/Gq_7YDM/gateways.json,yes,8040,ff931fe5f40fa0f7f1ccbb19177124e60f8850a8c8bdd28b329849573f2b7efc,computed
Gq_7YDM,api_gprotein,data/api/v1/systems/Gq_7YDM/gprotein_metrics.json,yes,116431,35f22562dc64d93929ec2d221ffd16ff6e9759a462b051f5fd21bad56f0198fe,computed
Gq_7YDM,api_pocketgrid,data/api/v1/systems/Gq_7YDM/pocketgrid.npz,yes,5521470,,pending_binary_or_large_file
Gq_7YDM,chain_roles,data/chain_roles/Gq_7YDM_chain_roles.json,yes,381,1cf37ed2a3acf9e09992c207ccfd5392888eba0ee1d0b71c608f2f74a54bda2c,computed
Gq_7YDM,contacts,data/contacts/Gq_7YDM_contacts.parquet,yes,40628,,pending_binary_or_large_file
Gs_7EQ1,viz_structure,data/viz/Gs_7EQ1/structure.pdb,yes,1379106,,pending_binary_or_large_file
Gs_7EQ1,viz_trajectory,data/viz/Gs_7EQ1/traj.xtc,yes,161454060,,pending_binary_or_large_file
Gs_7EQ1,api_index,data/api/v1/systems/Gs_7EQ1/index.json,yes,1339,a6601bfb43693cfa6ad92593bf237843550bc334acab107227bba76a54d35f41,computed
Gs_7EQ1,api_pockets,data/api/v1/systems/Gs_7EQ1/pockets.json,yes,4952,f277ff6acd79bf873f15544f9a289cb56bc40f9e97c2b11bcac43da1816a8cd7,computed
Gs_7EQ1,api_pockets_gpcrdb,data/api/v1/systems/Gs_7EQ1/pockets_gpcrdb.json,yes,7033,697bc6b9517680ddf6e28530916042b7ebd289a3fe9eeab3ab04fd85ba03a7b9,computed
Gs_7EQ1,api_gateways,data/api/v1/systems/Gs_7EQ1/gateways.json,yes,7803,79ea79291591211b0cdb650279ce3f7652547c646c51813bb00a69346f1f10ea,computed
Gs_7EQ1,api_gprotein,data/api/v1/systems/Gs_7EQ1/gprotein_metrics.json,yes,191633,bdf2dc77b6f0b024af2a275b8524e567ef9294c34dc5ee1814f3d04a6554aead,computed
Gs_7EQ1,api_pocketgrid,data/api/v1/systems/Gs_7EQ1/pocketgrid.npz,yes,6299390,,pending_binary_or_large_file
Gs_7EQ1,chain_roles,data/chain_roles/Gs_7EQ1_chain_roles.json,yes,384,f4549bde90882712f8081bb8ec4a020ab83189d004f0eed94b03cf613cfd4899,computed
Gs_7EQ1,contacts,data/contacts/Gs_7EQ1_contacts.parquet,yes,51619,,pending_binary_or_large_file
Gs_7WU2,viz_structure,data/viz/Gs_7WU2/structure.pdb,yes,1322730,,pending_binary_or_large_file
Gs_7WU2,viz_trajectory,data/viz/Gs_7WU2/traj.xtc,yes,153403416,,pending_binary_or_large_file
Gs_7WU2,api_index,data/api/v1/systems/Gs_7WU2/index.json,yes,1339,3a9b66f4abf11b95736f0495ac15576f0784485f97b20eff599c38c90ce8415a,computed
Gs_7WU2,api_pockets,data/api/v1/systems/Gs_7WU2/pockets.json,yes,6544,cd6651368d458c091c443797a758331334230d32882ce2a83f9dceaae165a213,computed
Gs_7WU2,api_pockets_gpcrdb,data/api/v1/systems/Gs_7WU2/pockets_gpcrdb.json,yes,9972,78c93dd40d44f9333e673012ce61c585b08c9640be5b2ee7276b8982d2b6b3c7,computed
Gs_7WU2,api_gateways,data/api/v1/systems/Gs_7WU2/gateways.json,yes,8054,fa6262a413c34a22a6780b8bf0ecc40e813ce3c04d4da5dd3bb209fa57dc7005,computed
Gs_7WU2,api_gprotein,data/api/v1/systems/Gs_7WU2/gprotein_metrics.json,yes,181415,94c661365baa0f1614d5095b31c85b9d9a131ab3d2583fc6bf019a7a84b0fd37,computed
Gs_7WU2,api_pocketgrid,data/api/v1/systems/Gs_7WU2/pocketgrid.npz,yes,6226686,,pending_binary_or_large_file
Gs_7WU2,chain_roles,data/chain_roles/Gs_7WU2_chain_roles.json,yes,382,5c254154387e329239165655e871968eeb102fabfabe31067e771652047e6ebb,computed
Gs_7WU2,contacts,data/contacts/Gs_7WU2_contacts.parquet,yes,46464,,pending_binary_or_large_file
Gs_7WU3,viz_structure,data/viz/Gs_7WU3/structure.pdb,yes,1346544,,pending_binary_or_large_file
Gs_7WU3,viz_trajectory,data/viz/Gs_7WU3/traj.xtc,yes,157884824,,pending_binary_or_large_file
Gs_7WU3,api_index,data/api/v1/systems/Gs_7WU3/index.json,yes,1441,1b6fa521d16532d53041e944d9250664a51d3e278e53a8d5ef70d72df43f6b5f,computed
Gs_7WU3,api_pockets,data/api/v1/systems/Gs_7WU3/pockets.json,yes,5541,7b8690282738265450796ba3cdfb9e7ce07788f7b229ab6073fdfc5794516473,computed
Gs_7WU3,api_pockets_gpcrdb,data/api/v1/systems/Gs_7WU3/pockets_gpcrdb.json,yes,7942,403a3372896202ae87d1a79e300c45f4a21f8f44951a9d4e891d8ebd2d2a7d21,computed
Gs_7WU3,api_gateways,data/api/v1/systems/Gs_7WU3/gateways.json,yes,8057,5f6f2506b30a8c94033869240ddc754a757cadead5952ea33fc3b1a84260387e,computed
Gs_7WU3,api_gprotein,data/api/v1/systems/Gs_7WU3/gprotein_metrics.json,yes,181794,4eecd47cde96836dcbc6619df0112cf329529d23d6755aedd8da0cc44ee83b38,computed
Gs_7WU3,api_pocketgrid,data/api/v1/systems/Gs_7WU3/pocketgrid.npz,yes,6180990,,pending_binary_or_large_file
Gs_7WU3,chain_roles,data/chain_roles/Gs_7WU3_chain_roles.json,yes,382,419dc6a7959fda771ca27e74a6a521a1ad57ea6c5c73ba0f861ba5bd2bb87dc8,computed
Gs_7WU3,contacts,data/contacts/Gs_7WU3_contacts.parquet,yes,46887,,pending_binary_or_large_file
Gs_7WUJ,viz_structure,data/viz/Gs_7WUJ/structure.pdb,yes,1357641,,pending_binary_or_large_file
Gs_7WUJ,viz_trajectory,data/viz/Gs_7WUJ/traj.xtc,yes,159213944,,pending_binary_or_large_file
Gs_7WUJ,api_index,data/api/v1/systems/Gs_7WUJ/index.json,yes,1296,d064c23bdc8d7c1af7bd6d002e141abf6c52be460810c11e9c62e61a92561c31,computed
Gs_7WUJ,api_pockets,data/api/v1/systems/Gs_7WUJ/pockets.json,yes,6756,cc68b6ac97c1af6734bb929e387eaea1e65bd662dd854b7892ca05f79d4f73b4,computed
Gs_7WUJ,api_pockets_gpcrdb,data/api/v1/systems/Gs_7WUJ/pockets_gpcrdb.json,yes,10530,454d24599cb1af0ac90efadbc15be02c1457eb3de14c4ed9a19dafdcbd16426f,computed
Gs_7WUJ,api_gateways,data/api/v1/systems/Gs_7WUJ/gateways.json,yes,8008,cc631bd82d874529cc24eb55af51f520b6b7fd2119a0d50c861e0357c4491601,computed
Gs_7WUJ,api_gprotein,data/api/v1/systems/Gs_7WUJ/gprotein_metrics.json,yes,189567,d8a4fc0797e0c142549e2c79d1013abb1eba9939ed0f87eac4e4052210217374,computed
Gs_7WUJ,api_pocketgrid,data/api/v1/systems/Gs_7WUJ/pocketgrid.npz,yes,6659070,,pending_binary_or_large_file
Gs_7WUJ,chain_roles,data/chain_roles/Gs_7WUJ_chain_roles.json,yes,382,953bd1fcebe52961b22b3d28090da69506f3d470f53e5e92d4709236764755a5,computed
Gs_7WUJ,contacts,data/contacts/Gs_7WUJ_contacts.parquet,yes,47927,,pending_binary_or_large_file
