system_id,record_type,source_path,exists_flag,size_bytes,sha256,checksum_status,archive_status
G12_7T6B,production_trajectory,/MDdata/data02/jxhuang/gpcr_g/a/a_g12/7T6B/prod2_now.nc,True,23202881056,,pending_final_archive_checksum,pending_repository_deposit
G12_7T6B,topology,/MDdata/data02/jxhuang/gpcr_g/a/a_g12/7T6B/now.prmtop,True,25915251,,pending_final_archive_checksum,pending_repository_deposit
G12_7T6B,protein_only_trajectory,/MDdata/data02/jxhuang/gpcr_g/a/a_g12/7T6B/prod2_now.nc,True,,,pending_final_archive_checksum,pending_repository_deposit
G12_8IKL,production_trajectory,/MDdata/data02/jxhuang/gpcr_g/a/a_g12/8IKL/prod2_now.nc,True,22099841056,,pending_final_archive_checksum,pending_repository_deposit
G12_8IKL,topology,/MDdata/data02/jxhuang/gpcr_g/a/a_g12/8IKL/now.prmtop,True,24714430,,pending_final_archive_checksum,pending_repository_deposit
G12_8IKL,protein_only_trajectory,/MDdata/data02/jxhuang/gpcr_g/a/a_g12/8IKL/prod2_now.nc,True,,,pending_final_archive_checksum,pending_repository_deposit
G12_8KGG,production_trajectory,/MDdata/data02/jxhuang/gpcr_g/a/a_g12/8KGG/prod2_now.nc,True,22387841056,,pending_final_archive_checksum,pending_repository_deposit
G12_8KGG,topology,/MDdata/data02/jxhuang/gpcr_g/a/a_g12/8KGG/now.prmtop,True,25109651,,pending_final_archive_checksum,pending_repository_deposit
G12_8KGG,protein_only_trajectory,/MDdata/data02/jxhuang/gpcr_g/a/a_g12/8KGG/prod2_now.nc,True,,,pending_final_archive_checksum,pending_repository_deposit
G12_9IY8,production_trajectory,/MDdata/data02/jxhuang/gpcr_g/a/a_g12/9IY8/prod2_now.nc,True,23221241056,,pending_final_archive_checksum,pending_repository_deposit
G12_9IY8,topology,/MDdata/data02/jxhuang/gpcr_g/a/a_g12/9IY8/now.prmtop,True,25899515,,pending_final_archive_checksum,pending_repository_deposit
G12_9IY8,protein_only_trajectory,/MDdata/data02/jxhuang/gpcr_g/a/a_g12/9IY8/prod2_now.nc,True,,,pending_final_archive_checksum,pending_repository_deposit
Gi_6CMO,production_trajectory,/MDdata/data03/jxhuang/gpcr_g/a/a_gi/6CMO/prod2_now.nc,True,22924961056,,pending_final_archive_checksum,pending_repository_deposit
Gi_6CMO,topology,/MDdata/data03/jxhuang/gpcr_g/a/a_gi/6CMO/gpcr_g_ligand.prmtop,True,6600701,,pending_final_archive_checksum,pending_repository_deposit
Gi_6CMO,protein_only_trajectory,/MDdata/data03/jxhuang/gpcr_g/a/a_gi/6CMO/prod2_now.nc,True,,,pending_final_archive_checksum,pending_repository_deposit
Gi_6D9H,production_trajectory,/MDdata/data03/jxhuang/gpcr_g/a/a_gi/6D9H/prod2_now.nc,True,22868801056,,pending_final_archive_checksum,pending_repository_deposit
Gi_6D9H,topology,/MDdata/data03/jxhuang/gpcr_g/a/a_gi/6D9H/gpcr_g_ligand.prmtop,True,6674371,,pending_final_archive_checksum,pending_repository_deposit
Gi_6D9H,protein_only_trajectory,/MDdata/data03/jxhuang/gpcr_g/a/a_gi/6D9H/prod2_now.nc,True,,,pending_final_archive_checksum,pending_repository_deposit
Gi_6G79,production_trajectory,/MDdata/data03/jxhuang/gpcr_g/a/a_gi/6G79/prod2_now.nc,True,23234201056,,pending_final_archive_checksum,pending_repository_deposit
Gi_6G79,topology,/MDdata/data03/jxhuang/gpcr_g/a/a_gi/6G79/gpcr_g_ligand.prmtop,True,6736767,,pending_final_archive_checksum,pending_repository_deposit
Gi_6G79,protein_only_trajectory,/MDdata/data03/jxhuang/gpcr_g/a/a_gi/6G79/prod2_now.nc,True,,,pending_final_archive_checksum,pending_repository_deposit
Gi_6K42,production_trajectory,/MDdata/data03/jxhuang/gpcr_g/a/a_gi/6K42/prod2_now.nc,True,24738281056,,pending_final_archive_checksum,pending_repository_deposit
Gi_6K42,topology,/MDdata/data03/jxhuang/gpcr_g/a/a_gi/6K42/gpcr_g_ligand.prmtop,True,7218749,,pending_final_archive_checksum,pending_repository_deposit
Gi_6K42,protein_only_trajectory,/MDdata/data03/jxhuang/gpcr_g/a/a_gi/6K42/prod2_now.nc,True,,,pending_final_archive_checksum,pending_repository_deposit
Gi_6LFO,production_trajectory,/MDdata/data03/jxhuang/gpcr_g/a/a_gi/6LFO/prod2_now.nc,True,23273441056,,pending_final_archive_checksum,pending_repository_deposit
Gi_6LFO,topology,/MDdata/data03/jxhuang/gpcr_g/a/a_gi/6LFO/gpcr_g_ligand.prmtop,True,7030766,,pending_final_archive_checksum,pending_repository_deposit
Gi_6LFO,protein_only_trajectory,/MDdata/data03/jxhuang/gpcr_g/a/a_gi/6LFO/prod2_now.nc,True,,,pending_final_archive_checksum,pending_repository_deposit
Gi_6OSA,production_trajectory,/MDdata/data03/jxhuang/gpcr_g/a/a_gi/6OSA/prod2_now.nc,True,24260201056,,pending_final_archive_checksum,pending_repository_deposit
Gi_6OSA,topology,/MDdata/data03/jxhuang/gpcr_g/a/a_gi/6OSA/gpcr_g_ligand.prmtop,True,6611399,,pending_final_archive_checksum,pending_repository_deposit
Gi_6OSA,protein_only_trajectory,/MDdata/data03/jxhuang/gpcr_g/a/a_gi/6OSA/prod2_now.nc,True,,,pending_final_archive_checksum,pending_repository_deposit
Gi_6PT0,production_trajectory,/MDdata/data03/jxhuang/gpcr_g/a/a_gi/6PT0/prod2_now.nc,True,22782761056,,pending_final_archive_checksum,pending_repository_deposit
Gi_6PT0,topology,/MDdata/data03/jxhuang/gpcr_g/a/a_gi/6PT0/gpcr_g_ligand.prmtop,True,6578915,,pending_final_archive_checksum,pending_repository_deposit
Gi_6PT0,protein_only_trajectory,/MDdata/data03/jxhuang/gpcr_g/a/a_gi/6PT0/prod2_now.nc,True,,,pending_final_archive_checksum,pending_repository_deposit
Gi_6WWZ,production_trajectory,/MDdata/data03/jxhuang/gpcr_g/a/a_gi/6WWZ/prod2_now.nc,True,23440481056,,pending_final_archive_checksum,pending_repository_deposit
Gi_6WWZ,topology,/MDdata/data03/jxhuang/gpcr_g/a/a_gi/6WWZ/gpcr_g_ligand.prmtop,True,7029226,,pending_final_archive_checksum,pending_repository_deposit
Gi_6WWZ,protein_only_trajectory,/MDdata/data03/jxhuang/gpcr_g/a/a_gi/6WWZ/prod2_now.nc,True,,,pending_final_archive_checksum,pending_repository_deposit
Gi_7CMV,production_trajectory,/MDdata/data03/jxhuang/gpcr_g/a/a_gi/7CMV/prod2_now.nc,True,23398361056,,pending_final_archive_checksum,pending_repository_deposit
Gi_7CMV,topology,/MDdata/data03/jxhuang/gpcr_g/a/a_gi/7CMV/gpcr_g_ligand.prmtop,True,6855333,,pending_final_archive_checksum,pending_repository_deposit
Gi_7CMV,protein_only_trajectory,/MDdata/data03/jxhuang/gpcr_g/a/a_gi/7CMV/prod2_now.nc,True,,,pending_final_archive_checksum,pending_repository_deposit
Gi_7E2X,production_trajectory,/MDdata/data03/jxhuang/gpcr_g/a/a_gi/7E2X/prod2_now.nc,True,23225561056,,pending_final_archive_checksum,pending_repository_deposit
Gi_7E2X,topology,/MDdata/data03/jxhuang/gpcr_g/a/a_gi/7E2X/gpcr_g_ligand.prmtop,True,6828755,,pending_final_archive_checksum,pending_repository_deposit
Gi_7E2X,protein_only_trajectory,/MDdata/data03/jxhuang/gpcr_g/a/a_gi/7E2X/prod2_now.nc,True,,,pending_final_archive_checksum,pending_repository_deposit
Gi_7E33,production_trajectory,/MDdata/data03/jxhuang/gpcr_g/a/a_gi/7E33/prod2_now.nc,True,25055081056,,pending_final_archive_checksum,pending_repository_deposit
Gi_7E33,topology,/MDdata/data03/jxhuang/gpcr_g/a/a_gi/7E33/gpcr_g_ligand.prmtop,True,6764376,,pending_final_archive_checksum,pending_repository_deposit
Gi_7E33,protein_only_trajectory,/MDdata/data03/jxhuang/gpcr_g/a/a_gi/7E33/prod2_now.nc,True,,,pending_final_archive_checksum,pending_repository_deposit
Gi_7EJX,production_trajectory,/MDdata/data03/jxhuang/gpcr_g/a/a_gi/7EJX/prod2_now.nc,True,23143481056,,pending_final_archive_checksum,pending_repository_deposit
Gi_7EJX,topology,/MDdata/data03/jxhuang/gpcr_g/a/a_gi/7EJX/gpcr_g_ligand.prmtop,True,6475690,,pending_final_archive_checksum,pending_repository_deposit
Gi_7EJX,protein_only_trajectory,/MDdata/data03/jxhuang/gpcr_g/a/a_gi/7EJX/prod2_now.nc,True,,,pending_final_archive_checksum,pending_repository_deposit
Gi_7EW1,production_trajectory,/MDdata/data03/jxhuang/gpcr_g/a/a_gi/7EW1/prod2_now.nc,True,22842881056,,pending_final_archive_checksum,pending_repository_deposit
Gi_7EW1,topology,/MDdata/data03/jxhuang/gpcr_g/a/a_gi/7EW1/gpcr_g_ligand.prmtop,True,6565087,,pending_final_archive_checksum,pending_repository_deposit
Gi_7EW1,protein_only_trajectory,/MDdata/data03/jxhuang/gpcr_g/a/a_gi/7EW1/prod2_now.nc,True,,,pending_final_archive_checksum,pending_repository_deposit
Gi_7EW4,production_trajectory,/MDdata/data03/jxhuang/gpcr_g/a/a_gi/7EW4/prod2_now.nc,True,22750361056,,pending_final_archive_checksum,pending_repository_deposit
Gi_7EW4,topology,/MDdata/data03/jxhuang/gpcr_g/a/a_gi/7EW4/gpcr_g_ligand.prmtop,True,6596020,,pending_final_archive_checksum,pending_repository_deposit
Gi_7EW4,protein_only_trajectory,/MDdata/data03/jxhuang/gpcr_g/a/a_gi/7EW4/prod2_now.nc,True,,,pending_final_archive_checksum,pending_repository_deposit
Gi_7EXD,production_trajectory,/MDdata/data03/jxhuang/gpcr_g/a/a_gi/7EXD/prod2_now.nc,True,24449921056,,pending_final_archive_checksum,pending_repository_deposit
Gi_7EXD,topology,/MDdata/data03/jxhuang/gpcr_g/a/a_gi/7EXD/gpcr_g_ligand.prmtop,True,6897981,,pending_final_archive_checksum,pending_repository_deposit
Gi_7EXD,protein_only_trajectory,/MDdata/data03/jxhuang/gpcr_g/a/a_gi/7EXD/prod2_now.nc,True,,,pending_final_archive_checksum,pending_repository_deposit
Gi_7EZH,production_trajectory,/MDdata/data03/jxhuang/gpcr_g/a/a_gi/7EZH/prod2_now.nc,True,24793361056,,pending_final_archive_checksum,pending_repository_deposit
Gi_7EZH,topology,/MDdata/data03/jxhuang/gpcr_g/a/a_gi/7EZH/gpcr_g_ligand.prmtop,True,6793975,,pending_final_archive_checksum,pending_repository_deposit
Gi_7EZH,protein_only_trajectory,/MDdata/data03/jxhuang/gpcr_g/a/a_gi/7EZH/prod2_now.nc,True,,,pending_final_archive_checksum,pending_repository_deposit
Gi_7F1Q,production_trajectory,/MDdata/data03/jxhuang/gpcr_g/a/a_gi/7F1Q/prod2_now.nc,True,23316641056,,pending_final_archive_checksum,pending_repository_deposit
Gi_7F1Q,topology,/MDdata/data03/jxhuang/gpcr_g/a/a_gi/7F1Q/gpcr_g_ligand.prmtop,True,6594954,,pending_final_archive_checksum,pending_repository_deposit
Gi_7F1Q,protein_only_trajectory,/MDdata/data03/jxhuang/gpcr_g/a/a_gi/7F1Q/prod2_now.nc,True,,,pending_final_archive_checksum,pending_repository_deposit
Gi_7F8V,production_trajectory,/MDdata/data03/jxhuang/gpcr_g/a/a_gi/7F8V/prod2_now.nc,True,24615161056,,pending_final_archive_checksum,pending_repository_deposit
Gi_7F8V,topology,/MDdata/data03/jxhuang/gpcr_g/a/a_gi/7F8V/gpcr_g_ligand.prmtop,True,6384850,,pending_final_archive_checksum,pending_repository_deposit
Gi_7F8V,protein_only_trajectory,/MDdata/data03/jxhuang/gpcr_g/a/a_gi/7F8V/prod2_now.nc,True,,,pending_final_archive_checksum,pending_repository_deposit
Gi_7NA7,production_trajectory,/MDdata/data03/jxhuang/gpcr_g/a/a_gi/7NA7/prod2_now.nc,True,22859081056,,pending_final_archive_checksum,pending_repository_deposit
Gi_7NA7,topology,/MDdata/data03/jxhuang/gpcr_g/a/a_gi/7NA7/gpcr_g_ligand.prmtop,True,6680425,,pending_final_archive_checksum,pending_repository_deposit
Gi_7NA7,protein_only_trajectory,/MDdata/data03/jxhuang/gpcr_g/a/a_gi/7NA7/prod2_now.nc,True,,,pending_final_archive_checksum,pending_repository_deposit
Gi_7QVM,production_trajectory,/MDdata/data03/jxhuang/gpcr_g/a/a_gi/7QVM/prod2_now.nc,True,22998761056,,pending_final_archive_checksum,pending_repository_deposit
Gi_7QVM,topology,/MDdata/data03/jxhuang/gpcr_g/a/a_gi/7QVM/gpcr_g_ligand.prmtop,True,6484843,,pending_final_archive_checksum,pending_repository_deposit
Gi_7QVM,protein_only_trajectory,/MDdata/data03/jxhuang/gpcr_g/a/a_gi/7QVM/prod2_now.nc,True,,,pending_final_archive_checksum,pending_repository_deposit
Gi_7SQO,production_trajectory,/MDdata/data03/jxhuang/gpcr_g/a/a_gi/7SQO/prod2_now.nc,True,23065001056,,pending_final_archive_checksum,pending_repository_deposit
Gi_7SQO,topology,/MDdata/data03/jxhuang/gpcr_g/a/a_gi/7SQO/gpcr_g_ligand.prmtop,True,6594321,,pending_final_archive_checksum,pending_repository_deposit
Gi_7SQO,protein_only_trajectory,/MDdata/data03/jxhuang/gpcr_g/a/a_gi/7SQO/prod2_now.nc,True,,,pending_final_archive_checksum,pending_repository_deposit
Gi_7T10,production_trajectory,/MDdata/data03/jxhuang/gpcr_g/a/a_gi/7T10/prod2_now.nc,True,24452081056,,pending_final_archive_checksum,pending_repository_deposit
Gi_7T10,topology,/MDdata/data03/jxhuang/gpcr_g/a/a_gi/7T10/gpcr_g_ligand.prmtop,True,6413574,,pending_final_archive_checksum,pending_repository_deposit
Gi_7T10,protein_only_trajectory,/MDdata/data03/jxhuang/gpcr_g/a/a_gi/7T10/prod2_now.nc,True,,,pending_final_archive_checksum,pending_repository_deposit
Gi_7T96,production_trajectory,/MDdata/data03/jxhuang/gpcr_g/a/a_gi/7T96/prod2_now.nc,True,32693921056,,pending_final_archive_checksum,pending_repository_deposit
Gi_7T96,topology,/MDdata/data03/jxhuang/gpcr_g/a/a_gi/7T96/gpcr_g_ligand.prmtop,True,7267096,,pending_final_archive_checksum,pending_repository_deposit
Gi_7T96,protein_only_trajectory,/MDdata/data03/jxhuang/gpcr_g/a/a_gi/7T96/prod2_now.nc,True,,,pending_final_archive_checksum,pending_repository_deposit
Gi_7TUZ,production_trajectory,/MDdata/data03/jxhuang/gpcr_g/a/a_gi/7TUZ/prod2_now.nc,True,22892201056,,pending_final_archive_checksum,pending_repository_deposit
Gi_7TUZ,topology,/MDdata/data03/jxhuang/gpcr_g/a/a_gi/7TUZ/gpcr_g_ligand.prmtop,True,6657200,,pending_final_archive_checksum,pending_repository_deposit
Gi_7TUZ,protein_only_trajectory,/MDdata/data03/jxhuang/gpcr_g/a/a_gi/7TUZ/prod2_now.nc,True,,,pending_final_archive_checksum,pending_repository_deposit
Gi_7V68,production_trajectory,/MDdata/data03/jxhuang/gpcr_g/a/a_gi/7V68/prod1_now.trr,True,21791298912,,pending_final_archive_checksum,pending_repository_deposit
Gi_7V68,topology,/MDdata/data03/jxhuang/gpcr_g/a/a_gi/7V68/now.tpr,True,24430636,,pending_final_archive_checksum,pending_repository_deposit
Gi_7V68,protein_only_trajectory,/MDdata/data03/jxhuang/gpcr_g/a/a_gi/7V68/traj1.xtc,True,,,pending_final_archive_checksum,pending_repository_deposit
Gi_7VDL,production_trajectory,/MDdata/data03/jxhuang/gpcr_g/a/a_gi/7VDL/prod2_now.nc,True,22652801056,,pending_final_archive_checksum,pending_repository_deposit
Gi_7VDL,topology,/MDdata/data03/jxhuang/gpcr_g/a/a_gi/7VDL/gpcr_g_ligand.prmtop,True,6156709,,pending_final_archive_checksum,pending_repository_deposit
Gi_7VDL,protein_only_trajectory,/MDdata/data03/jxhuang/gpcr_g/a/a_gi/7VDL/prod2_now.nc,True,,,pending_final_archive_checksum,pending_repository_deposit
Gi_7VGZ,production_trajectory,/MDdata/data03/jxhuang/gpcr_g/a/a_gi/7VGZ/prod2_now.nc,True,22755041056,,pending_final_archive_checksum,pending_repository_deposit
Gi_7VGZ,topology,/MDdata/data03/jxhuang/gpcr_g/a/a_gi/7VGZ/gpcr_g_ligand.prmtop,True,6537845,,pending_final_archive_checksum,pending_repository_deposit
Gi_7VGZ,protein_only_trajectory,/MDdata/data03/jxhuang/gpcr_g/a/a_gi/7VGZ/prod2_now.nc,True,,,pending_final_archive_checksum,pending_repository_deposit
Gi_7VH0,production_trajectory,/MDdata/data03/jxhuang/gpcr_g/a/a_gi/7VH0/prod2_now.nc,True,22496921056,,pending_final_archive_checksum,pending_repository_deposit
Gi_7VH0,topology,/MDdata/data03/jxhuang/gpcr_g/a/a_gi/7VH0/gpcr_g_ligand.prmtop,True,6512565,,pending_final_archive_checksum,pending_repository_deposit
Gi_7VH0,protein_only_trajectory,/MDdata/data03/jxhuang/gpcr_g/a/a_gi/7VH0/prod2_now.nc,True,,,pending_final_archive_checksum,pending_repository_deposit
Gi_7VIF,production_trajectory,/MDdata/data03/jxhuang/gpcr_g/a/a_gi/7VIF/prod2_now.nc,True,22970681056,,pending_final_archive_checksum,pending_repository_deposit
Gi_7VIF,topology,/MDdata/data03/jxhuang/gpcr_g/a/a_gi/7VIF/gpcr_g_ligand.prmtop,True,6627237,,pending_final_archive_checksum,pending_repository_deposit
Gi_7VIF,protein_only_trajectory,/MDdata/data03/jxhuang/gpcr_g/a/a_gi/7VIF/prod2_now.nc,True,,,pending_final_archive_checksum,pending_repository_deposit
Gi_7VKT,production_trajectory,/MDdata/data03/jxhuang/gpcr_g/a/a_gi/7VKT/prod2_now.nc,True,22890401056,,pending_final_archive_checksum,pending_repository_deposit
Gi_7VKT,topology,/MDdata/data03/jxhuang/gpcr_g/a/a_gi/7VKT/gpcr_g_ligand.prmtop,True,6435747,,pending_final_archive_checksum,pending_repository_deposit
Gi_7VKT,protein_only_trajectory,/MDdata/data03/jxhuang/gpcr_g/a/a_gi/7VKT/prod2_now.nc,True,,,pending_final_archive_checksum,pending_repository_deposit
Gi_7VL9,production_trajectory,/MDdata/data03/jxhuang/gpcr_g/a/a_gi/7VL9/prod2_now.nc,True,24289001056,,pending_final_archive_checksum,pending_repository_deposit
Gi_7VL9,topology,/MDdata/data03/jxhuang/gpcr_g/a/a_gi/7VL9/gpcr_g_ligand.prmtop,True,6927816,,pending_final_archive_checksum,pending_repository_deposit
Gi_7VL9,protein_only_trajectory,/MDdata/data03/jxhuang/gpcr_g/a/a_gi/7VL9/prod2_now.nc,True,,,pending_final_archive_checksum,pending_repository_deposit
Gi_7W0N,production_trajectory,/MDdata/data03/jxhuang/gpcr_g/a/a_gi/7W0N/prod2_now.nc,True,23015321056,,pending_final_archive_checksum,pending_repository_deposit
Gi_7W0N,topology,/MDdata/data03/jxhuang/gpcr_g/a/a_gi/7W0N/gpcr_g_ligand.prmtop,True,6530218,,pending_final_archive_checksum,pending_repository_deposit
Gi_7W0N,protein_only_trajectory,/MDdata/data03/jxhuang/gpcr_g/a/a_gi/7W0N/prod2_now.nc,True,,,pending_final_archive_checksum,pending_repository_deposit
Gi_7W6P,production_trajectory,/MDdata/data03/jxhuang/gpcr_g/a/a_gi/7W6P/prod2_now.nc,True,26814401056,,pending_final_archive_checksum,pending_repository_deposit
Gi_7W6P,topology,/MDdata/data03/jxhuang/gpcr_g/a/a_gi/7W6P/gpcr_g_ligand.prmtop,True,7008407,,pending_final_archive_checksum,pending_repository_deposit
Gi_7W6P,protein_only_trajectory,/MDdata/data03/jxhuang/gpcr_g/a/a_gi/7W6P/prod2_now.nc,True,,,pending_final_archive_checksum,pending_repository_deposit
Gi_7WQ3,production_trajectory,/MDdata/data03/jxhuang/gpcr_g/a/a_gi/7WQ3/prod2_now.nc,True,22874561056,,pending_final_archive_checksum,pending_repository_deposit
Gi_7WQ3,topology,/MDdata/data03/jxhuang/gpcr_g/a/a_gi/7WQ3/gpcr_g_ligand.prmtop,True,6699092,,pending_final_archive_checksum,pending_repository_deposit
Gi_7WQ3,protein_only_trajectory,/MDdata/data03/jxhuang/gpcr_g/a/a_gi/7WQ3/prod2_now.nc,True,,,pending_final_archive_checksum,pending_repository_deposit
Gi_7WU9,production_trajectory,/MDdata/data03/jxhuang/gpcr_g/a/a_gi/7WU9/prod2_now.nc,True,22979321056,,pending_final_archive_checksum,pending_repository_deposit
Gi_7WU9,topology,/MDdata/data03/jxhuang/gpcr_g/a/a_gi/7WU9/gpcr_g_ligand.prmtop,True,6538953,,pending_final_archive_checksum,pending_repository_deposit
Gi_7WU9,protein_only_trajectory,/MDdata/data03/jxhuang/gpcr_g/a/a_gi/7WU9/prod2_now.nc,True,,,pending_final_archive_checksum,pending_repository_deposit
Gi_7WV9,production_trajectory,/MDdata/data03/jxhuang/gpcr_g/a/a_gi/7WV9/prod2_now.nc,True,23031521056,,pending_final_archive_checksum,pending_repository_deposit
Gi_7WV9,topology,/MDdata/data03/jxhuang/gpcr_g/a/a_gi/7WV9/gpcr_g_ligand.prmtop,True,6573308,,pending_final_archive_checksum,pending_repository_deposit
Gi_7WV9,protein_only_trajectory,/MDdata/data03/jxhuang/gpcr_g/a/a_gi/7WV9/prod2_now.nc,True,,,pending_final_archive_checksum,pending_repository_deposit
Gi_7WVU,production_trajectory,/MDdata/data03/jxhuang/gpcr_g/a/a_gi/7WVU/prod2_now.nc,True,22743881056,,pending_final_archive_checksum,pending_repository_deposit
Gi_7WVU,topology,/MDdata/data03/jxhuang/gpcr_g/a/a_gi/7WVU/gpcr_g_ligand.prmtop,True,6490088,,pending_final_archive_checksum,pending_repository_deposit
Gi_7WVU,protein_only_trajectory,/MDdata/data03/jxhuang/gpcr_g/a/a_gi/7WVU/prod2_now.nc,True,,,pending_final_archive_checksum,pending_repository_deposit
Gi_7WVX,production_trajectory,/MDdata/data03/jxhuang/gpcr_g/a/a_gi/7WVX/prod2_now.nc,True,22959161056,,pending_final_archive_checksum,pending_repository_deposit
Gi_7WVX,topology,/MDdata/data03/jxhuang/gpcr_g/a/a_gi/7WVX/gpcr_g_ligand.prmtop,True,6482408,,pending_final_archive_checksum,pending_repository_deposit
Gi_7WVX,protein_only_trajectory,/MDdata/data03/jxhuang/gpcr_g/a/a_gi/7WVX/prod2_now.nc,True,,,pending_final_archive_checksum,pending_repository_deposit
Gi_7X5H,production_trajectory,/MDdata/data03/jxhuang/gpcr_g/a/a_gi/7X5H/prod2_now.nc,True,22903721056,,pending_final_archive_checksum,pending_repository_deposit
Gi_7X5H,topology,/MDdata/data03/jxhuang/gpcr_g/a/a_gi/7X5H/gpcr_g_ligand.prmtop,True,6458255,,pending_final_archive_checksum,pending_repository_deposit
Gi_7X5H,protein_only_trajectory,/MDdata/data03/jxhuang/gpcr_g/a/a_gi/7X5H/prod2_now.nc,True,,,pending_final_archive_checksum,pending_repository_deposit
Gi_7X9A,production_trajectory,/MDdata/data03/jxhuang/gpcr_g/a/a_gi/7X9A/prod2_now.nc,True,22991201056,,pending_final_archive_checksum,pending_repository_deposit
Gi_7X9A,topology,/MDdata/data03/jxhuang/gpcr_g/a/a_gi/7X9A/gpcr_g_ligand.prmtop,True,6759789,,pending_final_archive_checksum,pending_repository_deposit
Gi_7X9A,protein_only_trajectory,/MDdata/data03/jxhuang/gpcr_g/a/a_gi/7X9A/prod2_now.nc,True,,,pending_final_archive_checksum,pending_repository_deposit
Gi_7X9C,production_trajectory,/MDdata/data03/jxhuang/gpcr_g/a/a_gi/7X9C/prod2_now.nc,True,24930881056,,pending_final_archive_checksum,pending_repository_deposit
Gi_7X9C,topology,/MDdata/data03/jxhuang/gpcr_g/a/a_gi/7X9C/gpcr_g_ligand.prmtop,True,6911762,,pending_final_archive_checksum,pending_repository_deposit
Gi_7X9C,protein_only_trajectory,/MDdata/data03/jxhuang/gpcr_g/a/a_gi/7X9C/prod2_now.nc,True,,,pending_final_archive_checksum,pending_repository_deposit
Gi_7X9Y,production_trajectory,/MDdata/data03/jxhuang/gpcr_g/a/a_gi/7X9Y/prod2_now.nc,True,22453001056,,pending_final_archive_checksum,pending_repository_deposit
Gi_7X9Y,topology,/MDdata/data03/jxhuang/gpcr_g/a/a_gi/7X9Y/gpcr_g_ligand.prmtop,True,6504456,,pending_final_archive_checksum,pending_repository_deposit
Gi_7X9Y,protein_only_trajectory,/MDdata/data03/jxhuang/gpcr_g/a/a_gi/7X9Y/prod2_now.nc,True,,,pending_final_archive_checksum,pending_repository_deposit
Gi_7XA3,production_trajectory,/MDdata/data03/jxhuang/gpcr_g/a/a_gi/7XA3/prod2_now.nc,True,23380721056,,pending_final_archive_checksum,pending_repository_deposit
Gi_7XA3,topology,/MDdata/data03/jxhuang/gpcr_g/a/a_gi/7XA3/gpcr_g_ligand.prmtop,True,7090936,,pending_final_archive_checksum,pending_repository_deposit
Gi_7XA3,protein_only_trajectory,/MDdata/data03/jxhuang/gpcr_g/a/a_gi/7XA3/prod2_now.nc,True,,,pending_final_archive_checksum,pending_repository_deposit
Gi_7XBX,production_trajectory,/MDdata/data03/jxhuang/gpcr_g/a/a_gi/7XBX/prod2_now.nc,True,22157801056,,pending_final_archive_checksum,pending_repository_deposit
Gi_7XBX,topology,/MDdata/data03/jxhuang/gpcr_g/a/a_gi/7XBX/gpcr_g_ligand.prmtop,True,6044277,,pending_final_archive_checksum,pending_repository_deposit
Gi_7XBX,protein_only_trajectory,/MDdata/data03/jxhuang/gpcr_g/a/a_gi/7XBX/prod2_now.nc,True,,,pending_final_archive_checksum,pending_repository_deposit
Gi_7XK2,production_trajectory,/MDdata/data03/jxhuang/gpcr_g/a/a_gi/7XK2/prod2_now.nc,True,22772681056,,pending_final_archive_checksum,pending_repository_deposit
Gi_7XK2,topology,/MDdata/data03/jxhuang/gpcr_g/a/a_gi/7XK2/gpcr_g_ligand.prmtop,True,6729939,,pending_final_archive_checksum,pending_repository_deposit
Gi_7XK2,protein_only_trajectory,/MDdata/data03/jxhuang/gpcr_g/a/a_gi/7XK2/prod2_now.nc,True,,,pending_final_archive_checksum,pending_repository_deposit
Gi_7XK8,production_trajectory,/MDdata/data03/jxhuang/gpcr_g/a/a_gi/7XK8/prod2_now.nc,True,22928201056,,pending_final_archive_checksum,pending_repository_deposit
Gi_7XK8,topology,/MDdata/data03/jxhuang/gpcr_g/a/a_gi/7XK8/gpcr_g_ligand.prmtop,True,6952770,,pending_final_archive_checksum,pending_repository_deposit
Gi_7XK8,protein_only_trajectory,/MDdata/data03/jxhuang/gpcr_g/a/a_gi/7XK8/prod2_now.nc,True,,,pending_final_archive_checksum,pending_repository_deposit
Gi_7XMS,production_trajectory,/MDdata/data03/jxhuang/gpcr_g/a/a_gi/7XMS/prod2_now.nc,True,22916681056,,pending_final_archive_checksum,pending_repository_deposit
Gi_7XMS,topology,/MDdata/data03/jxhuang/gpcr_g/a/a_gi/7XMS/gpcr_g_ligand.prmtop,True,6185501,,pending_final_archive_checksum,pending_repository_deposit
Gi_7XMS,protein_only_trajectory,/MDdata/data03/jxhuang/gpcr_g/a/a_gi/7XMS/prod2_now.nc,True,,,pending_final_archive_checksum,pending_repository_deposit
Gi_7XTA,production_trajectory,/MDdata/data03/jxhuang/gpcr_g/a/a_gi/7XTA/prod2_now.nc,True,23992721056,,pending_final_archive_checksum,pending_repository_deposit
Gi_7XTA,topology,/MDdata/data03/jxhuang/gpcr_g/a/a_gi/7XTA/gpcr_g_ligand.prmtop,True,6588449,,pending_final_archive_checksum,pending_repository_deposit
Gi_7XTA,protein_only_trajectory,/MDdata/data03/jxhuang/gpcr_g/a/a_gi/7XTA/prod2_now.nc,True,,,pending_final_archive_checksum,pending_repository_deposit
Gi_7XXI,production_trajectory,/MDdata/data03/jxhuang/gpcr_g/a/a_gi/7XXI/prod2_now.nc,True,22911281056,,pending_final_archive_checksum,pending_repository_deposit
Gi_7XXI,topology,/MDdata/data03/jxhuang/gpcr_g/a/a_gi/7XXI/gpcr_g_ligand.prmtop,True,6728798,,pending_final_archive_checksum,pending_repository_deposit
Gi_7XXI,protein_only_trajectory,/MDdata/data03/jxhuang/gpcr_g/a/a_gi/7XXI/prod2_now.nc,True,,,pending_final_archive_checksum,pending_repository_deposit
Gi_7Y12,production_trajectory,/MDdata/data03/jxhuang/gpcr_g/a/a_gi/7Y12/prod2_now.nc,True,22511681056,,pending_final_archive_checksum,pending_repository_deposit
Gi_7Y12,topology,/MDdata/data03/jxhuang/gpcr_g/a/a_gi/7Y12/gpcr_g_ligand.prmtop,True,6225235,,pending_final_archive_checksum,pending_repository_deposit
Gi_7Y12,protein_only_trajectory,/MDdata/data03/jxhuang/gpcr_g/a/a_gi/7Y12/prod2_now.nc,True,,,pending_final_archive_checksum,pending_repository_deposit
Gi_7Y89,production_trajectory,/MDdata/data03/jxhuang/gpcr_g/a/a_gi/7Y89/prod2_now.nc,True,22580801056,,pending_final_archive_checksum,pending_repository_deposit
Gi_7Y89,topology,/MDdata/data03/jxhuang/gpcr_g/a/a_gi/7Y89/gpcr_g_ligand.prmtop,True,6234485,,pending_final_archive_checksum,pending_repository_deposit
Gi_7Y89,protein_only_trajectory,/MDdata/data03/jxhuang/gpcr_g/a/a_gi/7Y89/prod2_now.nc,True,,,pending_final_archive_checksum,pending_repository_deposit
Gi_7YK7,production_trajectory,/MDdata/data03/jxhuang/gpcr_g/a/a_gi/7YK7/prod2_now.nc,True,22708241056,,pending_final_archive_checksum,pending_repository_deposit
Gi_7YK7,topology,/MDdata/data03/jxhuang/gpcr_g/a/a_gi/7YK7/gpcr_g_ligand.prmtop,True,6369035,,pending_final_archive_checksum,pending_repository_deposit
Gi_7YK7,protein_only_trajectory,/MDdata/data03/jxhuang/gpcr_g/a/a_gi/7YK7/prod2_now.nc,True,,,pending_final_archive_checksum,pending_repository_deposit
Gi_7YKD,production_trajectory,/MDdata/data03/jxhuang/gpcr_g/a/a_gi/7YKD/prod2_now.nc,True,23558921056,,pending_final_archive_checksum,pending_repository_deposit
Gi_7YKD,topology,/MDdata/data03/jxhuang/gpcr_g/a/a_gi/7YKD/gpcr_g_ligand.prmtop,True,6444174,,pending_final_archive_checksum,pending_repository_deposit
Gi_7YKD,protein_only_trajectory,/MDdata/data03/jxhuang/gpcr_g/a/a_gi/7YKD/prod2_now.nc,True,,,pending_final_archive_checksum,pending_repository_deposit
Gi_7YON,production_trajectory,/MDdata/data03/jxhuang/gpcr_g/a/a_gi/7YON/prod2_now.nc,True,25454681056,,pending_final_archive_checksum,pending_repository_deposit
Gi_7YON,topology,/MDdata/data03/jxhuang/gpcr_g/a/a_gi/7YON/gpcr_g_ligand.prmtop,True,6761838,,pending_final_archive_checksum,pending_repository_deposit
Gi_7YON,protein_only_trajectory,/MDdata/data03/jxhuang/gpcr_g/a/a_gi/7YON/prod2_now.nc,True,,,pending_final_archive_checksum,pending_repository_deposit
Gi_7YU8,production_trajectory,/MDdata/data03/jxhuang/gpcr_g/a/a_gi/7YU8/prod2_now.nc,True,23148521056,,pending_final_archive_checksum,pending_repository_deposit
Gi_7YU8,topology,/MDdata/data03/jxhuang/gpcr_g/a/a_gi/7YU8/gpcr_g_ligand.prmtop,True,6468490,,pending_final_archive_checksum,pending_repository_deposit
Gi_7YU8,protein_only_trajectory,/MDdata/data03/jxhuang/gpcr_g/a/a_gi/7YU8/prod2_now.nc,True,,,pending_final_archive_checksum,pending_repository_deposit
Gi_8DZQ,production_trajectory,/MDdata/data03/jxhuang/gpcr_g/a/a_gi/8DZQ/prod2_now.nc,True,22905161056,,pending_final_archive_checksum,pending_repository_deposit
Gi_8DZQ,topology,/MDdata/data03/jxhuang/gpcr_g/a/a_gi/8DZQ/gpcr_g_ligand.prmtop,True,6492167,,pending_final_archive_checksum,pending_repository_deposit
Gi_8DZQ,protein_only_trajectory,/MDdata/data03/jxhuang/gpcr_g/a/a_gi/8DZQ/prod2_now.nc,True,,,pending_final_archive_checksum,pending_repository_deposit
Gi_8EFO,production_trajectory,/MDdata/data03/jxhuang/gpcr_g/a/a_gi/8EFO/prod2_now.nc,True,22990841056,,pending_final_archive_checksum,pending_repository_deposit
Gi_8EFO,topology,/MDdata/data03/jxhuang/gpcr_g/a/a_gi/8EFO/gpcr_g_ligand.prmtop,True,6415690,,pending_final_archive_checksum,pending_repository_deposit
Gi_8EFO,protein_only_trajectory,/MDdata/data03/jxhuang/gpcr_g/a/a_gi/8EFO/prod2_now.nc,True,,,pending_final_archive_checksum,pending_repository_deposit
Gi_8F7S,production_trajectory,/MDdata/data03/jxhuang/gpcr_g/a/a_gi/8F7S/prod2_now.nc,True,22915961056,,pending_final_archive_checksum,pending_repository_deposit
Gi_8F7S,topology,/MDdata/data03/jxhuang/gpcr_g/a/a_gi/8F7S/gpcr_g_ligand.prmtop,True,6494785,,pending_final_archive_checksum,pending_repository_deposit
Gi_8F7S,protein_only_trajectory,/MDdata/data03/jxhuang/gpcr_g/a/a_gi/8F7S/prod2_now.nc,True,,,pending_final_archive_checksum,pending_repository_deposit
Gi_8HK5,production_trajectory,/MDdata/data03/jxhuang/gpcr_g/a/a_gi/8HK5/prod2_now.nc,True,23258321056,,pending_final_archive_checksum,pending_repository_deposit
Gi_8HK5,topology,/MDdata/data03/jxhuang/gpcr_g/a/a_gi/8HK5/gpcr_g_ligand.prmtop,True,6756781,,pending_final_archive_checksum,pending_repository_deposit
Gi_8HK5,protein_only_trajectory,/MDdata/data03/jxhuang/gpcr_g/a/a_gi/8HK5/prod2_now.nc,True,,,pending_final_archive_checksum,pending_repository_deposit
Gi_8HQM,production_trajectory,/MDdata/data03/jxhuang/gpcr_g/a/a_gi/8HQM/prod2_now.nc,True,22369121056,,pending_final_archive_checksum,pending_repository_deposit
Gi_8HQM,topology,/MDdata/data03/jxhuang/gpcr_g/a/a_gi/8HQM/gpcr_g_ligand.prmtop,True,6249432,,pending_final_archive_checksum,pending_repository_deposit
Gi_8HQM,protein_only_trajectory,/MDdata/data03/jxhuang/gpcr_g/a/a_gi/8HQM/prod2_now.nc,True,,,pending_final_archive_checksum,pending_repository_deposit
Gi_8HS3,production_trajectory,/MDdata/data03/jxhuang/gpcr_g/a/a_gi/8HS3/prod2_now.nc,True,23806601056,,pending_final_archive_checksum,pending_repository_deposit
Gi_8HS3,topology,/MDdata/data03/jxhuang/gpcr_g/a/a_gi/8HS3/gpcr_g_ligand.prmtop,True,6241222,,pending_final_archive_checksum,pending_repository_deposit
Gi_8HS3,protein_only_trajectory,/MDdata/data03/jxhuang/gpcr_g/a/a_gi/8HS3/prod2_now.nc,True,,,pending_final_archive_checksum,pending_repository_deposit
Gi_8IC0,production_trajectory,/MDdata/data03/jxhuang/gpcr_g/a/a_gi/8IC0/prod2_now.nc,True,23415641056,,pending_final_archive_checksum,pending_repository_deposit
Gi_8IC0,topology,/MDdata/data03/jxhuang/gpcr_g/a/a_gi/8IC0/gpcr_g_ligand.prmtop,True,6921056,,pending_final_archive_checksum,pending_repository_deposit
Gi_8IC0,protein_only_trajectory,/MDdata/data03/jxhuang/gpcr_g/a/a_gi/8IC0/prod2_now.nc,True,,,pending_final_archive_checksum,pending_repository_deposit
Gi_8ID9,production_trajectory,/MDdata/data03/jxhuang/gpcr_g/a/a_gi/8ID9/prod2_now.nc,True,23146721056,,pending_final_archive_checksum,pending_repository_deposit
Gi_8ID9,topology,/MDdata/data03/jxhuang/gpcr_g/a/a_gi/8ID9/gpcr_g_ligand.prmtop,True,6661736,,pending_final_archive_checksum,pending_repository_deposit
Gi_8ID9,protein_only_trajectory,/MDdata/data03/jxhuang/gpcr_g/a/a_gi/8ID9/prod2_now.nc,True,,,pending_final_archive_checksum,pending_repository_deposit
Gi_8IHJ,production_trajectory,/MDdata/data03/jxhuang/gpcr_g/a/a_gi/8IHJ/prod2_now.nc,True,22901921056,,pending_final_archive_checksum,pending_repository_deposit
Gi_8IHJ,topology,/MDdata/data03/jxhuang/gpcr_g/a/a_gi/8IHJ/gpcr_g_ligand.prmtop,True,6619590,,pending_final_archive_checksum,pending_repository_deposit
Gi_8IHJ,protein_only_trajectory,/MDdata/data03/jxhuang/gpcr_g/a/a_gi/8IHJ/prod2_now.nc,True,,,pending_final_archive_checksum,pending_repository_deposit
Gi_8IRU,production_trajectory,/MDdata/data03/jxhuang/gpcr_g/a/a_gi/8IRU/prod2_now.nc,True,32315561056,,pending_final_archive_checksum,pending_repository_deposit
Gi_8IRU,topology,/MDdata/data03/jxhuang/gpcr_g/a/a_gi/8IRU/gpcr_g_ligand.prmtop,True,6908114,,pending_final_archive_checksum,pending_repository_deposit
Gi_8IRU,protein_only_trajectory,/MDdata/data03/jxhuang/gpcr_g/a/a_gi/8IRU/prod2_now.nc,True,,,pending_final_archive_checksum,pending_repository_deposit
Gi_8IU2,production_trajectory,/MDdata/data03/jxhuang/gpcr_g/a/a_gi/8IU2/prod2_now.nc,True,22938281056,,pending_final_archive_checksum,pending_repository_deposit
Gi_8IU2,topology,/MDdata/data03/jxhuang/gpcr_g/a/a_gi/8IU2/gpcr_g_ligand.prmtop,True,6602758,,pending_final_archive_checksum,pending_repository_deposit
Gi_8IU2,protein_only_trajectory,/MDdata/data03/jxhuang/gpcr_g/a/a_gi/8IU2/prod2_now.nc,True,,,pending_final_archive_checksum,pending_repository_deposit
Gi_8IY5,production_trajectory,/MDdata/data03/jxhuang/gpcr_g/a/a_gi/8IY5/prod2_now.nc,True,23057801056,,pending_final_archive_checksum,pending_repository_deposit
Gi_8IY5,topology,/MDdata/data03/jxhuang/gpcr_g/a/a_gi/8IY5/gpcr_g_ligand.prmtop,True,6662276,,pending_final_archive_checksum,pending_repository_deposit
Gi_8IY5,protein_only_trajectory,/MDdata/data03/jxhuang/gpcr_g/a/a_gi/8IY5/prod2_now.nc,True,,,pending_final_archive_checksum,pending_repository_deposit
Gi_8J18,production_trajectory,/MDdata/data03/jxhuang/gpcr_g/a/a_gi/8J18/prod2_now.nc,True,26325881056,,pending_final_archive_checksum,pending_repository_deposit
Gi_8J18,topology,/MDdata/data03/jxhuang/gpcr_g/a/a_gi/8J18/gpcr_g_ligand.prmtop,True,6950410,,pending_final_archive_checksum,pending_repository_deposit
Gi_8J18,protein_only_trajectory,/MDdata/data03/jxhuang/gpcr_g/a/a_gi/8J18/prod2_now.nc,True,,,pending_final_archive_checksum,pending_repository_deposit
Gi_8J21,production_trajectory,/MDdata/data03/jxhuang/gpcr_g/a/a_gi/8J21/prod2_now.nc,True,24536321056,,pending_final_archive_checksum,pending_repository_deposit
Gi_8J21,topology,/MDdata/data03/jxhuang/gpcr_g/a/a_gi/8J21/gpcr_g_ligand.prmtop,True,6456966,,pending_final_archive_checksum,pending_repository_deposit
Gi_8J21,protein_only_trajectory,/MDdata/data03/jxhuang/gpcr_g/a/a_gi/8J21/prod2_now.nc,True,,,pending_final_archive_checksum,pending_repository_deposit
Gi_8J22,production_trajectory,/MDdata/data03/jxhuang/gpcr_g/a/a_gi/8J22/prod1_now.trr,True,15172157064,,pending_final_archive_checksum,pending_repository_deposit
Gi_8J22,topology,/MDdata/data03/jxhuang/gpcr_g/a/a_gi/8J22/now.tpr,True,18307888,,pending_final_archive_checksum,pending_repository_deposit
Gi_8J22,protein_only_trajectory,/MDdata/data03/jxhuang/gpcr_g/a/a_gi/8J22/traj1.xtc,True,,,pending_final_archive_checksum,pending_repository_deposit
Gi_8J6D,production_trajectory,/MDdata/data03/jxhuang/gpcr_g/a/a_gi/8J6D/prod2_now.nc,True,50781761056,,pending_final_archive_checksum,pending_repository_deposit
Gi_8J6D,topology,/MDdata/data03/jxhuang/gpcr_g/a/a_gi/8J6D/gpcr_g_ligand.prmtop,True,7386666,,pending_final_archive_checksum,pending_repository_deposit
Gi_8J6D,protein_only_trajectory,/MDdata/data03/jxhuang/gpcr_g/a/a_gi/8J6D/prod2_now.nc,True,,,pending_final_archive_checksum,pending_repository_deposit
Gi_8JZZ,production_trajectory,/MDdata/data03/jxhuang/gpcr_g/a/a_gi/8JZZ/prod2_now.nc,True,22992641056,,pending_final_archive_checksum,pending_repository_deposit
Gi_8JZZ,topology,/MDdata/data03/jxhuang/gpcr_g/a/a_gi/8JZZ/gpcr_g_ligand.prmtop,True,6383510,,pending_final_archive_checksum,pending_repository_deposit
Gi_8JZZ,protein_only_trajectory,/MDdata/data03/jxhuang/gpcr_g/a/a_gi/8JZZ/prod2_now.nc,True,,,pending_final_archive_checksum,pending_repository_deposit
Gi_8K3Z,production_trajectory,/MDdata/data03/jxhuang/gpcr_g/a/a_gi/8K3Z/prod2_now.nc,True,24753041056,,pending_final_archive_checksum,pending_repository_deposit
Gi_8K3Z,topology,/MDdata/data03/jxhuang/gpcr_g/a/a_gi/8K3Z/gpcr_g_ligand.prmtop,True,6828914,,pending_final_archive_checksum,pending_repository_deposit
Gi_8K3Z,protein_only_trajectory,/MDdata/data03/jxhuang/gpcr_g/a/a_gi/8K3Z/prod2_now.nc,True,,,pending_final_archive_checksum,pending_repository_deposit
Gi_8K6O,production_trajectory,/MDdata/data03/jxhuang/gpcr_g/a/a_gi/8K6O/prod2_now.nc,True,23838641056,,pending_final_archive_checksum,pending_repository_deposit
Gi_8K6O,topology,/MDdata/data03/jxhuang/gpcr_g/a/a_gi/8K6O/gpcr_g_ligand.prmtop,True,6836930,,pending_final_archive_checksum,pending_repository_deposit
Gi_8K6O,protein_only_trajectory,/MDdata/data03/jxhuang/gpcr_g/a/a_gi/8K6O/prod2_now.nc,True,,,pending_final_archive_checksum,pending_repository_deposit
Gi_8KFX,production_trajectory,/MDdata/data03/jxhuang/gpcr_g/a/a_gi/8KFX/prod2_now.nc,True,22659281056,,pending_final_archive_checksum,pending_repository_deposit
Gi_8KFX,topology,/MDdata/data03/jxhuang/gpcr_g/a/a_gi/8KFX/gpcr_g_ligand.prmtop,True,6588274,,pending_final_archive_checksum,pending_repository_deposit
Gi_8KFX,protein_only_trajectory,/MDdata/data03/jxhuang/gpcr_g/a/a_gi/8KFX/prod2_now.nc,True,,,pending_final_archive_checksum,pending_repository_deposit
Gi_8PJK,production_trajectory,/MDdata/data03/jxhuang/gpcr_g/a/a_gi/8PJK/prod2_now.nc,True,23280641056,,pending_final_archive_checksum,pending_repository_deposit
Gi_8PJK,topology,/MDdata/data03/jxhuang/gpcr_g/a/a_gi/8PJK/gpcr_g_ligand.prmtop,True,6937136,,pending_final_archive_checksum,pending_repository_deposit
Gi_8PJK,protein_only_trajectory,/MDdata/data03/jxhuang/gpcr_g/a/a_gi/8PJK/prod2_now.nc,True,,,pending_final_archive_checksum,pending_repository_deposit
Gi_8UGY,production_trajectory,/MDdata/data03/jxhuang/gpcr_g/a/a_gi/8UGY/prod2_now.nc,True,23199641056,,pending_final_archive_checksum,pending_repository_deposit
Gi_8UGY,topology,/MDdata/data03/jxhuang/gpcr_g/a/a_gi/8UGY/gpcr_g_ligand.prmtop,True,6676006,,pending_final_archive_checksum,pending_repository_deposit
Gi_8UGY,protein_only_trajectory,/MDdata/data03/jxhuang/gpcr_g/a/a_gi/8UGY/prod2_now.nc,True,,,pending_final_archive_checksum,pending_repository_deposit
Gi_8WWH,production_trajectory,/MDdata/data03/jxhuang/gpcr_g/a/a_gi/8WWH/prod2_now.nc,True,22669001056,,pending_final_archive_checksum,pending_repository_deposit
Gi_8WWH,topology,/MDdata/data03/jxhuang/gpcr_g/a/a_gi/8WWH/gpcr_g_ligand.prmtop,True,6479232,,pending_final_archive_checksum,pending_repository_deposit
Gi_8WWH,protein_only_trajectory,/MDdata/data03/jxhuang/gpcr_g/a/a_gi/8WWH/prod2_now.nc,True,,,pending_final_archive_checksum,pending_repository_deposit
Gi_8X8L,production_trajectory,/MDdata/data03/jxhuang/gpcr_g/a/a_gi/8X8L/prod2_now.nc,True,22894001056,,pending_final_archive_checksum,pending_repository_deposit
Gi_8X8L,topology,/MDdata/data03/jxhuang/gpcr_g/a/a_gi/8X8L/gpcr_g_ligand.prmtop,True,6413387,,pending_final_archive_checksum,pending_repository_deposit
Gi_8X8L,protein_only_trajectory,/MDdata/data03/jxhuang/gpcr_g/a/a_gi/8X8L/prod2_now.nc,True,,,pending_final_archive_checksum,pending_repository_deposit
Gi_8XGM,production_trajectory,/MDdata/data03/jxhuang/gpcr_g/a/a_gi/8XGM/prod2_now.nc,True,23818841056,,pending_final_archive_checksum,pending_repository_deposit
Gi_8XGM,topology,/MDdata/data03/jxhuang/gpcr_g/a/a_gi/8XGM/gpcr_g_ligand.prmtop,True,7403383,,pending_final_archive_checksum,pending_repository_deposit
Gi_8XGM,protein_only_trajectory,/MDdata/data03/jxhuang/gpcr_g/a/a_gi/8XGM/prod2_now.nc,True,,,pending_final_archive_checksum,pending_repository_deposit
Gi_8XIP,production_trajectory,/MDdata/data03/jxhuang/gpcr_g/a/a_gi/8XIP/prod2_now.nc,True,22945481056,,pending_final_archive_checksum,pending_repository_deposit
Gi_8XIP,topology,/MDdata/data03/jxhuang/gpcr_g/a/a_gi/8XIP/gpcr_g_ligand.prmtop,True,6171016,,pending_final_archive_checksum,pending_repository_deposit
Gi_8XIP,protein_only_trajectory,/MDdata/data03/jxhuang/gpcr_g/a/a_gi/8XIP/prod2_now.nc,True,,,pending_final_archive_checksum,pending_repository_deposit
Gi_8XIQ,production_trajectory,/MDdata/data03/jxhuang/gpcr_g/a/a_gi/8XIQ/prod2_now.nc,True,22980761056,,pending_final_archive_checksum,pending_repository_deposit
Gi_8XIQ,topology,/MDdata/data03/jxhuang/gpcr_g/a/a_gi/8XIQ/gpcr_g_ligand.prmtop,True,6466747,,pending_final_archive_checksum,pending_repository_deposit
Gi_8XIQ,protein_only_trajectory,/MDdata/data03/jxhuang/gpcr_g/a/a_gi/8XIQ/prod2_now.nc,True,,,pending_final_archive_checksum,pending_repository_deposit
Gi_8XXU,production_trajectory,/MDdata/data03/jxhuang/gpcr_g/a/a_gi/8XXU/prod2_now.nc,True,22504121056,,pending_final_archive_checksum,pending_repository_deposit
Gi_8XXU,topology,/MDdata/data03/jxhuang/gpcr_g/a/a_gi/8XXU/gpcr_g_ligand.prmtop,True,6507668,,pending_final_archive_checksum,pending_repository_deposit
Gi_8XXU,protein_only_trajectory,/MDdata/data03/jxhuang/gpcr_g/a/a_gi/8XXU/prod2_now.nc,True,,,pending_final_archive_checksum,pending_repository_deposit
Gi_8XYD,production_trajectory,/MDdata/data03/jxhuang/gpcr_g/a/a_gi/8XYD/prod2_now.nc,True,23179121056,,pending_final_archive_checksum,pending_repository_deposit
Gi_8XYD,topology,/MDdata/data03/jxhuang/gpcr_g/a/a_gi/8XYD/gpcr_g_ligand.prmtop,True,6665601,,pending_final_archive_checksum,pending_repository_deposit
Gi_8XYD,protein_only_trajectory,/MDdata/data03/jxhuang/gpcr_g/a/a_gi/8XYD/prod2_now.nc,True,,,pending_final_archive_checksum,pending_repository_deposit
Gi_8XZI,production_trajectory,/MDdata/data03/jxhuang/gpcr_g/a/a_gi/8XZI/prod2_now.nc,True,22894361056,,pending_final_archive_checksum,pending_repository_deposit
Gi_8XZI,topology,/MDdata/data03/jxhuang/gpcr_g/a/a_gi/8XZI/gpcr_g_ligand.prmtop,True,6576963,,pending_final_archive_checksum,pending_repository_deposit
Gi_8XZI,protein_only_trajectory,/MDdata/data03/jxhuang/gpcr_g/a/a_gi/8XZI/prod2_now.nc,True,,,pending_final_archive_checksum,pending_repository_deposit
Gi_8YNA,production_trajectory,/MDdata/data03/jxhuang/gpcr_g/a/a_gi/8YNA/prod2_now.nc,True,23158601056,,pending_final_archive_checksum,pending_repository_deposit
Gi_8YNA,topology,/MDdata/data03/jxhuang/gpcr_g/a/a_gi/8YNA/gpcr_g_ligand.prmtop,True,6883048,,pending_final_archive_checksum,pending_repository_deposit
Gi_8YNA,protein_only_trajectory,/MDdata/data03/jxhuang/gpcr_g/a/a_gi/8YNA/prod2_now.nc,True,,,pending_final_archive_checksum,pending_repository_deposit
Gi_8ZQE,production_trajectory,/MDdata/data03/jxhuang/gpcr_g/a/a_gi/8ZQE/prod2_now.nc,True,22951961056,,pending_final_archive_checksum,pending_repository_deposit
Gi_8ZQE,topology,/MDdata/data03/jxhuang/gpcr_g/a/a_gi/8ZQE/gpcr_g_ligand.prmtop,True,6682699,,pending_final_archive_checksum,pending_repository_deposit
Gi_8ZQE,protein_only_trajectory,/MDdata/data03/jxhuang/gpcr_g/a/a_gi/8ZQE/prod2_now.nc,True,,,pending_final_archive_checksum,pending_repository_deposit
Gi_9AST,production_trajectory,/MDdata/data03/jxhuang/gpcr_g/a/a_gi/9AST/prod2_now.nc,True,22897961056,,pending_final_archive_checksum,pending_repository_deposit
Gi_9AST,topology,/MDdata/data03/jxhuang/gpcr_g/a/a_gi/9AST/gpcr_g_ligand.prmtop,True,6529260,,pending_final_archive_checksum,pending_repository_deposit
Gi_9AST,protein_only_trajectory,/MDdata/data03/jxhuang/gpcr_g/a/a_gi/9AST/prod2_now.nc,True,,,pending_final_archive_checksum,pending_repository_deposit
Gi_9IIX,production_trajectory,/MDdata/data03/jxhuang/gpcr_g/a/a_gi/9IIX/prod2_now.nc,True,22255721056,,pending_final_archive_checksum,pending_repository_deposit
Gi_9IIX,topology,/MDdata/data03/jxhuang/gpcr_g/a/a_gi/9IIX/gpcr_g_ligand.prmtop,True,5873885,,pending_final_archive_checksum,pending_repository_deposit
Gi_9IIX,protein_only_trajectory,/MDdata/data03/jxhuang/gpcr_g/a/a_gi/9IIX/prod2_now.nc,True,,,pending_final_archive_checksum,pending_repository_deposit
Gi_9J5V,production_trajectory,/MDdata/data03/jxhuang/gpcr_g/a/a_gi/9J5V/prod2_now.nc,True,23094161056,,pending_final_archive_checksum,pending_repository_deposit
Gi_9J5V,topology,/MDdata/data03/jxhuang/gpcr_g/a/a_gi/9J5V/gpcr_g_ligand.prmtop,True,6456010,,pending_final_archive_checksum,pending_repository_deposit
Gi_9J5V,protein_only_trajectory,/MDdata/data03/jxhuang/gpcr_g/a/a_gi/9J5V/prod2_now.nc,True,,,pending_final_archive_checksum,pending_repository_deposit
Gq_6OIJ,production_trajectory,/MDdata/data01/jxhuang/gpcr_g/a/a_gq/6OIJ/prod2_now.nc,True,25386281056,,pending_final_archive_checksum,pending_repository_deposit
Gq_6OIJ,topology,/MDdata/data01/jxhuang/gpcr_g/a/a_gq/6OIJ/now.prmtop,True,28341521,,pending_final_archive_checksum,pending_repository_deposit
Gq_6OIJ,protein_only_trajectory,/MDdata/data01/jxhuang/gpcr_g/a/a_gq/6OIJ/prod2_now.nc,True,,,pending_final_archive_checksum,pending_repository_deposit
Gq_7DFL,production_trajectory,/MDdata/data01/jxhuang/gpcr_g/a/a_gq/7DFL/prod2_now.nc,True,27194921056,,pending_final_archive_checksum,pending_repository_deposit
Gq_7DFL,topology,/MDdata/data01/jxhuang/gpcr_g/a/a_gq/7DFL/now.prmtop,True,30297766,,pending_final_archive_checksum,pending_repository_deposit
Gq_7DFL,protein_only_trajectory,/MDdata/data01/jxhuang/gpcr_g/a/a_gq/7DFL/prod2_now.nc,True,,,pending_final_archive_checksum,pending_repository_deposit
Gq_7DWC,production_trajectory,/MDdata/data01/jxhuang/gpcr_g/a/a_gq/7DWC/prod2_now.nc,True,22121801056,,pending_final_archive_checksum,pending_repository_deposit
Gq_7DWC,topology,/MDdata/data01/jxhuang/gpcr_g/a/a_gq/7DWC/now.prmtop,True,24731298,,pending_final_archive_checksum,pending_repository_deposit
Gq_7DWC,protein_only_trajectory,/MDdata/data01/jxhuang/gpcr_g/a/a_gq/7DWC/prod2_now.nc,True,,,pending_final_archive_checksum,pending_repository_deposit
Gq_7E9W,production_trajectory,/MDdata/data01/jxhuang/gpcr_g/a/a_gq/7E9W/prod2_now.nc,True,32411681056,,pending_final_archive_checksum,pending_repository_deposit
Gq_7E9W,topology,/MDdata/data01/jxhuang/gpcr_g/a/a_gq/7E9W/now.prmtop,True,36238738,,pending_final_archive_checksum,pending_repository_deposit
Gq_7E9W,protein_only_trajectory,/MDdata/data01/jxhuang/gpcr_g/a/a_gq/7E9W/prod2_now.nc,True,,,pending_final_archive_checksum,pending_repository_deposit
Gq_7EIB,production_trajectory,/MDdata/data01/jxhuang/gpcr_g/a/a_gq/7EIB/prod2_now.nc,True,23757281056,,pending_final_archive_checksum,pending_repository_deposit
Gq_7EIB,topology,/MDdata/data01/jxhuang/gpcr_g/a/a_gq/7EIB/now.prmtop,True,26557754,,pending_final_archive_checksum,pending_repository_deposit
Gq_7EIB,protein_only_trajectory,/MDdata/data01/jxhuang/gpcr_g/a/a_gq/7EIB/prod2_now.nc,True,,,pending_final_archive_checksum,pending_repository_deposit
Gq_7EZM,production_trajectory,/MDdata/data01/jxhuang/gpcr_g/a/a_gq/7EZM/prod2_now.nc,True,23315201056,,pending_final_archive_checksum,pending_repository_deposit
Gq_7EZM,topology,/MDdata/data01/jxhuang/gpcr_g/a/a_gq/7EZM/now.prmtop,True,25989854,,pending_final_archive_checksum,pending_repository_deposit
Gq_7EZM,protein_only_trajectory,/MDdata/data01/jxhuang/gpcr_g/a/a_gq/7EZM/prod2_now.nc,True,,,pending_final_archive_checksum,pending_repository_deposit
Gq_7F2O,production_trajectory,/MDdata/data01/jxhuang/gpcr_g/a/a_gq/7F2O/prod2_now.nc,True,23954921056,,pending_final_archive_checksum,pending_repository_deposit
Gq_7F2O,topology,/MDdata/data01/jxhuang/gpcr_g/a/a_gq/7F2O/now.prmtop,True,26778031,,pending_final_archive_checksum,pending_repository_deposit
Gq_7F2O,protein_only_trajectory,/MDdata/data01/jxhuang/gpcr_g/a/a_gq/7F2O/prod2_now.nc,True,,,pending_final_archive_checksum,pending_repository_deposit
Gq_7F6G,production_trajectory,/MDdata/data01/jxhuang/gpcr_g/a/a_gq/7F6G/prod2_now.nc,True,22887521056,,pending_final_archive_checksum,pending_repository_deposit
Gq_7F6G,topology,/MDdata/data01/jxhuang/gpcr_g/a/a_gq/7F6G/now.prmtop,True,25527491,,pending_final_archive_checksum,pending_repository_deposit
Gq_7F6G,protein_only_trajectory,/MDdata/data01/jxhuang/gpcr_g/a/a_gq/7F6G/prod2_now.nc,True,,,pending_final_archive_checksum,pending_repository_deposit
Gq_7F8W,production_trajectory,/MDdata/data01/jxhuang/gpcr_g/a/a_gq/7F8W/prod2_now.nc,True,24497801056,,pending_final_archive_checksum,pending_repository_deposit
Gq_7F8W,topology,/MDdata/data01/jxhuang/gpcr_g/a/a_gq/7F8W/now.prmtop,True,27323919,,pending_final_archive_checksum,pending_repository_deposit
Gq_7F8W,protein_only_trajectory,/MDdata/data01/jxhuang/gpcr_g/a/a_gq/7F8W/prod2_now.nc,True,,,pending_final_archive_checksum,pending_repository_deposit
Gq_7F9Z,production_trajectory,/MDdata/data01/jxhuang/gpcr_g/a/a_gq/7F9Z/prod2_now.nc,True,22328441056,,pending_final_archive_checksum,pending_repository_deposit
Gq_7F9Z,topology,/MDdata/data01/jxhuang/gpcr_g/a/a_gq/7F9Z/now.prmtop,True,24954189,,pending_final_archive_checksum,pending_repository_deposit
Gq_7F9Z,protein_only_trajectory,/MDdata/data01/jxhuang/gpcr_g/a/a_gq/7F9Z/prod2_now.nc,True,,,pending_final_archive_checksum,pending_repository_deposit
Gq_7P00,production_trajectory,/MDdata/data01/jxhuang/gpcr_g/a/a_gq/7P00/prod2_now.nc,True,21972401056,,pending_final_archive_checksum,pending_repository_deposit
Gq_7P00,topology,/MDdata/data01/jxhuang/gpcr_g/a/a_gq/7P00/now.prmtop,True,24555362,,pending_final_archive_checksum,pending_repository_deposit
Gq_7P00,protein_only_trajectory,/MDdata/data01/jxhuang/gpcr_g/a/a_gq/7P00/prod2_now.nc,True,,,pending_final_archive_checksum,pending_repository_deposit
Gq_7S8L,production_trajectory,/MDdata/data01/jxhuang/gpcr_g/a/a_gq/7S8L/prod2_now.nc,True,21947561056,,pending_final_archive_checksum,pending_repository_deposit
Gq_7S8L,topology,/MDdata/data01/jxhuang/gpcr_g/a/a_gq/7S8L/now.prmtop,True,24533711,,pending_final_archive_checksum,pending_repository_deposit
Gq_7S8L,protein_only_trajectory,/MDdata/data01/jxhuang/gpcr_g/a/a_gq/7S8L/prod2_now.nc,True,,,pending_final_archive_checksum,pending_repository_deposit
Gq_7S8P,production_trajectory,/MDdata/data01/jxhuang/gpcr_g/a/a_gq/7S8P/prod2_now.nc,True,22835321056,,pending_final_archive_checksum,pending_repository_deposit
Gq_7S8P,topology,/MDdata/data01/jxhuang/gpcr_g/a/a_gq/7S8P/now.prmtop,True,25524223,,pending_final_archive_checksum,pending_repository_deposit
Gq_7S8P,protein_only_trajectory,/MDdata/data01/jxhuang/gpcr_g/a/a_gq/7S8P/prod2_now.nc,True,,,pending_final_archive_checksum,pending_repository_deposit
Gq_7SR8,production_trajectory,/MDdata/data01/jxhuang/gpcr_g/a/a_gq/7SR8/prod2_now.nc,True,25073801056,,pending_final_archive_checksum,pending_repository_deposit
Gq_7SR8,topology,/MDdata/data01/jxhuang/gpcr_g/a/a_gq/7SR8/now.prmtop,True,28073874,,pending_final_archive_checksum,pending_repository_deposit
Gq_7SR8,protein_only_trajectory,/MDdata/data01/jxhuang/gpcr_g/a/a_gq/7SR8/prod2_now.nc,True,,,pending_final_archive_checksum,pending_repository_deposit
Gq_7SRR,production_trajectory,/MDdata/data01/jxhuang/gpcr_g/a/a_gq/7SRR/prod2_now.nc,True,27775601056,,pending_final_archive_checksum,pending_repository_deposit
Gq_7SRR,topology,/MDdata/data01/jxhuang/gpcr_g/a/a_gq/7SRR/now.prmtop,True,31120063,,pending_final_archive_checksum,pending_repository_deposit
Gq_7SRR,protein_only_trajectory,/MDdata/data01/jxhuang/gpcr_g/a/a_gq/7SRR/prod2_now.nc,True,,,pending_final_archive_checksum,pending_repository_deposit
Gq_7W3Z,production_trajectory,/MDdata/data01/jxhuang/gpcr_g/a/a_gq/7W3Z/prod2_now.nc,True,23130521056,,pending_final_archive_checksum,pending_repository_deposit
Gq_7W3Z,topology,/MDdata/data01/jxhuang/gpcr_g/a/a_gq/7W3Z/now.prmtop,True,25804517,,pending_final_archive_checksum,pending_repository_deposit
Gq_7W3Z,protein_only_trajectory,/MDdata/data01/jxhuang/gpcr_g/a/a_gq/7W3Z/prod2_now.nc,True,,,pending_final_archive_checksum,pending_repository_deposit
Gq_7W53,production_trajectory,/MDdata/data01/jxhuang/gpcr_g/a/a_gq/7W53/prod2_now.nc,True,22442561056,,pending_final_archive_checksum,pending_repository_deposit
Gq_7W53,topology,/MDdata/data01/jxhuang/gpcr_g/a/a_gq/7W53/now.prmtop,True,25080064,,pending_final_archive_checksum,pending_repository_deposit
Gq_7W53,protein_only_trajectory,/MDdata/data01/jxhuang/gpcr_g/a/a_gq/7W53/prod2_now.nc,True,,,pending_final_archive_checksum,pending_repository_deposit
Gq_7W55,production_trajectory,/MDdata/data01/jxhuang/gpcr_g/a/a_gq/7W55/prod2_now.nc,True,22318361056,,pending_final_archive_checksum,pending_repository_deposit
Gq_7W55,topology,/MDdata/data01/jxhuang/gpcr_g/a/a_gq/7W55/now.prmtop,True,24927700,,pending_final_archive_checksum,pending_repository_deposit
Gq_7W55,protein_only_trajectory,/MDdata/data01/jxhuang/gpcr_g/a/a_gq/7W55/prod2_now.nc,True,,,pending_final_archive_checksum,pending_repository_deposit
Gq_7XJL,production_trajectory,/MDdata/data01/jxhuang/gpcr_g/a/a_gq/7XJL/prod2_now.nc,True,22787441056,,pending_final_archive_checksum,pending_repository_deposit
Gq_7XJL,topology,/MDdata/data01/jxhuang/gpcr_g/a/a_gq/7XJL/now.prmtop,True,25406093,,pending_final_archive_checksum,pending_repository_deposit
Gq_7XJL,protein_only_trajectory,/MDdata/data01/jxhuang/gpcr_g/a/a_gq/7XJL/prod2_now.nc,True,,,pending_final_archive_checksum,pending_repository_deposit
Gq_7XW9,production_trajectory,/MDdata/data01/jxhuang/gpcr_g/a/a_gq/7XW9/prod2_now.nc,True,24178121056,,pending_final_archive_checksum,pending_repository_deposit
Gq_7XW9,topology,/MDdata/data01/jxhuang/gpcr_g/a/a_gq/7XW9/now.prmtop,True,27013329,,pending_final_archive_checksum,pending_repository_deposit
Gq_7XW9,protein_only_trajectory,/MDdata/data01/jxhuang/gpcr_g/a/a_gq/7XW9/prod2_now.nc,True,,,pending_final_archive_checksum,pending_repository_deposit
Gq_7XWO,production_trajectory,/MDdata/data01/jxhuang/gpcr_g/a/a_gq/7XWO/prod2_now.nc,True,22247441056,,pending_final_archive_checksum,pending_repository_deposit
Gq_7XWO,topology,/MDdata/data01/jxhuang/gpcr_g/a/a_gq/7XWO/now.prmtop,True,24842851,,pending_final_archive_checksum,pending_repository_deposit
Gq_7XWO,protein_only_trajectory,/MDdata/data01/jxhuang/gpcr_g/a/a_gq/7XWO/prod2_now.nc,True,,,pending_final_archive_checksum,pending_repository_deposit
Gq_7Y26,production_trajectory,/MDdata/data01/jxhuang/gpcr_g/a/a_gq/7Y26/prod2_now.nc,True,24516521056,,pending_final_archive_checksum,pending_repository_deposit
Gq_7Y26,topology,/MDdata/data01/jxhuang/gpcr_g/a/a_gq/7Y26/now.prmtop,True,27354459,,pending_final_archive_checksum,pending_repository_deposit
Gq_7Y26,protein_only_trajectory,/MDdata/data01/jxhuang/gpcr_g/a/a_gq/7Y26/prod2_now.nc,True,,,pending_final_archive_checksum,pending_repository_deposit
Gq_8DWC,production_trajectory,/MDdata/data01/jxhuang/gpcr_g/a/a_gq/8DWC/prod2_now.nc,True,22121801056,,pending_final_archive_checksum,pending_repository_deposit
Gq_8DWC,topology,/MDdata/data01/jxhuang/gpcr_g/a/a_gq/8DWC/now.prmtop,True,24731298,,pending_final_archive_checksum,pending_repository_deposit
Gq_8DWC,protein_only_trajectory,/MDdata/data01/jxhuang/gpcr_g/a/a_gq/8DWC/prod2_now.nc,True,,,pending_final_archive_checksum,pending_repository_deposit
Gq_8E9W,production_trajectory,/MDdata/data01/jxhuang/gpcr_g/a/a_gq/8E9W/prod2_now.nc,True,32411681056,,pending_final_archive_checksum,pending_repository_deposit
Gq_8E9W,topology,/MDdata/data01/jxhuang/gpcr_g/a/a_gq/8E9W/now.prmtop,True,36238738,,pending_final_archive_checksum,pending_repository_deposit
Gq_8E9W,protein_only_trajectory,/MDdata/data01/jxhuang/gpcr_g/a/a_gq/8E9W/prod2_now.nc,True,,,pending_final_archive_checksum,pending_repository_deposit
Gq_8EJC,production_trajectory,/MDdata/data01/jxhuang/gpcr_g/a/a_gq/8EJC/prod2_now.nc,True,22283081056,,pending_final_archive_checksum,pending_repository_deposit
Gq_8EJC,topology,/MDdata/data01/jxhuang/gpcr_g/a/a_gq/8EJC/now.prmtop,True,24965439,,pending_final_archive_checksum,pending_repository_deposit
Gq_8EJC,protein_only_trajectory,/MDdata/data01/jxhuang/gpcr_g/a/a_gq/8EJC/prod2_now.nc,True,,,pending_final_archive_checksum,pending_repository_deposit
Gq_8F7X,production_trajectory,/MDdata/data01/jxhuang/gpcr_g/a/a_gq/8F7X/prod2_now.nc,True,22893281056,,pending_final_archive_checksum,pending_repository_deposit
Gq_8F7X,topology,/MDdata/data01/jxhuang/gpcr_g/a/a_gq/8F7X/now.prmtop,True,25535775,,pending_final_archive_checksum,pending_repository_deposit
Gq_8F7X,protein_only_trajectory,/MDdata/data01/jxhuang/gpcr_g/a/a_gq/8F7X/prod2_now.nc,True,,,pending_final_archive_checksum,pending_repository_deposit
Gq_8H0P,production_trajectory,/MDdata/data01/jxhuang/gpcr_g/a/a_gq/8H0P/prod2_now.nc,True,23861681056,,pending_final_archive_checksum,pending_repository_deposit
Gq_8H0P,topology,/MDdata/data01/jxhuang/gpcr_g/a/a_gq/8H0P/now.prmtop,True,26669898,,pending_final_archive_checksum,pending_repository_deposit
Gq_8H0P,protein_only_trajectory,/MDdata/data01/jxhuang/gpcr_g/a/a_gq/8H0P/prod2_now.nc,True,,,pending_final_archive_checksum,pending_repository_deposit
Gq_8HCQ,production_trajectory,/MDdata/data01/jxhuang/gpcr_g/a/a_gq/8HCQ/prod2_now.nc,True,23347601056,,pending_final_archive_checksum,pending_repository_deposit
Gq_8HCQ,topology,/MDdata/data01/jxhuang/gpcr_g/a/a_gq/8HCQ/now.prmtop,True,26016801,,pending_final_archive_checksum,pending_repository_deposit
Gq_8HCQ,protein_only_trajectory,/MDdata/data01/jxhuang/gpcr_g/a/a_gq/8HCQ/prod2_now.nc,True,,,pending_final_archive_checksum,pending_repository_deposit
Gq_8HCX,production_trajectory,/MDdata/data01/jxhuang/gpcr_g/a/a_gq/8HCX/prod2_now.nc,True,23287841056,,pending_final_archive_checksum,pending_repository_deposit
Gq_8HCX,topology,/MDdata/data01/jxhuang/gpcr_g/a/a_gq/8HCX/now.prmtop,True,25970996,,pending_final_archive_checksum,pending_repository_deposit
Gq_8HCX,protein_only_trajectory,/MDdata/data01/jxhuang/gpcr_g/a/a_gq/8HCX/prod2_now.nc,True,,,pending_final_archive_checksum,pending_repository_deposit
Gq_8IBV,production_trajectory,/MDdata/data01/jxhuang/gpcr_g/a/a_gq/8IBV/prod2_now.nc,True,23234201056,,pending_final_archive_checksum,pending_repository_deposit
Gq_8IBV,topology,/MDdata/data01/jxhuang/gpcr_g/a/a_gq/8IBV/now.prmtop,True,25866139,,pending_final_archive_checksum,pending_repository_deposit
Gq_8IBV,protein_only_trajectory,/MDdata/data01/jxhuang/gpcr_g/a/a_gq/8IBV/prod2_now.nc,True,,,pending_final_archive_checksum,pending_repository_deposit
Gq_8IUK,production_trajectory,/MDdata/data01/jxhuang/gpcr_g/a/a_gq/8IUK/prod2_now.nc,True,22062041056,,pending_final_archive_checksum,pending_repository_deposit
Gq_8IUK,topology,/MDdata/data01/jxhuang/gpcr_g/a/a_gq/8IUK/now.prmtop,True,24692010,,pending_final_archive_checksum,pending_repository_deposit
Gq_8IUK,protein_only_trajectory,/MDdata/data01/jxhuang/gpcr_g/a/a_gq/8IUK/prod2_now.nc,True,,,pending_final_archive_checksum,pending_repository_deposit
Gq_8IYS,production_trajectory,/MDdata/data01/jxhuang/gpcr_g/a/a_gq/8IYS/prod2_now.nc,True,24684641056,,pending_final_archive_checksum,pending_repository_deposit
Gq_8IYS,topology,/MDdata/data01/jxhuang/gpcr_g/a/a_gq/8IYS/now.prmtop,True,27651323,,pending_final_archive_checksum,pending_repository_deposit
Gq_8IYS,protein_only_trajectory,/MDdata/data01/jxhuang/gpcr_g/a/a_gq/8IYS/prod2_now.nc,True,,,pending_final_archive_checksum,pending_repository_deposit
Gq_8JBG,production_trajectory,/MDdata/data01/jxhuang/gpcr_g/a/a_gq/8JBG/prod2_now.nc,True,25345601056,,pending_final_archive_checksum,pending_repository_deposit
Gq_8JBG,topology,/MDdata/data01/jxhuang/gpcr_g/a/a_gq/8JBG/now.prmtop,True,28262151,,pending_final_archive_checksum,pending_repository_deposit
Gq_8JBG,protein_only_trajectory,/MDdata/data01/jxhuang/gpcr_g/a/a_gq/8JBG/prod2_now.nc,True,,,pending_final_archive_checksum,pending_repository_deposit
Gq_8WST,production_trajectory,/MDdata/data01/jxhuang/gpcr_g/a/a_gq/8WST/prod2_now.nc,True,23132681056,,pending_final_archive_checksum,pending_repository_deposit
Gq_8WST,topology,/MDdata/data01/jxhuang/gpcr_g/a/a_gq/8WST/now.prmtop,True,25768988,,pending_final_archive_checksum,pending_repository_deposit
Gq_8WST,protein_only_trajectory,/MDdata/data01/jxhuang/gpcr_g/a/a_gq/8WST/prod2_now.nc,True,,,pending_final_archive_checksum,pending_repository_deposit
Gq_8WZ2,production_trajectory,/MDdata/data01/jxhuang/gpcr_g/a/a_gq/8WZ2/prod2_now.nc,True,23311601056,,pending_final_archive_checksum,pending_repository_deposit
Gq_8WZ2,topology,/MDdata/data01/jxhuang/gpcr_g/a/a_gq/8WZ2/now.prmtop,True,25953138,,pending_final_archive_checksum,pending_repository_deposit
Gq_8WZ2,protein_only_trajectory,/MDdata/data01/jxhuang/gpcr_g/a/a_gq/8WZ2/prod2_now.nc,True,,,pending_final_archive_checksum,pending_repository_deposit
Gq_8XGS,production_trajectory,/MDdata/data01/jxhuang/gpcr_g/a/a_gq/8XGS/prod2_now.nc,True,23200721056,,pending_final_archive_checksum,pending_repository_deposit
Gq_8XGS,topology,/MDdata/data01/jxhuang/gpcr_g/a/a_gq/8XGS/now.prmtop,True,25882423,,pending_final_archive_checksum,pending_repository_deposit
Gq_8XGS,protein_only_trajectory,/MDdata/data01/jxhuang/gpcr_g/a/a_gq/8XGS/prod2_now.nc,True,,,pending_final_archive_checksum,pending_repository_deposit
Gq_8XOJ,production_trajectory,/MDdata/data01/jxhuang/gpcr_g/a/a_gq/8XOJ/prod2_now.nc,True,22908761056,,pending_final_archive_checksum,pending_repository_deposit
Gq_8XOJ,topology,/MDdata/data01/jxhuang/gpcr_g/a/a_gq/8XOJ/now.prmtop,True,25521205,,pending_final_archive_checksum,pending_repository_deposit
Gq_8XOJ,protein_only_trajectory,/MDdata/data01/jxhuang/gpcr_g/a/a_gq/8XOJ/prod2_now.nc,True,,,pending_final_archive_checksum,pending_repository_deposit
Gq_8XOR,production_trajectory,/MDdata/data01/jxhuang/gpcr_g/a/a_gq/8XOR/prod2_now.nc,True,25218521056,,pending_final_archive_checksum,pending_repository_deposit
Gq_8XOR,topology,/MDdata/data01/jxhuang/gpcr_g/a/a_gq/8XOR/now.prmtop,True,28102520,,pending_final_archive_checksum,pending_repository_deposit
Gq_8XOR,protein_only_trajectory,/MDdata/data01/jxhuang/gpcr_g/a/a_gq/8XOR/prod2_now.nc,True,,,pending_final_archive_checksum,pending_repository_deposit
Gq_8Y53,production_trajectory,/MDdata/data01/jxhuang/gpcr_g/a/a_gq/8Y53/prod2_now.nc,True,23157161056,,pending_final_archive_checksum,pending_repository_deposit
Gq_8Y53,topology,/MDdata/data01/jxhuang/gpcr_g/a/a_gq/8Y53/now.prmtop,True,25910331,,pending_final_archive_checksum,pending_repository_deposit
Gq_8Y53,protein_only_trajectory,/MDdata/data01/jxhuang/gpcr_g/a/a_gq/8Y53/prod2_now.nc,True,,,pending_final_archive_checksum,pending_repository_deposit
Gq_8ZPT,production_trajectory,/MDdata/data01/jxhuang/gpcr_g/a/a_gq/8ZPT/prod2_now.nc,True,19322715680,,pending_final_archive_checksum,pending_repository_deposit
Gq_8ZPT,topology,/MDdata/data01/jxhuang/gpcr_g/a/a_gq/8ZPT/now.prmtop,True,25836827,,pending_final_archive_checksum,pending_repository_deposit
Gq_8ZPT,protein_only_trajectory,/MDdata/data01/jxhuang/gpcr_g/a/a_gq/8ZPT/prod2_now.nc,True,,,pending_final_archive_checksum,pending_repository_deposit
Gs_3SN6,production_trajectory,/MDdata/data04/jxhuang/gpcr_g/a/a_gs/3SN6/prod2_now.nc,True,22502321056,,pending_final_archive_checksum,pending_repository_deposit
Gs_3SN6,topology,/MDdata/data04/jxhuang/gpcr_g/a/a_gs/3SN6/now.prmtop,True,25144679,,pending_final_archive_checksum,pending_repository_deposit
Gs_3SN6,protein_only_trajectory,/MDdata/data04/jxhuang/gpcr_g/a/a_gs/3SN6/prod2_now.nc,True,,,pending_final_archive_checksum,pending_repository_deposit
Gs_6GDG,production_trajectory,/MDdata/data04/jxhuang/gpcr_g/a/a_gs/6GDG/prod2_now.nc,True,28135601056,,pending_final_archive_checksum,pending_repository_deposit
Gs_6GDG,topology,/MDdata/data04/jxhuang/gpcr_g/a/a_gs/6GDG/now.prmtop,True,31508252,,pending_final_archive_checksum,pending_repository_deposit
Gs_6GDG,protein_only_trajectory,/MDdata/data04/jxhuang/gpcr_g/a/a_gs/6GDG/prod2_now.nc,True,,,pending_final_archive_checksum,pending_repository_deposit
Gs_6LI3,production_trajectory,/MDdata/data04/jxhuang/gpcr_g/a/a_gs/6LI3/prod2_now.nc,True,23141681056,,pending_final_archive_checksum,pending_repository_deposit
Gs_6LI3,topology,/MDdata/data04/jxhuang/gpcr_g/a/a_gs/6LI3/now.prmtop,True,25809591,,pending_final_archive_checksum,pending_repository_deposit
Gs_6LI3,protein_only_trajectory,/MDdata/data04/jxhuang/gpcr_g/a/a_gs/6LI3/prod2_now.nc,True,,,pending_final_archive_checksum,pending_repository_deposit
Gs_7CFN,production_trajectory,/MDdata/data04/jxhuang/gpcr_g/a/a_gs/7CFN/prod2_now.nc,True,23051681056,,pending_final_archive_checksum,pending_repository_deposit
Gs_7CFN,topology,/MDdata/data04/jxhuang/gpcr_g/a/a_gs/7CFN/now.prmtop,True,25768712,,pending_final_archive_checksum,pending_repository_deposit
Gs_7CFN,protein_only_trajectory,/MDdata/data04/jxhuang/gpcr_g/a/a_gs/7CFN/prod2_now.nc,True,,,pending_final_archive_checksum,pending_repository_deposit
Gs_7CX2,production_trajectory,/MDdata/data04/jxhuang/gpcr_g/a/a_gs/7CX2/prod2_now.nc,True,23086601056,,pending_final_archive_checksum,pending_repository_deposit
Gs_7CX2,topology,/MDdata/data04/jxhuang/gpcr_g/a/a_gs/7CX2/now.prmtop,True,25803540,,pending_final_archive_checksum,pending_repository_deposit
Gs_7CX2,protein_only_trajectory,/MDdata/data04/jxhuang/gpcr_g/a/a_gs/7CX2/prod2_now.nc,True,,,pending_final_archive_checksum,pending_repository_deposit
Gs_7D7M,production_trajectory,/MDdata/data04/jxhuang/gpcr_g/a/a_gs/7D7M/prod2_now.nc,True,24448121056,,pending_final_archive_checksum,pending_repository_deposit
Gs_7D7M,topology,/MDdata/data04/jxhuang/gpcr_g/a/a_gs/7D7M/now.prmtop,True,27318744,,pending_final_archive_checksum,pending_repository_deposit
Gs_7D7M,protein_only_trajectory,/MDdata/data04/jxhuang/gpcr_g/a/a_gs/7D7M/prod2_now.nc,True,,,pending_final_archive_checksum,pending_repository_deposit
Gs_7F4H,production_trajectory,/MDdata/data04/jxhuang/gpcr_g/a/a_gs/7F4H/prod2_now.nc,True,23036561056,,pending_final_archive_checksum,pending_repository_deposit
Gs_7F4H,topology,/MDdata/data04/jxhuang/gpcr_g/a/a_gs/7F4H/now.prmtop,True,25711084,,pending_final_archive_checksum,pending_repository_deposit
Gs_7F4H,protein_only_trajectory,/MDdata/data04/jxhuang/gpcr_g/a/a_gs/7F4H/prod2_now.nc,True,,,pending_final_archive_checksum,pending_repository_deposit
Gs_7F54,production_trajectory,/MDdata/data04/jxhuang/gpcr_g/a/a_gs/7F54/prod2_now.nc,True,23106041056,,pending_final_archive_checksum,pending_repository_deposit
Gs_7F54,topology,/MDdata/data04/jxhuang/gpcr_g/a/a_gs/7F54/now.prmtop,True,25782788,,pending_final_archive_checksum,pending_repository_deposit
Gs_7F54,protein_only_trajectory,/MDdata/data04/jxhuang/gpcr_g/a/a_gs/7F54/prod2_now.nc,True,,,pending_final_archive_checksum,pending_repository_deposit
Gs_7FIG,production_trajectory,/MDdata/data04/jxhuang/gpcr_g/a/a_gs/7FIG/prod2_now.nc,True,26330561056,,pending_final_archive_checksum,pending_repository_deposit
Gs_7FIG,topology,/MDdata/data04/jxhuang/gpcr_g/a/a_gs/7FIG/now.prmtop,True,29269208,,pending_final_archive_checksum,pending_repository_deposit
Gs_7FIG,protein_only_trajectory,/MDdata/data04/jxhuang/gpcr_g/a/a_gs/7FIG/prod2_now.nc,True,,,pending_final_archive_checksum,pending_repository_deposit
Gs_7JVQ,production_trajectory,/MDdata/data04/jxhuang/gpcr_g/a/a_gs/7JVQ/prod2_now.nc,True,23324561056,,pending_final_archive_checksum,pending_repository_deposit
Gs_7JVQ,topology,/MDdata/data04/jxhuang/gpcr_g/a/a_gs/7JVQ/now.prmtop,True,26020839,,pending_final_archive_checksum,pending_repository_deposit
Gs_7JVQ,protein_only_trajectory,/MDdata/data04/jxhuang/gpcr_g/a/a_gs/7JVQ/prod2_now.nc,True,,,pending_final_archive_checksum,pending_repository_deposit
Gs_7KH0,production_trajectory,/MDdata/data04/jxhuang/gpcr_g/a/a_gs/7KH0/prod2_now.nc,True,23097401056,,pending_final_archive_checksum,pending_repository_deposit
Gs_7KH0,topology,/MDdata/data04/jxhuang/gpcr_g/a/a_gs/7KH0/now.prmtop,True,25743844,,pending_final_archive_checksum,pending_repository_deposit
Gs_7KH0,protein_only_trajectory,/MDdata/data04/jxhuang/gpcr_g/a/a_gs/7KH0/prod2_now.nc,True,,,pending_final_archive_checksum,pending_repository_deposit
Gs_7L1V,production_trajectory,/MDdata/data04/jxhuang/gpcr_g/a/a_gs/7L1V/prod2_now.nc,True,22491161056,,pending_final_archive_checksum,pending_repository_deposit
Gs_7L1V,topology,/MDdata/data04/jxhuang/gpcr_g/a/a_gs/7L1V/now.prmtop,True,25187241,,pending_final_archive_checksum,pending_repository_deposit
Gs_7L1V,protein_only_trajectory,/MDdata/data04/jxhuang/gpcr_g/a/a_gs/7L1V/prod2_now.nc,True,,,pending_final_archive_checksum,pending_repository_deposit
Gs_7MBX,production_trajectory,/MDdata/data04/jxhuang/gpcr_g/a/a_gs/7MBX/prod2_now.nc,True,23590961056,,pending_final_archive_checksum,pending_repository_deposit
Gs_7MBX,topology,/MDdata/data04/jxhuang/gpcr_g/a/a_gs/7MBX/now.prmtop,True,26284247,,pending_final_archive_checksum,pending_repository_deposit
Gs_7MBX,protein_only_trajectory,/MDdata/data04/jxhuang/gpcr_g/a/a_gs/7MBX/prod2_now.nc,True,,,pending_final_archive_checksum,pending_repository_deposit
Gs_7RMH,production_trajectory,/MDdata/data04/jxhuang/gpcr_g/a/a_gs/7RMH/prod2_now.nc,True,22822721056,,pending_final_archive_checksum,pending_repository_deposit
Gs_7RMH,topology,/MDdata/data04/jxhuang/gpcr_g/a/a_gs/7RMH/now.prmtop,True,25455100,,pending_final_archive_checksum,pending_repository_deposit
Gs_7RMH,protein_only_trajectory,/MDdata/data04/jxhuang/gpcr_g/a/a_gs/7RMH/prod2_now.nc,True,,,pending_final_archive_checksum,pending_repository_deposit
Gs_7T9N,production_trajectory,/MDdata/data04/jxhuang/gpcr_g/a/a_gs/7T9N/prod2_now.nc,True,33445601056,,pending_final_archive_checksum,pending_repository_deposit
Gs_7T9N,topology,/MDdata/data04/jxhuang/gpcr_g/a/a_gs/7T9N/now.prmtop,True,37319728,,pending_final_archive_checksum,pending_repository_deposit
Gs_7T9N,protein_only_trajectory,/MDdata/data04/jxhuang/gpcr_g/a/a_gs/7T9N/prod2_now.nc,True,,,pending_final_archive_checksum,pending_repository_deposit
Gs_7TMW,production_trajectory,/MDdata/data04/jxhuang/gpcr_g/a/a_gs/7TMW/prod2_now.nc,True,23799401056,,pending_final_archive_checksum,pending_repository_deposit
Gs_7TMW,topology,/MDdata/data04/jxhuang/gpcr_g/a/a_gs/7TMW/now.prmtop,True,26473049,,pending_final_archive_checksum,pending_repository_deposit
Gs_7TMW,protein_only_trajectory,/MDdata/data04/jxhuang/gpcr_g/a/a_gs/7TMW/prod2_now.nc,True,,,pending_final_archive_checksum,pending_repository_deposit
Gs_7XT8,production_trajectory,/MDdata/data04/jxhuang/gpcr_g/a/a_gs/7XT8/prod2_now.nc,True,24721721056,,pending_final_archive_checksum,pending_repository_deposit
Gs_7XT8,topology,/MDdata/data04/jxhuang/gpcr_g/a/a_gs/7XT8/now.prmtop,True,27619843,,pending_final_archive_checksum,pending_repository_deposit
Gs_7XT8,protein_only_trajectory,/MDdata/data04/jxhuang/gpcr_g/a/a_gs/7XT8/prod2_now.nc,True,,,pending_final_archive_checksum,pending_repository_deposit
Gs_7XTB,production_trajectory,/MDdata/data04/jxhuang/gpcr_g/a/a_gs/7XTB/prod2_now.nc,True,23219081056,,pending_final_archive_checksum,pending_repository_deposit
Gs_7XTB,topology,/MDdata/data04/jxhuang/gpcr_g/a/a_gs/7XTB/now.prmtop,True,25936221,,pending_final_archive_checksum,pending_repository_deposit
Gs_7XTB,protein_only_trajectory,/MDdata/data04/jxhuang/gpcr_g/a/a_gs/7XTB/prod2_now.nc,True,,,pending_final_archive_checksum,pending_repository_deposit
Gs_7XTC,production_trajectory,/MDdata/data04/jxhuang/gpcr_g/a/a_gs/7XTC/prod2_now.nc,True,25723241056,,pending_final_archive_checksum,pending_repository_deposit
Gs_7XTC,topology,/MDdata/data04/jxhuang/gpcr_g/a/a_gs/7XTC/now.prmtop,True,28750916,,pending_final_archive_checksum,pending_repository_deposit
Gs_7XTC,protein_only_trajectory,/MDdata/data04/jxhuang/gpcr_g/a/a_gs/7XTC/prod2_now.nc,True,,,pending_final_archive_checksum,pending_repository_deposit
Gs_7XV3,production_trajectory,/MDdata/data04/jxhuang/gpcr_g/a/a_gs/7XV3/prod2_now.nc,True,23412761056,,pending_final_archive_checksum,pending_repository_deposit
Gs_7XV3,topology,/MDdata/data04/jxhuang/gpcr_g/a/a_gs/7XV3/now.prmtop,True,26178863,,pending_final_archive_checksum,pending_repository_deposit
Gs_7XV3,protein_only_trajectory,/MDdata/data04/jxhuang/gpcr_g/a/a_gs/7XV3/prod2_now.nc,True,,,pending_final_archive_checksum,pending_repository_deposit
Gs_7XZ5,production_trajectory,/MDdata/data04/jxhuang/gpcr_g/a/a_gs/7XZ5/prod2_now.nc,True,22971041056,,pending_final_archive_checksum,pending_repository_deposit
Gs_7XZ5,topology,/MDdata/data04/jxhuang/gpcr_g/a/a_gs/7XZ5/now.prmtop,True,25673873,,pending_final_archive_checksum,pending_repository_deposit
Gs_7XZ5,protein_only_trajectory,/MDdata/data04/jxhuang/gpcr_g/a/a_gs/7XZ5/prod2_now.nc,True,,,pending_final_archive_checksum,pending_repository_deposit
Gs_7Y3G,production_trajectory,/MDdata/data04/jxhuang/gpcr_g/a/a_gs/7Y3G/prod2_now.nc,True,23140601056,,pending_final_archive_checksum,pending_repository_deposit
Gs_7Y3G,topology,/MDdata/data04/jxhuang/gpcr_g/a/a_gs/7Y3G/now.prmtop,True,25823763,,pending_final_archive_checksum,pending_repository_deposit
Gs_7Y3G,protein_only_trajectory,/MDdata/data04/jxhuang/gpcr_g/a/a_gs/7Y3G/prod2_now.nc,True,,,pending_final_archive_checksum,pending_repository_deposit
Gs_8F76,production_trajectory,/MDdata/data04/jxhuang/gpcr_g/a/a_gs/8F76/prod2_now.nc,True,22638041056,,pending_final_archive_checksum,pending_repository_deposit
Gs_8F76,topology,/MDdata/data04/jxhuang/gpcr_g/a/a_gs/8F76/now.prmtop,True,25254639,,pending_final_archive_checksum,pending_repository_deposit
Gs_8F76,protein_only_trajectory,/MDdata/data04/jxhuang/gpcr_g/a/a_gs/8F76/prod2_now.nc,True,,,pending_final_archive_checksum,pending_repository_deposit
Gs_8GY7,production_trajectory,/MDdata/data04/jxhuang/gpcr_g/a/a_gs/8GY7/prod2_now.nc,True,23178041056,,pending_final_archive_checksum,pending_repository_deposit
Gs_8GY7,topology,/MDdata/data04/jxhuang/gpcr_g/a/a_gs/8GY7/now.prmtop,True,25839312,,pending_final_archive_checksum,pending_repository_deposit
Gs_8GY7,protein_only_trajectory,/MDdata/data04/jxhuang/gpcr_g/a/a_gs/8GY7/prod2_now.nc,True,,,pending_final_archive_checksum,pending_repository_deposit
Gs_8H4I,production_trajectory,/MDdata/data04/jxhuang/gpcr_g/a/a_gs/8H4I/prod2_now.nc,True,22421321056,,pending_final_archive_checksum,pending_repository_deposit
Gs_8H4I,topology,/MDdata/data04/jxhuang/gpcr_g/a/a_gs/8H4I/now.prmtop,True,25061912,,pending_final_archive_checksum,pending_repository_deposit
Gs_8H4I,protein_only_trajectory,/MDdata/data04/jxhuang/gpcr_g/a/a_gs/8H4I/prod2_now.nc,True,,,pending_final_archive_checksum,pending_repository_deposit
Gs_8HDP,production_trajectory,/MDdata/data04/jxhuang/gpcr_g/a/a_gs/8HDP/prod2_now.nc,True,22414121056,,pending_final_archive_checksum,pending_repository_deposit
Gs_8HDP,topology,/MDdata/data04/jxhuang/gpcr_g/a/a_gs/8HDP/now.prmtop,True,25109043,,pending_final_archive_checksum,pending_repository_deposit
Gs_8HDP,protein_only_trajectory,/MDdata/data04/jxhuang/gpcr_g/a/a_gs/8HDP/prod2_now.nc,True,,,pending_final_archive_checksum,pending_repository_deposit
Gs_8HJ1,production_trajectory,/MDdata/data04/jxhuang/gpcr_g/a/a_gs/8HJ1/prod2_now.nc,True,22920281056,,pending_final_archive_checksum,pending_repository_deposit
Gs_8HJ1,topology,/MDdata/data04/jxhuang/gpcr_g/a/a_gs/8HJ1/now.prmtop,True,25547581,,pending_final_archive_checksum,pending_repository_deposit
Gs_8HJ1,protein_only_trajectory,/MDdata/data04/jxhuang/gpcr_g/a/a_gs/8HJ1/prod2_now.nc,True,,,pending_final_archive_checksum,pending_repository_deposit
Gs_8HJ2,production_trajectory,/MDdata/data04/jxhuang/gpcr_g/a/a_gs/8HJ2/prod2_now.nc,True,22708961056,,pending_final_archive_checksum,pending_repository_deposit
Gs_8HJ2,topology,/MDdata/data04/jxhuang/gpcr_g/a/a_gs/8HJ2/now.prmtop,True,25329930,,pending_final_archive_checksum,pending_repository_deposit
Gs_8HJ2,protein_only_trajectory,/MDdata/data04/jxhuang/gpcr_g/a/a_gs/8HJ2/prod2_now.nc,True,,,pending_final_archive_checksum,pending_repository_deposit
Gs_8HNK,production_trajectory,/MDdata/data04/jxhuang/gpcr_g/a/a_gs/8HNK/prod2_now.nc,True,24696161056,,pending_final_archive_checksum,pending_repository_deposit
Gs_8HNK,topology,/MDdata/data04/jxhuang/gpcr_g/a/a_gs/8HNK/now.prmtop,True,27519333,,pending_final_archive_checksum,pending_repository_deposit
Gs_8HNK,protein_only_trajectory,/MDdata/data04/jxhuang/gpcr_g/a/a_gs/8HNK/prod2_now.nc,True,,,pending_final_archive_checksum,pending_repository_deposit
Gs_8HTI,production_trajectory,/MDdata/data04/jxhuang/gpcr_g/a/a_gs/8HTI/prod2_now.nc,True,22697081056,,pending_final_archive_checksum,pending_repository_deposit
Gs_8HTI,topology,/MDdata/data04/jxhuang/gpcr_g/a/a_gs/8HTI/now.prmtop,True,25371142,,pending_final_archive_checksum,pending_repository_deposit
Gs_8HTI,protein_only_trajectory,/MDdata/data04/jxhuang/gpcr_g/a/a_gs/8HTI/prod2_now.nc,True,,,pending_final_archive_checksum,pending_repository_deposit
Gs_8I2G,production_trajectory,/MDdata/data04/jxhuang/gpcr_g/a/a_gs/8I2G/prod2_now.nc,True,24241481056,,pending_final_archive_checksum,pending_repository_deposit
Gs_8I2G,topology,/MDdata/data04/jxhuang/gpcr_g/a/a_gs/8I2G/now.prmtop,True,27027870,,pending_final_archive_checksum,pending_repository_deposit
Gs_8I2G,protein_only_trajectory,/MDdata/data04/jxhuang/gpcr_g/a/a_gs/8I2G/prod2_now.nc,True,,,pending_final_archive_checksum,pending_repository_deposit
Gs_8INR,production_trajectory,/MDdata/data04/jxhuang/gpcr_g/a/a_gs/8INR/prod2_now.nc,True,23086241056,,pending_final_archive_checksum,pending_repository_deposit
Gs_8INR,topology,/MDdata/data04/jxhuang/gpcr_g/a/a_gs/8INR/now.prmtop,True,25752628,,pending_final_archive_checksum,pending_repository_deposit
Gs_8INR,protein_only_trajectory,/MDdata/data04/jxhuang/gpcr_g/a/a_gs/8INR/prod2_now.nc,True,,,pending_final_archive_checksum,pending_repository_deposit
Gs_8IOC,production_trajectory,/MDdata/data04/jxhuang/gpcr_g/a/a_gs/8IOC/prod2_now.nc,True,22167161056,,pending_final_archive_checksum,pending_repository_deposit
Gs_8IOC,topology,/MDdata/data04/jxhuang/gpcr_g/a/a_gs/8IOC/now.prmtop,True,24776559,,pending_final_archive_checksum,pending_repository_deposit
Gs_8IOC,protein_only_trajectory,/MDdata/data04/jxhuang/gpcr_g/a/a_gs/8IOC/prod2_now.nc,True,,,pending_final_archive_checksum,pending_repository_deposit
Gs_8IRV,production_trajectory,/MDdata/data04/jxhuang/gpcr_g/a/a_gs/8IRV/prod2_now.nc,True,23160401056,,pending_final_archive_checksum,pending_repository_deposit
Gs_8IRV,topology,/MDdata/data04/jxhuang/gpcr_g/a/a_gs/8IRV/now.prmtop,True,25850124,,pending_final_archive_checksum,pending_repository_deposit
Gs_8IRV,protein_only_trajectory,/MDdata/data04/jxhuang/gpcr_g/a/a_gs/8IRV/prod2_now.nc,True,,,pending_final_archive_checksum,pending_repository_deposit
Gs_8JPP,production_trajectory,/MDdata/data04/jxhuang/gpcr_g/a/a_gs/8JPP/prod2_now.nc,True,26240201056,,pending_final_archive_checksum,pending_repository_deposit
Gs_8JPP,topology,/MDdata/data04/jxhuang/gpcr_g/a/a_gs/8JPP/now.prmtop,True,29298246,,pending_final_archive_checksum,pending_repository_deposit
Gs_8JPP,protein_only_trajectory,/MDdata/data04/jxhuang/gpcr_g/a/a_gs/8JPP/prod2_now.nc,True,,,pending_final_archive_checksum,pending_repository_deposit
Gs_8KGK,production_trajectory,/MDdata/data04/jxhuang/gpcr_g/a/a_gs/8KGK/prod2_now.nc,True,23412761056,,pending_final_archive_checksum,pending_repository_deposit
Gs_8KGK,topology,/MDdata/data04/jxhuang/gpcr_g/a/a_gs/8KGK/now.prmtop,True,26101007,,pending_final_archive_checksum,pending_repository_deposit
Gs_8KGK,protein_only_trajectory,/MDdata/data04/jxhuang/gpcr_g/a/a_gs/8KGK/prod2_now.nc,True,,,pending_final_archive_checksum,pending_repository_deposit
Gs_8KH5,production_trajectory,/MDdata/data04/jxhuang/gpcr_g/a/a_gs/8KH5/prod2_now.nc,True,23311601056,,pending_final_archive_checksum,pending_repository_deposit
Gs_8KH5,topology,/MDdata/data04/jxhuang/gpcr_g/a/a_gs/8KH5/now.prmtop,True,26075941,,pending_final_archive_checksum,pending_repository_deposit
Gs_8KH5,protein_only_trajectory,/MDdata/data04/jxhuang/gpcr_g/a/a_gs/8KH5/prod2_now.nc,True,,,pending_final_archive_checksum,pending_repository_deposit
Gs_8SMV,production_trajectory,/MDdata/data04/jxhuang/gpcr_g/a/a_gs/8SMV/prod2_now.nc,True,26042561056,,pending_final_archive_checksum,pending_repository_deposit
Gs_8SMV,topology,/MDdata/data04/jxhuang/gpcr_g/a/a_gs/8SMV/now.prmtop,True,29036874,,pending_final_archive_checksum,pending_repository_deposit
Gs_8SMV,protein_only_trajectory,/MDdata/data04/jxhuang/gpcr_g/a/a_gs/8SMV/prod2_now.nc,True,,,pending_final_archive_checksum,pending_repository_deposit
Gs_8U8F,production_trajectory,/MDdata/data04/jxhuang/gpcr_g/a/a_gs/8U8F/prod2_now.nc,True,23003441056,,pending_final_archive_checksum,pending_repository_deposit
Gs_8U8F,topology,/MDdata/data04/jxhuang/gpcr_g/a/a_gs/8U8F/now.prmtop,True,25675567,,pending_final_archive_checksum,pending_repository_deposit
Gs_8U8F,protein_only_trajectory,/MDdata/data04/jxhuang/gpcr_g/a/a_gs/8U8F/prod2_now.nc,True,,,pending_final_archive_checksum,pending_repository_deposit
Gs_8W87,production_trajectory,/MDdata/data04/jxhuang/gpcr_g/a/a_gs/8W87/prod2_now.nc,True,22457681056,,pending_final_archive_checksum,pending_repository_deposit
Gs_8W87,topology,/MDdata/data04/jxhuang/gpcr_g/a/a_gs/8W87/now.prmtop,True,25077688,,pending_final_archive_checksum,pending_repository_deposit
Gs_8W87,protein_only_trajectory,/MDdata/data04/jxhuang/gpcr_g/a/a_gs/8W87/prod2_now.nc,True,,,pending_final_archive_checksum,pending_repository_deposit
Gs_8W8Q,production_trajectory,/MDdata/data04/jxhuang/gpcr_g/a/a_gs/8W8Q/prod2_now.nc,True,51197921056,,pending_final_archive_checksum,pending_repository_deposit
Gs_8W8Q,topology,/MDdata/data04/jxhuang/gpcr_g/a/a_gs/8W8Q/now.prmtop,True,57239784,,pending_final_archive_checksum,pending_repository_deposit
Gs_8W8Q,protein_only_trajectory,/MDdata/data04/jxhuang/gpcr_g/a/a_gs/8W8Q/prod2_now.nc,True,,,pending_final_archive_checksum,pending_repository_deposit
Gs_8WJX,production_trajectory,/MDdata/data04/jxhuang/gpcr_g/a/a_gs/8WJX/prod2_now.nc,True,23143841056,,pending_final_archive_checksum,pending_repository_deposit
Gs_8WJX,topology,/MDdata/data04/jxhuang/gpcr_g/a/a_gs/8WJX/now.prmtop,True,25882287,,pending_final_archive_checksum,pending_repository_deposit
Gs_8WJX,protein_only_trajectory,/MDdata/data04/jxhuang/gpcr_g/a/a_gs/8WJX/prod2_now.nc,True,,,pending_final_archive_checksum,pending_repository_deposit
Gs_8X79,production_trajectory,/MDdata/data04/jxhuang/gpcr_g/a/a_gs/8X79/prod2_now.nc,True,23120081056,,pending_final_archive_checksum,pending_repository_deposit
Gs_8X79,topology,/MDdata/data04/jxhuang/gpcr_g/a/a_gs/8X79/now.prmtop,True,25831449,,pending_final_archive_checksum,pending_repository_deposit
Gs_8X79,protein_only_trajectory,/MDdata/data04/jxhuang/gpcr_g/a/a_gs/8X79/prod2_now.nc,True,,,pending_final_archive_checksum,pending_repository_deposit
Gs_8XVI,production_trajectory,/MDdata/data04/jxhuang/gpcr_g/a/a_gs/8XVI/prod2_now.nc,True,23346521056,,pending_final_archive_checksum,pending_repository_deposit
Gs_8XVI,topology,/MDdata/data04/jxhuang/gpcr_g/a/a_gs/8XVI/now.prmtop,True,26007695,,pending_final_archive_checksum,pending_repository_deposit
Gs_8XVI,protein_only_trajectory,/MDdata/data04/jxhuang/gpcr_g/a/a_gs/8XVI/prod2_now.nc,True,,,pending_final_archive_checksum,pending_repository_deposit
Gs_8YN2,production_trajectory,/MDdata/data04/jxhuang/gpcr_g/a/a_gs/8YN2/prod2_now.nc,True,28301561056,,pending_final_archive_checksum,pending_repository_deposit
Gs_8YN2,topology,/MDdata/data04/jxhuang/gpcr_g/a/a_gs/8YN2/now.prmtop,True,31629590,,pending_final_archive_checksum,pending_repository_deposit
Gs_8YN2,protein_only_trajectory,/MDdata/data04/jxhuang/gpcr_g/a/a_gs/8YN2/prod2_now.nc,True,,,pending_final_archive_checksum,pending_repository_deposit
Gs_8YUT,production_trajectory,/MDdata/data04/jxhuang/gpcr_g/a/a_gs/8YUT/prod2_now.nc,True,22716161056,,pending_final_archive_checksum,pending_repository_deposit
Gs_8YUT,topology,/MDdata/data04/jxhuang/gpcr_g/a/a_gs/8YUT/now.prmtop,True,25370488,,pending_final_archive_checksum,pending_repository_deposit
Gs_8YUT,protein_only_trajectory,/MDdata/data04/jxhuang/gpcr_g/a/a_gs/8YUT/prod2_now.nc,True,,,pending_final_archive_checksum,pending_repository_deposit
Gs_8YUV,production_trajectory,/MDdata/data04/jxhuang/gpcr_g/a/a_gs/8YUV/prod2_now.nc,True,24313481056,,pending_final_archive_checksum,pending_repository_deposit
Gs_8YUV,topology,/MDdata/data04/jxhuang/gpcr_g/a/a_gs/8YUV/now.prmtop,True,27151465,,pending_final_archive_checksum,pending_repository_deposit
Gs_8YUV,protein_only_trajectory,/MDdata/data04/jxhuang/gpcr_g/a/a_gs/8YUV/prod2_now.nc,True,,,pending_final_archive_checksum,pending_repository_deposit
Gs_9BLC,production_trajectory,/MDdata/data04/jxhuang/gpcr_g/a/a_gs/9BLC/prod2_now.nc,True,23726681056,,pending_final_archive_checksum,pending_repository_deposit
Gs_9BLC,topology,/MDdata/data04/jxhuang/gpcr_g/a/a_gs/9BLC/now.prmtop,True,26423278,,pending_final_archive_checksum,pending_repository_deposit
Gs_9BLC,protein_only_trajectory,/MDdata/data04/jxhuang/gpcr_g/a/a_gs/9BLC/prod2_now.nc,True,,,pending_final_archive_checksum,pending_repository_deposit
Gi_6LML,production_trajectory,/MDdata/data04/jxhuang/gpcr_g/b/b1_gi/6LML/traj1.nc,True,2113000828,,pending_final_archive_checksum,pending_repository_deposit
Gi_6LML,topology,/MDdata/data04/jxhuang/gpcr_g/b/b1_gi/6LML/now.prmtop,True,27725269,,pending_final_archive_checksum,pending_repository_deposit
Gi_6LML,protein_only_trajectory,/MDdata/data04/jxhuang/gpcr_g/b/b1_gi/6LML/traj1.nc//MDdata/data04/jxhuang/gpcr_g/b/b1_gi/6LML/traj2.nc//MDdata/data04/jxhuang/gpcr_g/b/b1_gi/6LML/traj3.nc,True,,,pending_final_archive_checksum,pending_repository_deposit
Gi_6LML,full_system_trajectory,/MDdata/data04/jxhuang/gpcr_g/b/b1_gi/6LML/prod2_now.nc//MDdata/data04/jxhuang/gpcr_g/b/b1_gi/6LML/prod3_now.nc//MDdata/data04/jxhuang/gpcr_g/b/b1_gi/6LML/prod_now.nc,not_checked_in_metadata,,,pending_final_archive_checksum,pending_repository_deposit
Gi_7TS0,production_trajectory,/MDdata/data04/jxhuang/gpcr_g/b/b1_gi/7TS0/traj1.nc,True,2250160828,,pending_final_archive_checksum,pending_repository_deposit
Gi_7TS0,topology,/MDdata/data04/jxhuang/gpcr_g/b/b1_gi/7TS0/now.prmtop,True,30189319,,pending_final_archive_checksum,pending_repository_deposit
Gi_7TS0,protein_only_trajectory,/MDdata/data04/jxhuang/gpcr_g/b/b1_gi/7TS0/traj1.nc//MDdata/data04/jxhuang/gpcr_g/b/b1_gi/7TS0/traj2.nc//MDdata/data04/jxhuang/gpcr_g/b/b1_gi/7TS0/traj3.nc,True,,,pending_final_archive_checksum,pending_repository_deposit
Gi_7TS0,full_system_trajectory,/MDdata/data04/jxhuang/gpcr_g/b/b1_gi/7TS0/prod2_now.nc//MDdata/data04/jxhuang/gpcr_g/b/b1_gi/7TS0/prod3_now.nc//MDdata/data04/jxhuang/gpcr_g/b/b1_gi/7TS0/prod_now.nc,not_checked_in_metadata,,,pending_final_archive_checksum,pending_repository_deposit
Gq_7TRY,production_trajectory,/MDdata/data04/jxhuang/gpcr_g/b/b1_gq/7TRY/traj1.nc,True,2173720828,,pending_final_archive_checksum,pending_repository_deposit
Gq_7TRY,topology,/MDdata/data04/jxhuang/gpcr_g/b/b1_gq/7TRY/now.prmtop,True,28086054,,pending_final_archive_checksum,pending_repository_deposit
Gq_7TRY,protein_only_trajectory,/MDdata/data04/jxhuang/gpcr_g/b/b1_gq/7TRY/traj1.nc//MDdata/data04/jxhuang/gpcr_g/b/b1_gq/7TRY/traj2.nc//MDdata/data04/jxhuang/gpcr_g/b/b1_gq/7TRY/traj3.nc,True,,,pending_final_archive_checksum,pending_repository_deposit
Gq_7TRY,full_system_trajectory,/MDdata/data04/jxhuang/gpcr_g/b/b1_gq/7TRY/prod2_now.nc//MDdata/data04/jxhuang/gpcr_g/b/b1_gq/7TRY/prod3_now.nc//MDdata/data04/jxhuang/gpcr_g/b/b1_gq/7TRY/prod_now.nc,not_checked_in_metadata,,,pending_final_archive_checksum,pending_repository_deposit
Gs_6NBI,production_trajectory,/MDdata/data04/jxhuang/gpcr_g/b/b1_gs/6NBI/traj1.nc,True,2407600828,,pending_final_archive_checksum,pending_repository_deposit
Gs_6NBI,topology,/MDdata/data04/jxhuang/gpcr_g/b/b1_gs/6NBI/now.prmtop,True,26810490,,pending_final_archive_checksum,pending_repository_deposit
Gs_6NBI,protein_only_trajectory,/MDdata/data04/jxhuang/gpcr_g/b/b1_gs/6NBI/traj1.nc//MDdata/data04/jxhuang/gpcr_g/b/b1_gs/6NBI/traj2.nc//MDdata/data04/jxhuang/gpcr_g/b/b1_gs/6NBI/traj3.nc,True,,,pending_final_archive_checksum,pending_repository_deposit
Gs_6NBI,full_system_trajectory,/MDdata/data04/jxhuang/gpcr_g/b/b1_gs/6NBI/prod2_now.nc//MDdata/data04/jxhuang/gpcr_g/b/b1_gs/6NBI/prod3_now.nc//MDdata/data04/jxhuang/gpcr_g/b/b1_gs/6NBI/prod_now.nc,not_checked_in_metadata,,,pending_final_archive_checksum,pending_repository_deposit
Gs_6PB0,production_trajectory,/MDdata/data04/jxhuang/gpcr_g/b/b1_gs/6PB0/traj1.nc,True,2262760828,,pending_final_archive_checksum,pending_repository_deposit
Gs_6PB0,topology,/MDdata/data04/jxhuang/gpcr_g/b/b1_gs/6PB0/now.prmtop,True,26353898,,pending_final_archive_checksum,pending_repository_deposit
Gs_6PB0,protein_only_trajectory,/MDdata/data04/jxhuang/gpcr_g/b/b1_gs/6PB0/traj1.nc//MDdata/data04/jxhuang/gpcr_g/b/b1_gs/6PB0/traj2.nc//MDdata/data04/jxhuang/gpcr_g/b/b1_gs/6PB0/traj3.nc,True,,,pending_final_archive_checksum,pending_repository_deposit
Gs_6PB0,full_system_trajectory,/MDdata/data04/jxhuang/gpcr_g/b/b1_gs/6PB0/prod2_now.nc//MDdata/data04/jxhuang/gpcr_g/b/b1_gs/6PB0/prod3_now.nc//MDdata/data04/jxhuang/gpcr_g/b/b1_gs/6PB0/prod_now.nc,not_checked_in_metadata,,,pending_final_archive_checksum,pending_repository_deposit
Gs_6PB1,production_trajectory,/MDdata/data04/jxhuang/gpcr_g/b/b1_gs/6PB1/traj1.nc,True,2250040828,,pending_final_archive_checksum,pending_repository_deposit
Gs_6PB1,topology,/MDdata/data04/jxhuang/gpcr_g/b/b1_gs/6PB1/now.prmtop,True,26432802,,pending_final_archive_checksum,pending_repository_deposit
Gs_6PB1,protein_only_trajectory,/MDdata/data04/jxhuang/gpcr_g/b/b1_gs/6PB1/traj1.nc//MDdata/data04/jxhuang/gpcr_g/b/b1_gs/6PB1/traj2.nc//MDdata/data04/jxhuang/gpcr_g/b/b1_gs/6PB1/traj3.nc,True,,,pending_final_archive_checksum,pending_repository_deposit
Gs_6PB1,full_system_trajectory,/MDdata/data04/jxhuang/gpcr_g/b/b1_gs/6PB1/prod2_now.nc//MDdata/data04/jxhuang/gpcr_g/b/b1_gs/6PB1/prod3_now.nc//MDdata/data04/jxhuang/gpcr_g/b/b1_gs/6PB1/prod_now.nc,not_checked_in_metadata,,,pending_final_archive_checksum,pending_repository_deposit
Gs_6UVA,production_trajectory,/MDdata/data04/jxhuang/gpcr_g/b/b1_gs/6UVA/traj1.nc,True,2485840828,,pending_final_archive_checksum,pending_repository_deposit
Gs_6UVA,topology,/MDdata/data04/jxhuang/gpcr_g/b/b1_gs/6UVA/now.prmtop,True,28545395,,pending_final_archive_checksum,pending_repository_deposit
Gs_6UVA,protein_only_trajectory,/MDdata/data04/jxhuang/gpcr_g/b/b1_gs/6UVA/traj1.nc//MDdata/data04/jxhuang/gpcr_g/b/b1_gs/6UVA/traj2.nc//MDdata/data04/jxhuang/gpcr_g/b/b1_gs/6UVA/traj3.nc,True,,,pending_final_archive_checksum,pending_repository_deposit
Gs_6UVA,full_system_trajectory,/MDdata/data04/jxhuang/gpcr_g/b/b1_gs/6UVA/prod2_now.nc//MDdata/data04/jxhuang/gpcr_g/b/b1_gs/6UVA/prod3_now.nc//MDdata/data04/jxhuang/gpcr_g/b/b1_gs/6UVA/prod_now.nc,not_checked_in_metadata,,,pending_final_archive_checksum,pending_repository_deposit
Gs_6WZG,production_trajectory,/MDdata/data04/jxhuang/gpcr_g/b/b1_gs/6WZG/traj1.nc,True,2253760828,,pending_final_archive_checksum,pending_repository_deposit
Gs_6WZG,topology,/MDdata/data04/jxhuang/gpcr_g/b/b1_gs/6WZG/now.prmtop,True,26489879,,pending_final_archive_checksum,pending_repository_deposit
Gs_6WZG,protein_only_trajectory,/MDdata/data04/jxhuang/gpcr_g/b/b1_gs/6WZG/traj1.nc//MDdata/data04/jxhuang/gpcr_g/b/b1_gs/6WZG/traj2.nc//MDdata/data04/jxhuang/gpcr_g/b/b1_gs/6WZG/traj3.nc,True,,,pending_final_archive_checksum,pending_repository_deposit
Gs_6WZG,full_system_trajectory,/MDdata/data04/jxhuang/gpcr_g/b/b1_gs/6WZG/prod2_now.nc//MDdata/data04/jxhuang/gpcr_g/b/b1_gs/6WZG/prod3_now.nc//MDdata/data04/jxhuang/gpcr_g/b/b1_gs/6WZG/prod_now.nc,not_checked_in_metadata,,,pending_final_archive_checksum,pending_repository_deposit
Gs_7D68,production_trajectory,/MDdata/data04/jxhuang/gpcr_g/b/b1_gs/7D68/traj1.nc,True,2313400828,,pending_final_archive_checksum,pending_repository_deposit
Gs_7D68,topology,/MDdata/data04/jxhuang/gpcr_g/b/b1_gs/7D68/now.prmtop,True,26740060,,pending_final_archive_checksum,pending_repository_deposit
Gs_7D68,protein_only_trajectory,/MDdata/data04/jxhuang/gpcr_g/b/b1_gs/7D68/traj1.nc//MDdata/data04/jxhuang/gpcr_g/b/b1_gs/7D68/traj2.nc//MDdata/data04/jxhuang/gpcr_g/b/b1_gs/7D68/traj3.nc,True,,,pending_final_archive_checksum,pending_repository_deposit
Gs_7D68,full_system_trajectory,/MDdata/data04/jxhuang/gpcr_g/b/b1_gs/7D68/prod2_now.nc//MDdata/data04/jxhuang/gpcr_g/b/b1_gs/7D68/prod3_now.nc//MDdata/data04/jxhuang/gpcr_g/b/b1_gs/7D68/prod_now.nc,not_checked_in_metadata,,,pending_final_archive_checksum,pending_repository_deposit
Gs_7DUQ,production_trajectory,/MDdata/data04/jxhuang/gpcr_g/b/b1_gs/7DUQ/traj1.nc,True,2302000828,,pending_final_archive_checksum,pending_repository_deposit
Gs_7DUQ,topology,/MDdata/data04/jxhuang/gpcr_g/b/b1_gs/7DUQ/now.prmtop,True,26696819,,pending_final_archive_checksum,pending_repository_deposit
Gs_7DUQ,protein_only_trajectory,/MDdata/data04/jxhuang/gpcr_g/b/b1_gs/7DUQ/traj1.nc//MDdata/data04/jxhuang/gpcr_g/b/b1_gs/7DUQ/traj2.nc//MDdata/data04/jxhuang/gpcr_g/b/b1_gs/7DUQ/traj3.nc,True,,,pending_final_archive_checksum,pending_repository_deposit
Gs_7DUQ,full_system_trajectory,/MDdata/data04/jxhuang/gpcr_g/b/b1_gs/7DUQ/prod2_now.nc//MDdata/data04/jxhuang/gpcr_g/b/b1_gs/7DUQ/prod3_now.nc//MDdata/data04/jxhuang/gpcr_g/b/b1_gs/7DUQ/prod_now.nc,not_checked_in_metadata,,,pending_final_archive_checksum,pending_repository_deposit
Gs_7F16,production_trajectory,/MDdata/data04/jxhuang/gpcr_g/b/b1_gs/7F16/traj1.nc,True,2321920828,,pending_final_archive_checksum,pending_repository_deposit
Gs_7F16,topology,/MDdata/data04/jxhuang/gpcr_g/b/b1_gs/7F16/now.prmtop,True,26485495,,pending_final_archive_checksum,pending_repository_deposit
Gs_7F16,protein_only_trajectory,/MDdata/data04/jxhuang/gpcr_g/b/b1_gs/7F16/traj1.nc//MDdata/data04/jxhuang/gpcr_g/b/b1_gs/7F16/traj2.nc//MDdata/data04/jxhuang/gpcr_g/b/b1_gs/7F16/traj3.nc,True,,,pending_final_archive_checksum,pending_repository_deposit
Gs_7F16,full_system_trajectory,/MDdata/data04/jxhuang/gpcr_g/b/b1_gs/7F16/prod2_now.nc//MDdata/data04/jxhuang/gpcr_g/b/b1_gs/7F16/prod3_now.nc//MDdata/data04/jxhuang/gpcr_g/b/b1_gs/7F16/prod_now.nc,not_checked_in_metadata,,,pending_final_archive_checksum,pending_repository_deposit
Gs_7FIN,production_trajectory,/MDdata/data04/jxhuang/gpcr_g/b/b1_gs/7FIN/traj1.nc,True,2290360828,,pending_final_archive_checksum,pending_repository_deposit
Gs_7FIN,topology,/MDdata/data04/jxhuang/gpcr_g/b/b1_gs/7FIN/now.prmtop,True,26325919,,pending_final_archive_checksum,pending_repository_deposit
Gs_7FIN,protein_only_trajectory,/MDdata/data04/jxhuang/gpcr_g/b/b1_gs/7FIN/traj1.nc//MDdata/data04/jxhuang/gpcr_g/b/b1_gs/7FIN/traj2.nc//MDdata/data04/jxhuang/gpcr_g/b/b1_gs/7FIN/traj3.nc,True,,,pending_final_archive_checksum,pending_repository_deposit
Gs_7FIN,full_system_trajectory,/MDdata/data04/jxhuang/gpcr_g/b/b1_gs/7FIN/prod2_now.nc//MDdata/data04/jxhuang/gpcr_g/b/b1_gs/7FIN/prod3_now.nc//MDdata/data04/jxhuang/gpcr_g/b/b1_gs/7FIN/prod_now.nc,not_checked_in_metadata,,,pending_final_archive_checksum,pending_repository_deposit
Gs_7V9M,production_trajectory,/MDdata/data04/jxhuang/gpcr_g/b/b1_gs/7V9M/traj1.nc,True,2035240828,,pending_final_archive_checksum,pending_repository_deposit
Gs_7V9M,topology,/MDdata/data04/jxhuang/gpcr_g/b/b1_gs/7V9M/now.prmtop,True,25897041,,pending_final_archive_checksum,pending_repository_deposit
Gs_7V9M,protein_only_trajectory,/MDdata/data04/jxhuang/gpcr_g/b/b1_gs/7V9M/traj1.nc//MDdata/data04/jxhuang/gpcr_g/b/b1_gs/7V9M/traj2.nc//MDdata/data04/jxhuang/gpcr_g/b/b1_gs/7V9M/traj3.nc,True,,,pending_final_archive_checksum,pending_repository_deposit
Gs_7V9M,full_system_trajectory,/MDdata/data04/jxhuang/gpcr_g/b/b1_gs/7V9M/prod2_now.nc//MDdata/data04/jxhuang/gpcr_g/b/b1_gs/7V9M/prod3_now.nc//MDdata/data04/jxhuang/gpcr_g/b/b1_gs/7V9M/prod_now.nc,not_checked_in_metadata,,,pending_final_archive_checksum,pending_repository_deposit
Gs_7WBJ,production_trajectory,/MDdata/data04/jxhuang/gpcr_g/b/b1_gs/7WBJ/traj1.nc,True,2236120828,,pending_final_archive_checksum,pending_repository_deposit
Gs_7WBJ,topology,/MDdata/data04/jxhuang/gpcr_g/b/b1_gs/7WBJ/now.prmtop,True,26326521,,pending_final_archive_checksum,pending_repository_deposit
Gs_7WBJ,protein_only_trajectory,/MDdata/data04/jxhuang/gpcr_g/b/b1_gs/7WBJ/traj1.nc//MDdata/data04/jxhuang/gpcr_g/b/b1_gs/7WBJ/traj2.nc//MDdata/data04/jxhuang/gpcr_g/b/b1_gs/7WBJ/traj3.nc,True,,,pending_final_archive_checksum,pending_repository_deposit
Gs_7WBJ,full_system_trajectory,/MDdata/data04/jxhuang/gpcr_g/b/b1_gs/7WBJ/prod2_now.nc//MDdata/data04/jxhuang/gpcr_g/b/b1_gs/7WBJ/prod3_now.nc//MDdata/data04/jxhuang/gpcr_g/b/b1_gs/7WBJ/prod_now.nc,not_checked_in_metadata,,,pending_final_archive_checksum,pending_repository_deposit
Gs_8E3X,production_trajectory,/MDdata/data04/jxhuang/gpcr_g/b/b1_gs/8E3X/traj1.nc,True,2277280828,,pending_final_archive_checksum,pending_repository_deposit
Gs_8E3X,topology,/MDdata/data04/jxhuang/gpcr_g/b/b1_gs/8E3X/now.prmtop,True,26400778,,pending_final_archive_checksum,pending_repository_deposit
Gs_8E3X,protein_only_trajectory,/MDdata/data04/jxhuang/gpcr_g/b/b1_gs/8E3X/traj1.nc//MDdata/data04/jxhuang/gpcr_g/b/b1_gs/8E3X/traj2.nc//MDdata/data04/jxhuang/gpcr_g/b/b1_gs/8E3X/traj3.nc,True,,,pending_final_archive_checksum,pending_repository_deposit
Gs_8E3X,full_system_trajectory,/MDdata/data04/jxhuang/gpcr_g/b/b1_gs/8E3X/prod2_now.nc//MDdata/data04/jxhuang/gpcr_g/b/b1_gs/8E3X/prod3_now.nc//MDdata/data04/jxhuang/gpcr_g/b/b1_gs/8E3X/prod_now.nc,not_checked_in_metadata,,,pending_final_archive_checksum,pending_repository_deposit
Gs_8E3Y,production_trajectory,/MDdata/data04/jxhuang/gpcr_g/b/b1_gs/8E3Y/traj1.nc,True,2239240828,,pending_final_archive_checksum,pending_repository_deposit
Gs_8E3Y,topology,/MDdata/data04/jxhuang/gpcr_g/b/b1_gs/8E3Y/now.prmtop,True,26343498,,pending_final_archive_checksum,pending_repository_deposit
Gs_8E3Y,protein_only_trajectory,/MDdata/data04/jxhuang/gpcr_g/b/b1_gs/8E3Y/traj1.nc//MDdata/data04/jxhuang/gpcr_g/b/b1_gs/8E3Y/traj2.nc//MDdata/data04/jxhuang/gpcr_g/b/b1_gs/8E3Y/traj3.nc,True,,,pending_final_archive_checksum,pending_repository_deposit
Gs_8E3Y,full_system_trajectory,/MDdata/data04/jxhuang/gpcr_g/b/b1_gs/8E3Y/prod2_now.nc//MDdata/data04/jxhuang/gpcr_g/b/b1_gs/8E3Y/prod3_now.nc//MDdata/data04/jxhuang/gpcr_g/b/b1_gs/8E3Y/prod_now.nc,not_checked_in_metadata,,,pending_final_archive_checksum,pending_repository_deposit
Gs_8F0J,production_trajectory,/MDdata/data04/jxhuang/gpcr_g/b/b1_gs/8F0J/traj1.nc,True,2269360828,,pending_final_archive_checksum,pending_repository_deposit
Gs_8F0J,topology,/MDdata/data04/jxhuang/gpcr_g/b/b1_gs/8F0J/now.prmtop,True,26491182,,pending_final_archive_checksum,pending_repository_deposit
Gs_8F0J,protein_only_trajectory,/MDdata/data04/jxhuang/gpcr_g/b/b1_gs/8F0J/traj1.nc//MDdata/data04/jxhuang/gpcr_g/b/b1_gs/8F0J/traj2.nc//MDdata/data04/jxhuang/gpcr_g/b/b1_gs/8F0J/traj3.nc,True,,,pending_final_archive_checksum,pending_repository_deposit
Gs_8F0J,full_system_trajectory,/MDdata/data04/jxhuang/gpcr_g/b/b1_gs/8F0J/prod2_now.nc//MDdata/data04/jxhuang/gpcr_g/b/b1_gs/8F0J/prod3_now.nc//MDdata/data04/jxhuang/gpcr_g/b/b1_gs/8F0J/prod_now.nc,not_checked_in_metadata,,,pending_final_archive_checksum,pending_repository_deposit
Gs_8FU6,production_trajectory,/MDdata/data04/jxhuang/gpcr_g/b/b1_gs/8FU6/traj1.nc,True,2309560828,,pending_final_archive_checksum,pending_repository_deposit
Gs_8FU6,topology,/MDdata/data04/jxhuang/gpcr_g/b/b1_gs/8FU6/now.prmtop,True,26558366,,pending_final_archive_checksum,pending_repository_deposit
Gs_8FU6,protein_only_trajectory,/MDdata/data04/jxhuang/gpcr_g/b/b1_gs/8FU6/traj1.nc//MDdata/data04/jxhuang/gpcr_g/b/b1_gs/8FU6/traj2.nc//MDdata/data04/jxhuang/gpcr_g/b/b1_gs/8FU6/traj3.nc,True,,,pending_final_archive_checksum,pending_repository_deposit
Gs_8FU6,full_system_trajectory,/MDdata/data04/jxhuang/gpcr_g/b/b1_gs/8FU6/prod2_now.nc//MDdata/data04/jxhuang/gpcr_g/b/b1_gs/8FU6/prod3_now.nc//MDdata/data04/jxhuang/gpcr_g/b/b1_gs/8FU6/prod_now.nc,not_checked_in_metadata,,,pending_final_archive_checksum,pending_repository_deposit
G12_7SF7,production_trajectory,/MDdata/data04/jxhuang/gpcr_g/b/b2_g12/7SF7/traj1.nc,True,1698280828,,pending_final_archive_checksum,pending_repository_deposit
G12_7SF7,topology,/MDdata/data04/jxhuang/gpcr_g/b/b2_g12/7SF7/now.prmtop,True,26517578,,pending_final_archive_checksum,pending_repository_deposit
G12_7SF7,protein_only_trajectory,/MDdata/data04/jxhuang/gpcr_g/b/b2_g12/7SF7/traj1.nc//MDdata/data04/jxhuang/gpcr_g/b/b2_g12/7SF7/traj2.nc//MDdata/data04/jxhuang/gpcr_g/b/b2_g12/7SF7/traj3.nc,True,,,pending_final_archive_checksum,pending_repository_deposit
G12_7SF7,full_system_trajectory,/MDdata/data04/jxhuang/gpcr_g/b/b2_g12/7SF7/prod2_now.nc//MDdata/data04/jxhuang/gpcr_g/b/b2_g12/7SF7/prod3_now.nc//MDdata/data04/jxhuang/gpcr_g/b/b2_g12/7SF7/prod_now.nc,not_checked_in_metadata,,,pending_final_archive_checksum,pending_repository_deposit
G12_7SF8,production_trajectory,/MDdata/data04/jxhuang/gpcr_g/b/b2_g12/7SF8/traj1.nc,True,1662880828,,pending_final_archive_checksum,pending_repository_deposit
G12_7SF8,topology,/MDdata/data04/jxhuang/gpcr_g/b/b2_g12/7SF8/now.prmtop,True,24711413,,pending_final_archive_checksum,pending_repository_deposit
G12_7SF8,protein_only_trajectory,/MDdata/data04/jxhuang/gpcr_g/b/b2_g12/7SF8/traj1.nc//MDdata/data04/jxhuang/gpcr_g/b/b2_g12/7SF8/traj2.nc//MDdata/data04/jxhuang/gpcr_g/b/b2_g12/7SF8/traj3.nc,True,,,pending_final_archive_checksum,pending_repository_deposit
G12_7SF8,full_system_trajectory,/MDdata/data04/jxhuang/gpcr_g/b/b2_g12/7SF8/prod2_now.nc//MDdata/data04/jxhuang/gpcr_g/b/b2_g12/7SF8/prod3_now.nc//MDdata/data04/jxhuang/gpcr_g/b/b2_g12/7SF8/prod_now.nc,not_checked_in_metadata,,,pending_final_archive_checksum,pending_repository_deposit
Gi_7D77,production_trajectory,/MDdata/data04/jxhuang/gpcr_g/b/b2_gi/7D77/traj1.nc,True,1904680828,,pending_final_archive_checksum,pending_repository_deposit
Gi_7D77,topology,/MDdata/data04/jxhuang/gpcr_g/b/b2_gi/7D77/now.prmtop,True,25642980,,pending_final_archive_checksum,pending_repository_deposit
Gi_7D77,protein_only_trajectory,/MDdata/data04/jxhuang/gpcr_g/b/b2_gi/7D77/traj1.nc//MDdata/data04/jxhuang/gpcr_g/b/b2_gi/7D77/traj2.nc//MDdata/data04/jxhuang/gpcr_g/b/b2_gi/7D77/traj3.nc,True,,,pending_final_archive_checksum,pending_repository_deposit
Gi_7D77,full_system_trajectory,/MDdata/data04/jxhuang/gpcr_g/b/b2_gi/7D77/prod2_now.nc//MDdata/data04/jxhuang/gpcr_g/b/b2_gi/7D77/prod3_now.nc//MDdata/data04/jxhuang/gpcr_g/b/b2_gi/7D77/prod_now.nc,not_checked_in_metadata,,,pending_final_archive_checksum,pending_repository_deposit
Gq_7YDM,production_trajectory,/MDdata/data04/jxhuang/gpcr_g/b/b2_gq/7YDM/traj1.nc,True,1727080828,,pending_final_archive_checksum,pending_repository_deposit
Gq_7YDM,topology,/MDdata/data04/jxhuang/gpcr_g/b/b2_gq/7YDM/now.prmtop,True,24808452,,pending_final_archive_checksum,pending_repository_deposit
Gq_7YDM,protein_only_trajectory,/MDdata/data04/jxhuang/gpcr_g/b/b2_gq/7YDM/traj1.nc//MDdata/data04/jxhuang/gpcr_g/b/b2_gq/7YDM/traj2.nc//MDdata/data04/jxhuang/gpcr_g/b/b2_gq/7YDM/traj3.nc,True,,,pending_final_archive_checksum,pending_repository_deposit
Gq_7YDM,full_system_trajectory,/MDdata/data04/jxhuang/gpcr_g/b/b2_gq/7YDM/prod2_now.nc//MDdata/data04/jxhuang/gpcr_g/b/b2_gq/7YDM/prod3_now.nc//MDdata/data04/jxhuang/gpcr_g/b/b2_gq/7YDM/prod_now.nc,not_checked_in_metadata,,,pending_final_archive_checksum,pending_repository_deposit
Gs_7EQ1,production_trajectory,/MDdata/data04/jxhuang/gpcr_g/b/b2_gs/7EQ1/traj1.nc,True,2043400828,,pending_final_archive_checksum,pending_repository_deposit
Gs_7EQ1,topology,/MDdata/data04/jxhuang/gpcr_g/b/b2_gs/7EQ1/now.prmtop,True,25366650,,pending_final_archive_checksum,pending_repository_deposit
Gs_7EQ1,protein_only_trajectory,/MDdata/data04/jxhuang/gpcr_g/b/b2_gs/7EQ1/traj1.nc//MDdata/data04/jxhuang/gpcr_g/b/b2_gs/7EQ1/traj2.nc//MDdata/data04/jxhuang/gpcr_g/b/b2_gs/7EQ1/traj3.nc,True,,,pending_final_archive_checksum,pending_repository_deposit
Gs_7EQ1,full_system_trajectory,/MDdata/data04/jxhuang/gpcr_g/b/b2_gs/7EQ1/prod2_now.nc//MDdata/data04/jxhuang/gpcr_g/b/b2_gs/7EQ1/prod3_now.nc//MDdata/data04/jxhuang/gpcr_g/b/b2_gs/7EQ1/prod_now.nc,not_checked_in_metadata,,,pending_final_archive_checksum,pending_repository_deposit
Gs_7WU2,production_trajectory,/MDdata/data04/jxhuang/gpcr_g/b/b2_gs/7WU2/traj1.nc,True,1959880828,,pending_final_archive_checksum,pending_repository_deposit
Gs_7WU2,topology,/MDdata/data04/jxhuang/gpcr_g/b/b2_gs/7WU2/now.prmtop,True,25645956,,pending_final_archive_checksum,pending_repository_deposit
Gs_7WU2,protein_only_trajectory,/MDdata/data04/jxhuang/gpcr_g/b/b2_gs/7WU2/traj1.nc//MDdata/data04/jxhuang/gpcr_g/b/b2_gs/7WU2/traj2.nc//MDdata/data04/jxhuang/gpcr_g/b/b2_gs/7WU2/traj3.nc,True,,,pending_final_archive_checksum,pending_repository_deposit
Gs_7WU2,full_system_trajectory,/MDdata/data04/jxhuang/gpcr_g/b/b2_gs/7WU2/prod2_now.nc//MDdata/data04/jxhuang/gpcr_g/b/b2_gs/7WU2/prod3_now.nc//MDdata/data04/jxhuang/gpcr_g/b/b2_gs/7WU2/prod_now.nc,not_checked_in_metadata,,,pending_final_archive_checksum,pending_repository_deposit
Gs_7WU3,production_trajectory,/MDdata/data04/jxhuang/gpcr_g/b/b2_gs/7WU3/traj1.nc,True,1995160828,,pending_final_archive_checksum,pending_repository_deposit
Gs_7WU3,topology,/MDdata/data04/jxhuang/gpcr_g/b/b2_gs/7WU3/now.prmtop,True,25663121,,pending_final_archive_checksum,pending_repository_deposit
Gs_7WU3,protein_only_trajectory,/MDdata/data04/jxhuang/gpcr_g/b/b2_gs/7WU3/traj1.nc//MDdata/data04/jxhuang/gpcr_g/b/b2_gs/7WU3/traj2.nc//MDdata/data04/jxhuang/gpcr_g/b/b2_gs/7WU3/traj3.nc,True,,,pending_final_archive_checksum,pending_repository_deposit
Gs_7WU3,full_system_trajectory,/MDdata/data04/jxhuang/gpcr_g/b/b2_gs/7WU3/prod2_now.nc//MDdata/data04/jxhuang/gpcr_g/b/b2_gs/7WU3/prod3_now.nc//MDdata/data04/jxhuang/gpcr_g/b/b2_gs/7WU3/prod_now.nc,not_checked_in_metadata,,,pending_final_archive_checksum,pending_repository_deposit
Gs_7WUJ,production_trajectory,/MDdata/data04/jxhuang/gpcr_g/b/b2_gs/7WUJ/traj1.nc,True,2011600828,,pending_final_archive_checksum,pending_repository_deposit
Gs_7WUJ,topology,/MDdata/data04/jxhuang/gpcr_g/b/b2_gs/7WUJ/now.prmtop,True,25316199,,pending_final_archive_checksum,pending_repository_deposit
Gs_7WUJ,protein_only_trajectory,/MDdata/data04/jxhuang/gpcr_g/b/b2_gs/7WUJ/traj1.nc//MDdata/data04/jxhuang/gpcr_g/b/b2_gs/7WUJ/traj2.nc//MDdata/data04/jxhuang/gpcr_g/b/b2_gs/7WUJ/traj3.nc,True,,,pending_final_archive_checksum,pending_repository_deposit
Gs_7WUJ,full_system_trajectory,/MDdata/data04/jxhuang/gpcr_g/b/b2_gs/7WUJ/prod2_now.nc//MDdata/data04/jxhuang/gpcr_g/b/b2_gs/7WUJ/prod3_now.nc//MDdata/data04/jxhuang/gpcr_g/b/b2_gs/7WUJ/prod_now.nc,not_checked_in_metadata,,,pending_final_archive_checksum,pending_repository_deposit
